pair_id,company_a_global_id,company_b_global_id,current_identity_state_a,current_identity_state_b,source_id,assisted_bucket
FZ-00001-315216-318033,e1dbd5df-9781-4bcd-8214-bd3ea6e2de2f,d3121b4e-5528-401a-bed6-ad80bc8ebeaf,NO_VERIFIABLE_IDENTITY,NO_VERIFIABLE_IDENTITY,Balady,UNSURE
FZ-00002-315216-566691,e1dbd5df-9781-4bcd-8214-bd3ea6e2de2f,,NO_VERIFIABLE_IDENTITY,,Balady,UNSURE
FZ-00003-315216-568213,e1dbd5df-9781-4bcd-8214-bd3ea6e2de2f,,NO_VERIFIABLE_IDENTITY,,Balady,UNSURE
FZ-00004-318033-566691,d3121b4e-5528-401a-bed6-ad80bc8ebeaf,,NO_VERIFIABLE_IDENTITY,,Balady,UNSURE
FZ-00005-318033-568213,d3121b4e-5528-401a-bed6-ad80bc8ebeaf,,NO_VERIFIABLE_IDENTITY,,Balady,UNSURE
FZ-00006-566691-568213,,,,,Portfolio Master v1 (existing draft),UNSURE
FZ-00007-320197-437618,ecd2ce3b-dfcf-4412-9e40-525c61884621,,NO_VERIFIABLE_IDENTITY,,Balady,UNSURE
FZ-00008-314347-317163,8f8bc1c7-bde5-4c07-8570-6bce2272bfe2,a6d99e7c-1a44-4bef-ba1c-4d6b7e1e74ac,NO_VERIFIABLE_IDENTITY,NO_VERIFIABLE_IDENTITY,Balady,UNSURE
FZ-00009-314347-566034,8f8bc1c7-bde5-4c07-8570-6bce2272bfe2,,NO_VERIFIABLE_IDENTITY,,Balady,UNSURE
FZ-00010-314347-566037,8f8bc1c7-bde5-4c07-8570-6bce2272bfe2,,NO_VERIFIABLE_IDENTITY,,Balady,UNSURE
FZ-00011-314347-568144,8f8bc1c7-bde5-4c07-8570-6bce2272bfe2,,NO_VERIFIABLE_IDENTITY,,Balady,UNSURE
FZ-00012-317163-566034,a6d99e7c-1a44-4bef-ba1c-4d6b7e1e74ac,,NO_VERIFIABLE_IDENTITY,,Balady,UNSURE
FZ-00013-317163-566037,a6d99e7c-1a44-4bef-ba1c-4d6b7e1e74ac,,NO_VERIFIABLE_IDENTITY,,Balady,UNSURE
FZ-00014-317163-568144,a6d99e7c-1a44-4bef-ba1c-4d6b7e1e74ac,,NO_VERIFIABLE_IDENTITY,,Balady,UNSURE
FZ-00015-566034-566037,,,,,Portfolio Master v1 (existing draft),UNSURE
FZ-00016-566034-568144,,,,,Portfolio Master v1 (existing draft),UNSURE
FZ-00017-566037-568144,,,,,Portfolio Master v1 (existing draft),UNSURE
FZ-00018-315409-318226,6b9ffe88-6ef5-4b95-b4ed-d0d8fbed6e67,ac6e790d-d9b4-4541-b0ff-307988e9e67b,NO_VERIFIABLE_IDENTITY,NO_VERIFIABLE_IDENTITY,Balady,UNSURE
FZ-00019-315409-566841,6b9ffe88-6ef5-4b95-b4ed-d0d8fbed6e67,,NO_VERIFIABLE_IDENTITY,,Balady,UNSURE
FZ-00020-318226-566841,ac6e790d-d9b4-4541-b0ff-307988e9e67b,,NO_VERIFIABLE_IDENTITY,,Balady,UNSURE
FZ-00021-314505-317321,e2480425-faf6-40f0-b4ef-de937494ab5e,f05a7be4-8ca0-4eff-9db0-004af3cd260d,NO_VERIFIABLE_IDENTITY,NO_VERIFIABLE_IDENTITY,Balady,UNSURE
FZ-00022-315273-318090,45fed8b6-58d4-4c3d-b2d5-b3797bb838e0,d3fedc42-bdba-46b2-ac09-ad9069e9fd38,REVIEW_REQUIRED,REVIEW_REQUIRED,Balady,UNSURE
FZ-00023-315273-566738,45fed8b6-58d4-4c3d-b2d5-b3797bb838e0,,REVIEW_REQUIRED,,Balady,UNSURE
FZ-00024-318090-566738,d3fedc42-bdba-46b2-ac09-ad9069e9fd38,,REVIEW_REQUIRED,,Balady,UNSURE
FZ-00025-315204-318021,dd7c7b41-fa7b-426f-82f7-68601f5445e0,28562bee-4f41-4d27-adef-f5561e17889d,REVIEW_REQUIRED,REVIEW_REQUIRED,Balady,UNSURE
FZ-00026-315204-566683,dd7c7b41-fa7b-426f-82f7-68601f5445e0,,REVIEW_REQUIRED,,Balady,UNSURE
FZ-00027-318021-566683,28562bee-4f41-4d27-adef-f5561e17889d,,REVIEW_REQUIRED,,Balady,UNSURE
FZ-00028-327164-329952,4bd357e7-544e-4932-9ea4-0ec87d8dc409,8aece8b2-7b5e-4d12-9063-86899f6126b8,REVIEW_REQUIRED,REVIEW_REQUIRED,Apollo Accounts,UNSURE
FZ-00029-322625-330319,418afed5-e0d6-4539-878f-0bd47129b7ce,f5af2d6e-3a55-47fe-973c-73ff00721a46,REVIEW_REQUIRED,REVIEW_REQUIRED,Apollo Accounts,UNSURE
FZ-00030-331577-331677,301a82e8-197d-4a65-b657-363d7ca7182f,4dc1ae39-89fd-428f-bd64-603ba1f3d179,REVIEW_REQUIRED,REVIEW_REQUIRED,Apollo Accounts,UNSURE
FZ-00031-325763-338617,d945731a-273d-4fb7-92d8-ca8c6f708fb6,ed60b958-e756-42c2-8b67-859fb7c524c7,REVIEW_REQUIRED,REVIEW_REQUIRED,Apollo Accounts,UNSURE
FZ-00032-338815-338819,4c02249c-e48e-4daf-ae6b-c4cbc7f76199,84b5c702-d438-4731-ba6d-75d2bc7148c1,REVIEW_REQUIRED,REVIEW_REQUIRED,Apollo Accounts,UNSURE
FZ-00033-331999-332082,5c4d7cbb-d55b-43ff-89bd-492f46d96f21,07843fd3-966d-4052-9fb6-768574bbb478,REVIEW_REQUIRED,REVIEW_REQUIRED,Apollo Accounts,UNSURE
FZ-00034-329930-337015,0c995113-1a8f-4ec0-802d-09b40cf78aa2,a64c0c3b-c560-41b7-81a9-a2b7a5181380,REVIEW_REQUIRED,REVIEW_REQUIRED,Apollo Accounts,UNSURE
FZ-00035-323605-326126,8f17389b-48b0-417d-a850-c535abd487f2,670d2b09-6231-410e-bf2f-60b87fa22d5b,REVIEW_REQUIRED,REVIEW_REQUIRED,Apollo Accounts,UNSURE
FZ-00036-328223-336938,dd599539-1613-49b6-906f-76a171fda674,61bcfd2d-8f31-4210-aa57-b2d44c5a2ef5,REVIEW_REQUIRED,REVIEW_REQUIRED,Apollo Accounts,UNSURE
FZ-00037-326697-331639,00d28c3d-bc55-4ced-afd6-c1047883f7c3,1e1111c8-9b00-4c0c-aeaa-6b7a99469282,REVIEW_REQUIRED,REVIEW_REQUIRED,Apollo Accounts,UNSURE
FZ-00038-332985-333380,22cc69ea-75fb-4579-a0a1-fdaa66896937,0a7e58a8-a7a3-47a3-bd17-3f32172b1940,REVIEW_REQUIRED,REVIEW_REQUIRED,Apollo Accounts,UNSURE
FZ-00039-325023-336026,25311955-fe32-47bf-b883-41bf2c90d4d9,103e39dc-c131-4041-b3c6-707f24b372fa,REVIEW_REQUIRED,REVIEW_REQUIRED,Apollo Accounts,UNSURE
FZ-00040-324646-325479,1d70b419-30ff-47f9-973c-927afd2051f6,43fee9be-1188-4c70-8b81-b26f84739714,REVIEW_REQUIRED,REVIEW_REQUIRED,Apollo Accounts,UNSURE
FZ-00041-324646-338752,1d70b419-30ff-47f9-973c-927afd2051f6,d37fbdbb-0334-4c15-b7f7-67f48f22c36a,REVIEW_REQUIRED,REVIEW_REQUIRED,Apollo Accounts,UNSURE
FZ-00042-325479-338752,43fee9be-1188-4c70-8b81-b26f84739714,d37fbdbb-0334-4c15-b7f7-67f48f22c36a,REVIEW_REQUIRED,REVIEW_REQUIRED,Apollo Accounts,UNSURE
FZ-00043-333918-338138,4ebd3845-6967-4074-8852-53867bea3aee,af0dd899-f65a-44ba-8031-40c134301ee4,REVIEW_REQUIRED,REVIEW_REQUIRED,Apollo Accounts,UNSURE
FZ-00044-333657-335735,bc65b087-9960-4b8b-9e0b-4b789eaa6e8f,81bf9895-6d58-4f72-8af5-e917ccf08b2c,REVIEW_REQUIRED,REVIEW_REQUIRED,Apollo Accounts,UNSURE
FZ-00045-338033-340053,4174e7f4-f79f-4cfe-888e-6646102b2a52,499a641e-d318-4bc2-8234-ee90d4eb76a9,REVIEW_REQUIRED,REVIEW_REQUIRED,Apollo Accounts,UNSURE
FZ-00046-340053-340065,499a641e-d318-4bc2-8234-ee90d4eb76a9,2bb53917-309a-4c6e-9373-b7f4717832ac,REVIEW_REQUIRED,REVIEW_REQUIRED,Apollo Accounts,UNSURE
FZ-00047-116217-449631,4b5cc7ba-b7b9-4ea6-9f5c-4d192210c628,,REVIEW_REQUIRED,,Saudi Companies Directory,UNSURE
FZ-00048-55511-393580,251c0e00-963f-4e37-ac69-f1867d04df69,,REVIEW_REQUIRED,,Saudi Companies Directory,UNSURE
FZ-00049-137835-469797,b7e30363-c9ac-4223-b165-d8f80b787114,,REVIEW_REQUIRED,,Saudi Companies Directory,UNSURE
FZ-00050-17735-357492,ae5d9d7d-cd7c-43a4-97a5-0e69015bd4bb,,REVIEW_REQUIRED,,Saudi Companies Directory,UNSURE
FZ-00051-63497-401115,f5c701ec-1587-494f-a285-a052a185cc66,,REVIEW_REQUIRED,,Saudi Companies Directory,UNSURE
FZ-00052-145355-476560,c12d7446-820b-4802-889b-0d664e6d1019,,REVIEW_REQUIRED,,Saudi Companies Directory,UNSURE
FZ-00053-135535-467604,bde9e9ba-a7b4-4eaa-b23a-e256b7aba0a3,,REVIEW_REQUIRED,,Saudi Companies Directory,UNSURE
FZ-00054-69282-406562,438db78f-6a65-4e35-a9c9-41995715c915,,REVIEW_REQUIRED,,Saudi Companies Directory,UNSURE
FZ-00055-136442-468469,9090de59-6aa0-4ab7-9111-4ada5a26ee7f,,REVIEW_REQUIRED,,Saudi Companies Directory,UNSURE
FZ-00056-31822-166500,f0249306-e858-4d3d-b256-36ec3c305075,cec4317f-f555-4934-8a62-2b2fadccb110,NO_VERIFIABLE_IDENTITY,NO_VERIFIABLE_IDENTITY,Saudi Companies Directory,UNSURE
FZ-00057-31822-496595,f0249306-e858-4d3d-b256-36ec3c305075,,NO_VERIFIABLE_IDENTITY,,Saudi Companies Directory,UNSURE
FZ-00058-166500-496595,cec4317f-f555-4934-8a62-2b2fadccb110,,NO_VERIFIABLE_IDENTITY,,Saudi Companies Directory,UNSURE
FZ-00059-137763-469729,173e6d52-d652-4c97-9c27-0a0bfb21ed71,,REVIEW_REQUIRED,,Saudi Companies Directory,UNSURE
FZ-00060-152658-483532,3dbfde3e-f0fe-4536-954e-90ae3fd692e2,,REVIEW_REQUIRED,,Saudi Companies Directory,UNSURE
FZ-00061-52065-390228,4bbc2f27-ad25-48cb-ade2-6b26bea461af,,REVIEW_REQUIRED,,Saudi Companies Directory,UNSURE
FZ-00062-166310-168077,a2064fc3-3ff5-4d89-a078-18f472ed5406,9406f78e-ad9c-4590-a218-09da22b6e2a1,NO_VERIFIABLE_IDENTITY,NO_VERIFIABLE_IDENTITY,Saudi Companies Directory,UNSURE
FZ-00063-102197-436245,bc1df802-abda-4a61-9602-0600fa119e21,,REVIEW_REQUIRED,,Saudi Companies Directory,UNSURE
FZ-00064-192332-520493,f56e3904-c00b-45bb-89e9-741a119d8802,,REVIEW_REQUIRED,,Saudi Companies Directory,UNSURE
FZ-00065-18552-37208,635905bc-d02b-41f1-ae9d-31aa26497142,218d3f7c-639f-49c5-8587-0c5281e95e8d,NO_VERIFIABLE_IDENTITY,REVIEW_REQUIRED,Saudi Companies Directory,UNSURE
FZ-00066-18552-37209,635905bc-d02b-41f1-ae9d-31aa26497142,68d511c3-ca25-47bd-8eee-0a57cc1993b7,NO_VERIFIABLE_IDENTITY,NO_VERIFIABLE_IDENTITY,Saudi Companies Directory,UNSURE
FZ-00067-18552-37223,635905bc-d02b-41f1-ae9d-31aa26497142,9e3efd14-946e-4978-a37c-195e50a86e43,NO_VERIFIABLE_IDENTITY,NO_VERIFIABLE_IDENTITY,Saudi Companies Directory,UNSURE
FZ-00068-18552-37323,635905bc-d02b-41f1-ae9d-31aa26497142,9909cde8-dea9-4843-98aa-aec9aaa2fd69,NO_VERIFIABLE_IDENTITY,NO_VERIFIABLE_IDENTITY,Saudi Companies Directory,UNSURE
FZ-00069-18552-358283,635905bc-d02b-41f1-ae9d-31aa26497142,,NO_VERIFIABLE_IDENTITY,,Saudi Companies Directory,UNSURE
FZ-00070-18552-376121,635905bc-d02b-41f1-ae9d-31aa26497142,,NO_VERIFIABLE_IDENTITY,,Saudi Companies Directory,UNSURE
FZ-00071-18552-376135,635905bc-d02b-41f1-ae9d-31aa26497142,,NO_VERIFIABLE_IDENTITY,,Saudi Companies Directory,UNSURE
FZ-00072-18552-376233,635905bc-d02b-41f1-ae9d-31aa26497142,,NO_VERIFIABLE_IDENTITY,,Saudi Companies Directory,UNSURE
FZ-00073-37208-37209,218d3f7c-639f-49c5-8587-0c5281e95e8d,68d511c3-ca25-47bd-8eee-0a57cc1993b7,REVIEW_REQUIRED,NO_VERIFIABLE_IDENTITY,Saudi Companies Directory,UNSURE
FZ-00074-37208-37223,218d3f7c-639f-49c5-8587-0c5281e95e8d,9e3efd14-946e-4978-a37c-195e50a86e43,REVIEW_REQUIRED,NO_VERIFIABLE_IDENTITY,Saudi Companies Directory,UNSURE
FZ-00075-37208-37323,218d3f7c-639f-49c5-8587-0c5281e95e8d,9909cde8-dea9-4843-98aa-aec9aaa2fd69,REVIEW_REQUIRED,NO_VERIFIABLE_IDENTITY,Saudi Companies Directory,UNSURE
FZ-00076-37208-358283,218d3f7c-639f-49c5-8587-0c5281e95e8d,,REVIEW_REQUIRED,,Saudi Companies Directory,UNSURE
FZ-00077-37208-376121,218d3f7c-639f-49c5-8587-0c5281e95e8d,,REVIEW_REQUIRED,,Saudi Companies Directory,UNSURE
FZ-00078-37208-376135,218d3f7c-639f-49c5-8587-0c5281e95e8d,,REVIEW_REQUIRED,,Saudi Companies Directory,UNSURE
FZ-00079-37208-376233,218d3f7c-639f-49c5-8587-0c5281e95e8d,,REVIEW_REQUIRED,,Saudi Companies Directory,UNSURE
FZ-00080-37209-37223,68d511c3-ca25-47bd-8eee-0a57cc1993b7,9e3efd14-946e-4978-a37c-195e50a86e43,NO_VERIFIABLE_IDENTITY,NO_VERIFIABLE_IDENTITY,Saudi Companies Directory,UNSURE
FZ-00081-37209-37323,68d511c3-ca25-47bd-8eee-0a57cc1993b7,9909cde8-dea9-4843-98aa-aec9aaa2fd69,NO_VERIFIABLE_IDENTITY,NO_VERIFIABLE_IDENTITY,Saudi Companies Directory,UNSURE
FZ-00082-37209-358283,68d511c3-ca25-47bd-8eee-0a57cc1993b7,,NO_VERIFIABLE_IDENTITY,,Saudi Companies Directory,UNSURE
FZ-00083-37209-376121,68d511c3-ca25-47bd-8eee-0a57cc1993b7,,NO_VERIFIABLE_IDENTITY,,Saudi Companies Directory,UNSURE
FZ-00084-37209-376135,68d511c3-ca25-47bd-8eee-0a57cc1993b7,,NO_VERIFIABLE_IDENTITY,,Saudi Companies Directory,UNSURE
FZ-00085-37209-376233,68d511c3-ca25-47bd-8eee-0a57cc1993b7,,NO_VERIFIABLE_IDENTITY,,Saudi Companies Directory,UNSURE
FZ-00086-37222-37227,e124c544-bf94-4951-885a-409a607654fb,2229a2b2-3b2d-4ab4-9d5f-b47776639f4e,REVIEW_REQUIRED,REVIEW_REQUIRED,Saudi Companies Directory,UNSURE
FZ-00087-37222-162610,e124c544-bf94-4951-885a-409a607654fb,bfc1de6f-2fe3-4f36-b664-8dca26e39c4f,REVIEW_REQUIRED,NO_VERIFIABLE_IDENTITY,Saudi Companies Directory,UNSURE
FZ-00088-37222-376134,e124c544-bf94-4951-885a-409a607654fb,,REVIEW_REQUIRED,,Saudi Companies Directory,UNSURE
FZ-00089-37222-376139,e124c544-bf94-4951-885a-409a607654fb,,REVIEW_REQUIRED,,Saudi Companies Directory,UNSURE
FZ-00090-37222-492826,e124c544-bf94-4951-885a-409a607654fb,,REVIEW_REQUIRED,,Saudi Companies Directory,UNSURE
FZ-00091-37223-37323,9e3efd14-946e-4978-a37c-195e50a86e43,9909cde8-dea9-4843-98aa-aec9aaa2fd69,NO_VERIFIABLE_IDENTITY,NO_VERIFIABLE_IDENTITY,Saudi Companies Directory,UNSURE
FZ-00092-37223-358283,9e3efd14-946e-4978-a37c-195e50a86e43,,NO_VERIFIABLE_IDENTITY,,Saudi Companies Directory,UNSURE
FZ-00093-37223-376121,9e3efd14-946e-4978-a37c-195e50a86e43,,NO_VERIFIABLE_IDENTITY,,Saudi Companies Directory,UNSURE
FZ-00094-37223-376135,9e3efd14-946e-4978-a37c-195e50a86e43,,NO_VERIFIABLE_IDENTITY,,Saudi Companies Directory,UNSURE
FZ-00095-37223-376233,9e3efd14-946e-4978-a37c-195e50a86e43,,NO_VERIFIABLE_IDENTITY,,Saudi Companies Directory,UNSURE
FZ-00096-37227-162610,2229a2b2-3b2d-4ab4-9d5f-b47776639f4e,bfc1de6f-2fe3-4f36-b664-8dca26e39c4f,REVIEW_REQUIRED,NO_VERIFIABLE_IDENTITY,Saudi Companies Directory,UNSURE
FZ-00097-37227-376134,2229a2b2-3b2d-4ab4-9d5f-b47776639f4e,,REVIEW_REQUIRED,,Saudi Companies Directory,UNSURE
FZ-00098-37227-376139,2229a2b2-3b2d-4ab4-9d5f-b47776639f4e,,REVIEW_REQUIRED,,Saudi Companies Directory,UNSURE
FZ-00099-37227-492826,2229a2b2-3b2d-4ab4-9d5f-b47776639f4e,,REVIEW_REQUIRED,,Saudi Companies Directory,UNSURE
FZ-00100-37323-358283,9909cde8-dea9-4843-98aa-aec9aaa2fd69,,NO_VERIFIABLE_IDENTITY,,Saudi Companies Directory,UNSURE
FZ-00101-37323-376121,9909cde8-dea9-4843-98aa-aec9aaa2fd69,,NO_VERIFIABLE_IDENTITY,,Saudi Companies Directory,UNSURE
FZ-00102-37323-376135,9909cde8-dea9-4843-98aa-aec9aaa2fd69,,NO_VERIFIABLE_IDENTITY,,Saudi Companies Directory,UNSURE
FZ-00103-37323-376233,9909cde8-dea9-4843-98aa-aec9aaa2fd69,,NO_VERIFIABLE_IDENTITY,,Saudi Companies Directory,UNSURE
FZ-00104-162610-376134,bfc1de6f-2fe3-4f36-b664-8dca26e39c4f,,NO_VERIFIABLE_IDENTITY,,Saudi Companies Directory,UNSURE
FZ-00105-162610-376139,bfc1de6f-2fe3-4f36-b664-8dca26e39c4f,,NO_VERIFIABLE_IDENTITY,,Saudi Companies Directory,UNSURE
FZ-00106-162610-492826,bfc1de6f-2fe3-4f36-b664-8dca26e39c4f,,NO_VERIFIABLE_IDENTITY,,Saudi Companies Directory,UNSURE
FZ-00107-358283-376121,,,,,Portfolio Master v1 (existing draft),UNSURE
FZ-00108-358283-376135,,,,,Portfolio Master v1 (existing draft),UNSURE
FZ-00109-358283-376233,,,,,Portfolio Master v1 (existing draft),UNSURE
FZ-00110-376121-376135,,,,,Portfolio Master v1 (existing draft),UNSURE
FZ-00111-376121-376233,,,,,Portfolio Master v1 (existing draft),UNSURE
FZ-00112-376134-376139,,,,,Portfolio Master v1 (existing draft),UNSURE
FZ-00113-376134-492826,,,,,Portfolio Master v1 (existing draft),UNSURE
FZ-00114-376135-376233,,,,,Portfolio Master v1 (existing draft),UNSURE
FZ-00115-376139-492826,,,,,Portfolio Master v1 (existing draft),UNSURE
FZ-00116-312020-563253,b1934cd1-6fa7-48e3-9a98-ee4864327d77,,DETERMINISTIC_SINGLE_SOURCE,,NCNP,ESCALATE
FZ-00117-101138-219456,2ead6f8e-7aee-4ba3-8aa8-7812bc5750ef,5776c55f-484f-49a5-b27d-e010a776c675,NO_VERIFIABLE_IDENTITY,NO_VERIFIABLE_IDENTITY,Saudi Companies Directory,UNSURE
FZ-00118-101138-545684,2ead6f8e-7aee-4ba3-8aa8-7812bc5750ef,,NO_VERIFIABLE_IDENTITY,,Saudi Companies Directory,UNSURE
FZ-00119-219456-545684,5776c55f-484f-49a5-b27d-e010a776c675,,NO_VERIFIABLE_IDENTITY,,Saudi Companies Directory,UNSURE
FZ-00120-314207-565434,870a89ef-90a2-48c6-89a5-3507a3e0d9ef,,DETERMINISTIC_SINGLE_SOURCE,,NCNP,ESCALATE
FZ-00121-122150-155261,81fa10b2-1e59-48eb-ac57-69380b13f82f,d103bbe5-4281-47db-91b4-7b1562f67b8b,REVIEW_REQUIRED,NO_VERIFIABLE_IDENTITY,Saudi Companies Directory,UNSURE
FZ-00122-122150-486044,81fa10b2-1e59-48eb-ac57-69380b13f82f,,REVIEW_REQUIRED,,Saudi Companies Directory,UNSURE
FZ-00123-155261-486044,d103bbe5-4281-47db-91b4-7b1562f67b8b,,NO_VERIFIABLE_IDENTITY,,Saudi Companies Directory,UNSURE
FZ-00124-307919-559200,f93da142-e142-4d64-a035-420be1191832,,REVIEW_REQUIRED,,NCNP,UNSURE
FZ-00125-105674-140475,c850728b-04f5-4f19-b50f-ddfb980ec6e0,a47cc18c-7e05-4def-989e-85f400768292,REVIEW_REQUIRED,NO_VERIFIABLE_IDENTITY,Saudi Companies Directory,UNSURE
FZ-00126-105674-223953,c850728b-04f5-4f19-b50f-ddfb980ec6e0,f04d4c34-0559-49b7-aa71-0c02af75a87b,REVIEW_REQUIRED,REVIEW_REQUIRED,Saudi Companies Directory,UNSURE
FZ-00127-105674-439661,c850728b-04f5-4f19-b50f-ddfb980ec6e0,,REVIEW_REQUIRED,,Saudi Companies Directory,UNSURE
FZ-00128-140475-223953,a47cc18c-7e05-4def-989e-85f400768292,f04d4c34-0559-49b7-aa71-0c02af75a87b,NO_VERIFIABLE_IDENTITY,REVIEW_REQUIRED,Saudi Companies Directory,UNSURE
FZ-00129-140475-439661,a47cc18c-7e05-4def-989e-85f400768292,,NO_VERIFIABLE_IDENTITY,,Saudi Companies Directory,UNSURE
FZ-00130-223953-439661,f04d4c34-0559-49b7-aa71-0c02af75a87b,,REVIEW_REQUIRED,,Saudi Companies Directory,UNSURE
FZ-00131-134722-221151,65190cfd-eef9-4b69-848c-972844cc58cf,d093d522-2cb9-4ccf-b11d-c88808a9f053,NO_VERIFIABLE_IDENTITY,NO_VERIFIABLE_IDENTITY,Saudi Companies Directory,UNSURE
FZ-00132-134722-466922,65190cfd-eef9-4b69-848c-972844cc58cf,,NO_VERIFIABLE_IDENTITY,,Saudi Companies Directory,UNSURE
FZ-00133-134722-546609,65190cfd-eef9-4b69-848c-972844cc58cf,,NO_VERIFIABLE_IDENTITY,,Saudi Companies Directory,UNSURE
FZ-00134-221151-466922,d093d522-2cb9-4ccf-b11d-c88808a9f053,,NO_VERIFIABLE_IDENTITY,,Saudi Companies Directory,UNSURE
FZ-00135-221151-546609,d093d522-2cb9-4ccf-b11d-c88808a9f053,,NO_VERIFIABLE_IDENTITY,,Saudi Companies Directory,UNSURE
FZ-00136-466922-546609,,,,,Portfolio Master v1 (existing draft),UNSURE
FZ-00137-221957-224346,a28dfc16-6115-4590-8054-c2639c145105,028775a1-a2eb-4cd3-90ad-9eb56dee4f0f,NO_VERIFIABLE_IDENTITY,NO_VERIFIABLE_IDENTITY,Saudi Companies Directory,UNSURE
FZ-00138-38880-168488,678f9295-0668-401e-b873-01d964af66dc,2d1c2cc2-89eb-4be9-a531-8f6c6a9c2de3,NO_VERIFIABLE_IDENTITY,NO_VERIFIABLE_IDENTITY,Saudi Companies Directory,UNSURE
FZ-00139-38880-498509,678f9295-0668-401e-b873-01d964af66dc,,NO_VERIFIABLE_IDENTITY,,Saudi Companies Directory,UNSURE
FZ-00140-103399-200035,129183d3-038e-447b-9fc5-c75988c9c962,a0b4a983-e001-4630-9793-6085092161c7,REVIEW_REQUIRED,REVIEW_REQUIRED,Saudi Companies Directory,UNSURE
FZ-00141-103399-437434,129183d3-038e-447b-9fc5-c75988c9c962,,REVIEW_REQUIRED,,Saudi Companies Directory,UNSURE
FZ-00142-168488-498509,2d1c2cc2-89eb-4be9-a531-8f6c6a9c2de3,,NO_VERIFIABLE_IDENTITY,,Saudi Companies Directory,UNSURE
FZ-00143-200035-437434,a0b4a983-e001-4630-9793-6085092161c7,,REVIEW_REQUIRED,,Saudi Companies Directory,UNSURE
FZ-00144-12931-185859,deb5ed8e-458f-4fe0-98f4-c14fd7b8994e,8fd20767-1318-40f9-b10d-52d9786bd519,REVIEW_REQUIRED,NO_VERIFIABLE_IDENTITY,Saudi Companies Directory,UNSURE
FZ-00145-12931-352836,deb5ed8e-458f-4fe0-98f4-c14fd7b8994e,,REVIEW_REQUIRED,,Saudi Companies Directory,UNSURE
FZ-00146-12931-514848,deb5ed8e-458f-4fe0-98f4-c14fd7b8994e,,REVIEW_REQUIRED,,Saudi Companies Directory,UNSURE
FZ-00147-173987-174509,6efb9918-4840-4c64-aacc-e55d760a4d27,0e976ac4-242e-44b2-a889-1ab249787890,NO_VERIFIABLE_IDENTITY,NO_VERIFIABLE_IDENTITY,Saudi Companies Directory,UNSURE
FZ-00148-185859-352836,8fd20767-1318-40f9-b10d-52d9786bd519,,NO_VERIFIABLE_IDENTITY,,Saudi Companies Directory,UNSURE
FZ-00149-185859-514848,8fd20767-1318-40f9-b10d-52d9786bd519,,NO_VERIFIABLE_IDENTITY,,Saudi Companies Directory,UNSURE
FZ-00150-188645-517256,f23d91ec-a24d-46fc-b9e5-db71a32e243c,,NO_VERIFIABLE_IDENTITY,,Saudi Companies Directory,UNSURE
FZ-00151-352836-514848,,,,,Portfolio Master v1 (existing draft),UNSURE
FZ-00152-211427-538265,6f2d0d90-d73e-4e86-91f3-7004e4bf04a4,,REVIEW_REQUIRED,,Saudi Companies Directory,UNSURE
FZ-00153-313219-564446,ed20fbcb-6a35-4110-8801-e135f983db3d,,DETERMINISTIC_SINGLE_SOURCE,,NCNP,ESCALATE
FZ-00154-1786-1792,bac00a3d-0895-4185-b8bd-61f5f583b084,9006876d-a8d9-4880-ba96-527fb48269c9,REVIEW_REQUIRED,REVIEW_REQUIRED,Saudi Companies Directory,UNSURE
FZ-00155-1786-37599,bac00a3d-0895-4185-b8bd-61f5f583b084,472064f0-0136-48c9-8fac-475cd062c167,REVIEW_REQUIRED,REVIEW_REQUIRED,Saudi Companies Directory,UNSURE
FZ-00156-1786-75828,bac00a3d-0895-4185-b8bd-61f5f583b084,833c6568-61f3-4979-97da-56b346bf8fdf,REVIEW_REQUIRED,NO_VERIFIABLE_IDENTITY,Saudi Companies Directory,UNSURE
FZ-00157-1786-341952,bac00a3d-0895-4185-b8bd-61f5f583b084,,REVIEW_REQUIRED,,Saudi Companies Directory,UNSURE
FZ-00158-1786-376388,bac00a3d-0895-4185-b8bd-61f5f583b084,,REVIEW_REQUIRED,,Saudi Companies Directory,UNSURE
FZ-00159-1786-412632,bac00a3d-0895-4185-b8bd-61f5f583b084,,REVIEW_REQUIRED,,Saudi Companies Directory,UNSURE
FZ-00160-1792-37599,9006876d-a8d9-4880-ba96-527fb48269c9,472064f0-0136-48c9-8fac-475cd062c167,REVIEW_REQUIRED,REVIEW_REQUIRED,Saudi Companies Directory,UNSURE
FZ-00161-1792-75828,9006876d-a8d9-4880-ba96-527fb48269c9,833c6568-61f3-4979-97da-56b346bf8fdf,REVIEW_REQUIRED,NO_VERIFIABLE_IDENTITY,Saudi Companies Directory,UNSURE
FZ-00162-1792-341952,9006876d-a8d9-4880-ba96-527fb48269c9,,REVIEW_REQUIRED,,Saudi Companies Directory,UNSURE
FZ-00163-1792-376388,9006876d-a8d9-4880-ba96-527fb48269c9,,REVIEW_REQUIRED,,Saudi Companies Directory,UNSURE
FZ-00164-1792-412632,9006876d-a8d9-4880-ba96-527fb48269c9,,REVIEW_REQUIRED,,Saudi Companies Directory,UNSURE
FZ-00165-37458-37465,e31817ea-3a37-4bf5-a273-82b9944b91fb,1f50bcac-bdda-49a9-92ea-bcd1fb251c42,REVIEW_REQUIRED,REVIEW_REQUIRED,Saudi Companies Directory,UNSURE
FZ-00166-37596-64121,1d892e1a-1b50-479f-98ad-244537826dbd,746089e0-12a9-4d07-ac3c-65ffe310d2a6,NO_VERIFIABLE_IDENTITY,NO_VERIFIABLE_IDENTITY,Saudi Companies Directory,UNSURE
FZ-00167-37599-75828,472064f0-0136-48c9-8fac-475cd062c167,833c6568-61f3-4979-97da-56b346bf8fdf,REVIEW_REQUIRED,NO_VERIFIABLE_IDENTITY,Saudi Companies Directory,UNSURE
FZ-00168-37599-341952,472064f0-0136-48c9-8fac-475cd062c167,,REVIEW_REQUIRED,,Saudi Companies Directory,UNSURE
FZ-00169-37599-376388,472064f0-0136-48c9-8fac-475cd062c167,,REVIEW_REQUIRED,,Saudi Companies Directory,UNSURE
FZ-00170-37599-412632,472064f0-0136-48c9-8fac-475cd062c167,,REVIEW_REQUIRED,,Saudi Companies Directory,UNSURE
FZ-00171-75828-341952,833c6568-61f3-4979-97da-56b346bf8fdf,,NO_VERIFIABLE_IDENTITY,,Saudi Companies Directory,UNSURE
FZ-00172-75828-376388,833c6568-61f3-4979-97da-56b346bf8fdf,,NO_VERIFIABLE_IDENTITY,,Saudi Companies Directory,UNSURE
FZ-00173-75828-412632,833c6568-61f3-4979-97da-56b346bf8fdf,,NO_VERIFIABLE_IDENTITY,,Saudi Companies Directory,UNSURE
FZ-00174-193778-194337,bc1ce460-44d3-43bb-9ef9-e7aba4bbc24b,00c46b54-54bb-4315-af39-c5208ec9c3e6,NO_VERIFIABLE_IDENTITY,NO_VERIFIABLE_IDENTITY,Saudi Companies Directory,UNSURE
FZ-00175-341952-376388,,,,,Portfolio Master v1 (existing draft),UNSURE
FZ-00176-341952-412632,,,,,Portfolio Master v1 (existing draft),UNSURE
FZ-00177-376388-412632,,,,,Portfolio Master v1 (existing draft),UNSURE
FZ-00178-36683-175936,69389e29-a590-456f-b0a9-b13dae48f8ba,770d4781-5a9b-4e0c-85c4-a19d02343c19,NO_VERIFIABLE_IDENTITY,REVIEW_REQUIRED,Saudi Companies Directory,UNSURE
FZ-00179-36683-375667,69389e29-a590-456f-b0a9-b13dae48f8ba,,NO_VERIFIABLE_IDENTITY,,Saudi Companies Directory,UNSURE
FZ-00180-36683-505684,69389e29-a590-456f-b0a9-b13dae48f8ba,,NO_VERIFIABLE_IDENTITY,,Saudi Companies Directory,UNSURE
FZ-00181-175936-375667,770d4781-5a9b-4e0c-85c4-a19d02343c19,,REVIEW_REQUIRED,,Saudi Companies Directory,UNSURE
FZ-00182-175936-505684,770d4781-5a9b-4e0c-85c4-a19d02343c19,,REVIEW_REQUIRED,,Saudi Companies Directory,UNSURE
FZ-00183-375667-505684,,,,,Portfolio Master v1 (existing draft),UNSURE
FZ-00184-150544-481515,624d6f2f-e021-4246-8207-e361ef6b1d50,,REVIEW_REQUIRED,,Saudi Companies Directory,UNSURE
FZ-00185-17516-357282,77b0070a-8c1d-45d5-95df-83365bcafe32,,REVIEW_REQUIRED,,Saudi Companies Directory,UNSURE
FZ-00186-152740-160566,cd8b739e-de51-4af5-bb16-157facfc9341,731fe0fe-97b8-42c2-a845-8431dbe7518f,NO_VERIFIABLE_IDENTITY,REVIEW_REQUIRED,Saudi Companies Directory,UNSURE
FZ-00187-152740-161630,cd8b739e-de51-4af5-bb16-157facfc9341,af440dab-7433-41c8-b85f-3218f69d154c,NO_VERIFIABLE_IDENTITY,NO_VERIFIABLE_IDENTITY,Saudi Companies Directory,UNSURE
FZ-00188-152740-483609,cd8b739e-de51-4af5-bb16-157facfc9341,,NO_VERIFIABLE_IDENTITY,,Saudi Companies Directory,UNSURE
FZ-00189-152740-490898,cd8b739e-de51-4af5-bb16-157facfc9341,,NO_VERIFIABLE_IDENTITY,,Saudi Companies Directory,UNSURE
FZ-00190-152740-491867,cd8b739e-de51-4af5-bb16-157facfc9341,,NO_VERIFIABLE_IDENTITY,,Saudi Companies Directory,UNSURE
FZ-00191-160566-161630,731fe0fe-97b8-42c2-a845-8431dbe7518f,af440dab-7433-41c8-b85f-3218f69d154c,REVIEW_REQUIRED,NO_VERIFIABLE_IDENTITY,Saudi Companies Directory,UNSURE
FZ-00192-160566-483609,731fe0fe-97b8-42c2-a845-8431dbe7518f,,REVIEW_REQUIRED,,Saudi Companies Directory,UNSURE
FZ-00193-160566-490898,731fe0fe-97b8-42c2-a845-8431dbe7518f,,REVIEW_REQUIRED,,Saudi Companies Directory,UNSURE
FZ-00194-160566-491867,731fe0fe-97b8-42c2-a845-8431dbe7518f,,REVIEW_REQUIRED,,Saudi Companies Directory,UNSURE
FZ-00195-161630-483609,af440dab-7433-41c8-b85f-3218f69d154c,,NO_VERIFIABLE_IDENTITY,,Saudi Companies Directory,UNSURE
FZ-00196-161630-490898,af440dab-7433-41c8-b85f-3218f69d154c,,NO_VERIFIABLE_IDENTITY,,Saudi Companies Directory,UNSURE
FZ-00197-161630-491867,af440dab-7433-41c8-b85f-3218f69d154c,,NO_VERIFIABLE_IDENTITY,,Saudi Companies Directory,UNSURE
FZ-00198-483609-490898,,,,,Portfolio Master v1 (existing draft),UNSURE
FZ-00199-483609-491867,,,,,Portfolio Master v1 (existing draft),UNSURE
FZ-00200-490898-491867,,,,,Portfolio Master v1 (existing draft),UNSURE
FZ-00201-108469-144110,8bed8f3d-f7a2-4d27-964d-773560c5de26,f8647264-9466-4512-bde0-3aa3d6aecf0d,REVIEW_REQUIRED,REVIEW_REQUIRED,Saudi Companies Directory,UNSURE
FZ-00202-108469-220584,8bed8f3d-f7a2-4d27-964d-773560c5de26,a9a05ba2-b84c-41b4-aeb0-23b8899db7f5,REVIEW_REQUIRED,REVIEW_REQUIRED,Saudi Companies Directory,UNSURE
FZ-00203-108469-442204,8bed8f3d-f7a2-4d27-964d-773560c5de26,,REVIEW_REQUIRED,,Saudi Companies Directory,UNSURE
FZ-00204-144110-220584,f8647264-9466-4512-bde0-3aa3d6aecf0d,a9a05ba2-b84c-41b4-aeb0-23b8899db7f5,REVIEW_REQUIRED,REVIEW_REQUIRED,Saudi Companies Directory,UNSURE
FZ-00205-144110-442204,f8647264-9466-4512-bde0-3aa3d6aecf0d,,REVIEW_REQUIRED,,Saudi Companies Directory,UNSURE
FZ-00206-220584-442204,a9a05ba2-b84c-41b4-aeb0-23b8899db7f5,,REVIEW_REQUIRED,,Saudi Companies Directory,UNSURE
FZ-00207-106679-440642,dc9007f4-d8bf-47fa-a38a-f8496734cd31,,REVIEW_REQUIRED,,Saudi Companies Directory,UNSURE
FZ-00208-101023-170797,81a49263-80f1-4a22-b0fa-d94fea7b294f,218d8303-e2d4-45d0-9aad-26c8bf1c41b5,REVIEW_REQUIRED,REVIEW_REQUIRED,Saudi Companies Directory,UNSURE
FZ-00209-39515-97850,baf8bcf4-edde-4ae9-a7f9-3e121781ad1b,5952fdae-8e75-43ba-adc5-0948efded435,NO_VERIFIABLE_IDENTITY,NO_VERIFIABLE_IDENTITY,Saudi Companies Directory,UNSURE
FZ-00210-39515-101017,baf8bcf4-edde-4ae9-a7f9-3e121781ad1b,d8dcbc00-2cad-492d-b122-e5ef58853d98,NO_VERIFIABLE_IDENTITY,REVIEW_REQUIRED,Saudi Companies Directory,UNSURE
FZ-00211-39515-378224,baf8bcf4-edde-4ae9-a7f9-3e121781ad1b,,NO_VERIFIABLE_IDENTITY,,Saudi Companies Directory,UNSURE
FZ-00212-39515-432734,baf8bcf4-edde-4ae9-a7f9-3e121781ad1b,,NO_VERIFIABLE_IDENTITY,,Saudi Companies Directory,UNSURE
FZ-00213-65384-187812,6a456493-97f1-4ffc-87a4-b73c0c099c14,82ce32a5-5de0-43ef-8c22-22fd04b70a3d,REVIEW_REQUIRED,NO_VERIFIABLE_IDENTITY,Saudi Companies Directory,UNSURE
FZ-00214-65384-516596,6a456493-97f1-4ffc-87a4-b73c0c099c14,,REVIEW_REQUIRED,,Saudi Companies Directory,UNSURE
FZ-00215-97850-101017,5952fdae-8e75-43ba-adc5-0948efded435,d8dcbc00-2cad-492d-b122-e5ef58853d98,NO_VERIFIABLE_IDENTITY,REVIEW_REQUIRED,Saudi Companies Directory,UNSURE
FZ-00216-97850-378224,5952fdae-8e75-43ba-adc5-0948efded435,,NO_VERIFIABLE_IDENTITY,,Saudi Companies Directory,UNSURE
FZ-00217-97850-432734,5952fdae-8e75-43ba-adc5-0948efded435,,NO_VERIFIABLE_IDENTITY,,Saudi Companies Directory,UNSURE
FZ-00218-101017-378224,d8dcbc00-2cad-492d-b122-e5ef58853d98,,REVIEW_REQUIRED,,Saudi Companies Directory,UNSURE
FZ-00219-101017-432734,d8dcbc00-2cad-492d-b122-e5ef58853d98,,REVIEW_REQUIRED,,Saudi Companies Directory,UNSURE
FZ-00220-130673-137738,dbc6783f-680d-4704-bbf3-473b2aa12275,9f8d9dc2-da05-4ebd-95db-395ce58b3274,REVIEW_REQUIRED,REVIEW_REQUIRED,Saudi Companies Directory,UNSURE
FZ-00221-130673-166275,dbc6783f-680d-4704-bbf3-473b2aa12275,7994ae82-60f9-4c18-a6fc-45b040e0d760,REVIEW_REQUIRED,NO_VERIFIABLE_IDENTITY,Saudi Companies Directory,UNSURE
FZ-00222-130673-171114,dbc6783f-680d-4704-bbf3-473b2aa12275,f7c0eab9-6a83-4aef-a4bc-996541015c52,REVIEW_REQUIRED,NO_VERIFIABLE_IDENTITY,Saudi Companies Directory,UNSURE
FZ-00223-130673-469706,dbc6783f-680d-4704-bbf3-473b2aa12275,,REVIEW_REQUIRED,,Saudi Companies Directory,UNSURE
FZ-00224-130673-496376,dbc6783f-680d-4704-bbf3-473b2aa12275,,REVIEW_REQUIRED,,Saudi Companies Directory,UNSURE
FZ-00225-137738-166275,9f8d9dc2-da05-4ebd-95db-395ce58b3274,7994ae82-60f9-4c18-a6fc-45b040e0d760,REVIEW_REQUIRED,NO_VERIFIABLE_IDENTITY,Saudi Companies Directory,UNSURE
FZ-00226-137738-171114,9f8d9dc2-da05-4ebd-95db-395ce58b3274,f7c0eab9-6a83-4aef-a4bc-996541015c52,REVIEW_REQUIRED,NO_VERIFIABLE_IDENTITY,Saudi Companies Directory,UNSURE
FZ-00227-137738-469706,9f8d9dc2-da05-4ebd-95db-395ce58b3274,,REVIEW_REQUIRED,,Saudi Companies Directory,UNSURE
FZ-00228-137738-496376,9f8d9dc2-da05-4ebd-95db-395ce58b3274,,REVIEW_REQUIRED,,Saudi Companies Directory,UNSURE
FZ-00229-166275-171114,7994ae82-60f9-4c18-a6fc-45b040e0d760,f7c0eab9-6a83-4aef-a4bc-996541015c52,NO_VERIFIABLE_IDENTITY,NO_VERIFIABLE_IDENTITY,Saudi Companies Directory,UNSURE
FZ-00230-166275-469706,7994ae82-60f9-4c18-a6fc-45b040e0d760,,NO_VERIFIABLE_IDENTITY,,Saudi Companies Directory,UNSURE
FZ-00231-166275-496376,7994ae82-60f9-4c18-a6fc-45b040e0d760,,NO_VERIFIABLE_IDENTITY,,Saudi Companies Directory,UNSURE
FZ-00232-171114-469706,f7c0eab9-6a83-4aef-a4bc-996541015c52,,NO_VERIFIABLE_IDENTITY,,Saudi Companies Directory,UNSURE
FZ-00233-171114-496376,f7c0eab9-6a83-4aef-a4bc-996541015c52,,NO_VERIFIABLE_IDENTITY,,Saudi Companies Directory,UNSURE
FZ-00234-187812-516596,82ce32a5-5de0-43ef-8c22-22fd04b70a3d,,NO_VERIFIABLE_IDENTITY,,Saudi Companies Directory,UNSURE
FZ-00235-378224-432734,,,,,Portfolio Master v1 (existing draft),UNSURE
FZ-00236-469706-496376,,,,,Portfolio Master v1 (existing draft),UNSURE
FZ-00237-152684-161726,446189cb-5590-436d-9659-4af1fb213bb5,2ba529f6-869e-4d87-bcf8-bcd7e172c22f,NO_VERIFIABLE_IDENTITY,NO_VERIFIABLE_IDENTITY,Saudi Companies Directory,UNSURE
FZ-00238-152684-491962,446189cb-5590-436d-9659-4af1fb213bb5,,NO_VERIFIABLE_IDENTITY,,Saudi Companies Directory,UNSURE
FZ-00239-161726-491962,2ba529f6-869e-4d87-bcf8-bcd7e172c22f,,NO_VERIFIABLE_IDENTITY,,Saudi Companies Directory,UNSURE
FZ-00240-311374-562610,97aeb3d8-008a-4bf7-a6e7-2d1419a37d26,,DETERMINISTIC_SINGLE_SOURCE,,NCNP,ESCALATE
FZ-00241-8916-63488,940a8e7d-0434-4a67-9726-6201fcfc7e92,8cfa5cac-9981-4eb6-b48c-ec997dfb1ada,REVIEW_REQUIRED,REVIEW_REQUIRED,Saudi Companies Directory,UNSURE
FZ-00242-8916-348914,940a8e7d-0434-4a67-9726-6201fcfc7e92,,REVIEW_REQUIRED,,Saudi Companies Directory,UNSURE
FZ-00243-63488-348914,8cfa5cac-9981-4eb6-b48c-ec997dfb1ada,,REVIEW_REQUIRED,,Saudi Companies Directory,UNSURE
FZ-00244-64358-401901,d87b5f2d-ddeb-41cb-8d0b-d3e7cf27887a,,NO_VERIFIABLE_IDENTITY,,Saudi Companies Directory,UNSURE
FZ-00245-92887-428237,10ec330c-0780-49b3-ad9d-8d3476970e2b,,REVIEW_REQUIRED,,Saudi Companies Directory,UNSURE
FZ-00246-102556-189710,43dd57fb-3a0d-4ad7-8256-57fbcb0545f7,71d181b2-c0ba-4ebc-ac31-68b80d1278a5,REVIEW_REQUIRED,NO_VERIFIABLE_IDENTITY,Saudi Companies Directory,UNSURE
FZ-00247-102556-436600,43dd57fb-3a0d-4ad7-8256-57fbcb0545f7,,REVIEW_REQUIRED,,Saudi Companies Directory,UNSURE
FZ-00248-102556-518193,43dd57fb-3a0d-4ad7-8256-57fbcb0545f7,,REVIEW_REQUIRED,,Saudi Companies Directory,UNSURE
FZ-00249-108524-220667,38231a2c-d977-4717-8819-acc5e4131030,34ea1bc9-2972-4dba-bf8b-3ba62f33bb97,NO_VERIFIABLE_IDENTITY,NO_VERIFIABLE_IDENTITY,Saudi Companies Directory,UNSURE
FZ-00250-108524-442257,38231a2c-d977-4717-8819-acc5e4131030,,NO_VERIFIABLE_IDENTITY,,Saudi Companies Directory,UNSURE
FZ-00251-108524-546175,38231a2c-d977-4717-8819-acc5e4131030,,NO_VERIFIABLE_IDENTITY,,Saudi Companies Directory,UNSURE
FZ-00252-167410-210064,2b10ff41-6627-402c-9069-9031b89ce805,65a393ea-9826-455c-895c-2a132059bfc3,NO_VERIFIABLE_IDENTITY,REVIEW_REQUIRED,Saudi Companies Directory,UNSURE
FZ-00253-167410-497481,2b10ff41-6627-402c-9069-9031b89ce805,,NO_VERIFIABLE_IDENTITY,,Saudi Companies Directory,UNSURE
FZ-00254-167410-537003,2b10ff41-6627-402c-9069-9031b89ce805,,NO_VERIFIABLE_IDENTITY,,Saudi Companies Directory,UNSURE
FZ-00255-189710-436600,71d181b2-c0ba-4ebc-ac31-68b80d1278a5,,NO_VERIFIABLE_IDENTITY,,Saudi Companies Directory,UNSURE
FZ-00256-189710-518193,71d181b2-c0ba-4ebc-ac31-68b80d1278a5,,NO_VERIFIABLE_IDENTITY,,Saudi Companies Directory,UNSURE
FZ-00257-210064-497481,65a393ea-9826-455c-895c-2a132059bfc3,,REVIEW_REQUIRED,,Saudi Companies Directory,UNSURE
FZ-00258-210064-537003,65a393ea-9826-455c-895c-2a132059bfc3,,REVIEW_REQUIRED,,Saudi Companies Directory,UNSURE
FZ-00259-220667-442257,34ea1bc9-2972-4dba-bf8b-3ba62f33bb97,,NO_VERIFIABLE_IDENTITY,,Saudi Companies Directory,UNSURE
FZ-00260-220667-546175,34ea1bc9-2972-4dba-bf8b-3ba62f33bb97,,NO_VERIFIABLE_IDENTITY,,Saudi Companies Directory,UNSURE
FZ-00261-436600-518193,,,,,Portfolio Master v1 (existing draft),UNSURE
FZ-00262-442257-546175,,,,,Portfolio Master v1 (existing draft),UNSURE
FZ-00263-497481-537003,,,,,Portfolio Master v1 (existing draft),UNSURE
FZ-00264-64847-138226,ccf0e5db-1ca6-4e93-8c3a-c4d785ab330b,f00bbdf7-499a-4d4b-85b9-174c620ad60e,REVIEW_REQUIRED,NO_VERIFIABLE_IDENTITY,Saudi Companies Directory,UNSURE
FZ-00265-64847-402365,ccf0e5db-1ca6-4e93-8c3a-c4d785ab330b,,REVIEW_REQUIRED,,Saudi Companies Directory,UNSURE
FZ-00266-121348-454415,83a84973-2039-4bf1-8fc6-66c016dd8367,,REVIEW_REQUIRED,,Saudi Companies Directory,UNSURE
FZ-00267-138226-402365,f00bbdf7-499a-4d4b-85b9-174c620ad60e,,NO_VERIFIABLE_IDENTITY,,Saudi Companies Directory,UNSURE
FZ-00268-670-152731,d15656a7-e453-4f8c-9715-e7ec450c2ae7,217fe3c2-9681-484b-86b8-60dac96dbe20,REVIEW_REQUIRED,NO_VERIFIABLE_IDENTITY,Saudi Companies Directory,UNSURE
FZ-00269-670-160607,d15656a7-e453-4f8c-9715-e7ec450c2ae7,459b70c6-9a09-417f-8870-774c5ecc39f5,REVIEW_REQUIRED,NO_VERIFIABLE_IDENTITY,Saudi Companies Directory,UNSURE
FZ-00270-670-190416,d15656a7-e453-4f8c-9715-e7ec450c2ae7,1fdc066d-8b1e-474b-8e05-d2fe3b55dcc7,REVIEW_REQUIRED,NO_VERIFIABLE_IDENTITY,Saudi Companies Directory,UNSURE
FZ-00271-670-340839,d15656a7-e453-4f8c-9715-e7ec450c2ae7,,REVIEW_REQUIRED,,Saudi Companies Directory,UNSURE
FZ-00272-670-483600,d15656a7-e453-4f8c-9715-e7ec450c2ae7,,REVIEW_REQUIRED,,Saudi Companies Directory,UNSURE
FZ-00273-670-490932,d15656a7-e453-4f8c-9715-e7ec450c2ae7,,REVIEW_REQUIRED,,Saudi Companies Directory,UNSURE
FZ-00274-670-518807,d15656a7-e453-4f8c-9715-e7ec450c2ae7,,REVIEW_REQUIRED,,Saudi Companies Directory,UNSURE
FZ-00275-152731-160607,217fe3c2-9681-484b-86b8-60dac96dbe20,459b70c6-9a09-417f-8870-774c5ecc39f5,NO_VERIFIABLE_IDENTITY,NO_VERIFIABLE_IDENTITY,Saudi Companies Directory,UNSURE
FZ-00276-152731-190416,217fe3c2-9681-484b-86b8-60dac96dbe20,1fdc066d-8b1e-474b-8e05-d2fe3b55dcc7,NO_VERIFIABLE_IDENTITY,NO_VERIFIABLE_IDENTITY,Saudi Companies Directory,UNSURE
FZ-00277-152731-340839,217fe3c2-9681-484b-86b8-60dac96dbe20,,NO_VERIFIABLE_IDENTITY,,Saudi Companies Directory,UNSURE
FZ-00278-152731-483600,217fe3c2-9681-484b-86b8-60dac96dbe20,,NO_VERIFIABLE_IDENTITY,,Saudi Companies Directory,UNSURE
FZ-00279-152731-490932,217fe3c2-9681-484b-86b8-60dac96dbe20,,NO_VERIFIABLE_IDENTITY,,Saudi Companies Directory,UNSURE
FZ-00280-152731-518807,217fe3c2-9681-484b-86b8-60dac96dbe20,,NO_VERIFIABLE_IDENTITY,,Saudi Companies Directory,UNSURE
FZ-00281-160607-190416,459b70c6-9a09-417f-8870-774c5ecc39f5,1fdc066d-8b1e-474b-8e05-d2fe3b55dcc7,NO_VERIFIABLE_IDENTITY,NO_VERIFIABLE_IDENTITY,Saudi Companies Directory,UNSURE
FZ-00282-160607-340839,459b70c6-9a09-417f-8870-774c5ecc39f5,,NO_VERIFIABLE_IDENTITY,,Saudi Companies Directory,UNSURE
FZ-00283-160607-483600,459b70c6-9a09-417f-8870-774c5ecc39f5,,NO_VERIFIABLE_IDENTITY,,Saudi Companies Directory,UNSURE
FZ-00284-160607-490932,459b70c6-9a09-417f-8870-774c5ecc39f5,,NO_VERIFIABLE_IDENTITY,,Saudi Companies Directory,UNSURE
FZ-00285-160607-518807,459b70c6-9a09-417f-8870-774c5ecc39f5,,NO_VERIFIABLE_IDENTITY,,Saudi Companies Directory,UNSURE
FZ-00286-190416-340839,1fdc066d-8b1e-474b-8e05-d2fe3b55dcc7,,NO_VERIFIABLE_IDENTITY,,Saudi Companies Directory,UNSURE
FZ-00287-190416-483600,1fdc066d-8b1e-474b-8e05-d2fe3b55dcc7,,NO_VERIFIABLE_IDENTITY,,Saudi Companies Directory,UNSURE
FZ-00288-190416-490932,1fdc066d-8b1e-474b-8e05-d2fe3b55dcc7,,NO_VERIFIABLE_IDENTITY,,Saudi Companies Directory,UNSURE
FZ-00289-190416-518807,1fdc066d-8b1e-474b-8e05-d2fe3b55dcc7,,NO_VERIFIABLE_IDENTITY,,Saudi Companies Directory,UNSURE
FZ-00290-340839-483600,,,,,Portfolio Master v1 (existing draft),UNSURE
FZ-00291-340839-490932,,,,,Portfolio Master v1 (existing draft),UNSURE
FZ-00292-340839-518807,,,,,Portfolio Master v1 (existing draft),UNSURE
FZ-00293-483600-490932,,,,,Portfolio Master v1 (existing draft),UNSURE
FZ-00294-483600-518807,,,,,Portfolio Master v1 (existing draft),UNSURE
FZ-00295-490932-518807,,,,,Portfolio Master v1 (existing draft),UNSURE
FZ-00296-142664-474160,238c78c3-c397-409b-8462-2e467cec0fdf,,REVIEW_REQUIRED,,Saudi Companies Directory,UNSURE
FZ-00297-39513-378222,e0b8c317-fa74-4350-a033-46b043c3a704,,REVIEW_REQUIRED,,Saudi Companies Directory,UNSURE
FZ-00298-137994-187387,dc39c5d3-7c24-4c26-81d0-6b0715024f3e,1ef75849-999d-49b1-9b8a-483b29b305c9,REVIEW_REQUIRED,NO_VERIFIABLE_IDENTITY,Saudi Companies Directory,UNSURE
FZ-00299-137994-469950,dc39c5d3-7c24-4c26-81d0-6b0715024f3e,,REVIEW_REQUIRED,,Saudi Companies Directory,UNSURE
FZ-00300-137994-516199,dc39c5d3-7c24-4c26-81d0-6b0715024f3e,,REVIEW_REQUIRED,,Saudi Companies Directory,UNSURE
FZ-00301-149785-181059,07d3e97d-e11d-4305-9e53-23dfc17a9cb6,f6b328b6-8d98-4a66-baf5-a7d1c50c6919,REVIEW_REQUIRED,NO_VERIFIABLE_IDENTITY,Saudi Companies Directory,UNSURE
FZ-00302-149785-480810,07d3e97d-e11d-4305-9e53-23dfc17a9cb6,,REVIEW_REQUIRED,,Saudi Companies Directory,UNSURE
FZ-00303-149785-510517,07d3e97d-e11d-4305-9e53-23dfc17a9cb6,,REVIEW_REQUIRED,,Saudi Companies Directory,UNSURE
FZ-00304-181059-480810,f6b328b6-8d98-4a66-baf5-a7d1c50c6919,,NO_VERIFIABLE_IDENTITY,,Saudi Companies Directory,UNSURE
FZ-00305-181059-510517,f6b328b6-8d98-4a66-baf5-a7d1c50c6919,,NO_VERIFIABLE_IDENTITY,,Saudi Companies Directory,UNSURE
FZ-00306-187387-469950,1ef75849-999d-49b1-9b8a-483b29b305c9,,NO_VERIFIABLE_IDENTITY,,Saudi Companies Directory,UNSURE
FZ-00307-187387-516199,1ef75849-999d-49b1-9b8a-483b29b305c9,,NO_VERIFIABLE_IDENTITY,,Saudi Companies Directory,UNSURE
FZ-00308-469950-516199,,,,,Portfolio Master v1 (existing draft),UNSURE
FZ-00309-480810-510517,,,,,Portfolio Master v1 (existing draft),UNSURE
FZ-00310-37659-37661,4c23ce51-92f3-4c28-9ddb-29376ae280db,af5fb6f1-11c1-41a5-9a16-10a9a2d6d853,NO_VERIFIABLE_IDENTITY,NO_VERIFIABLE_IDENTITY,Saudi Companies Directory,UNSURE
FZ-00311-37659-37665,4c23ce51-92f3-4c28-9ddb-29376ae280db,5d3371ed-f84a-411a-823d-66b6b0e7c194,NO_VERIFIABLE_IDENTITY,NO_VERIFIABLE_IDENTITY,Saudi Companies Directory,UNSURE
FZ-00312-37659-37670,4c23ce51-92f3-4c28-9ddb-29376ae280db,09015862-c0be-4e9f-a761-3180398aad10,NO_VERIFIABLE_IDENTITY,NO_VERIFIABLE_IDENTITY,Saudi Companies Directory,UNSURE
FZ-00313-37659-37674,4c23ce51-92f3-4c28-9ddb-29376ae280db,d080d62b-40bf-4223-b7b6-3f6f6650f071,NO_VERIFIABLE_IDENTITY,NO_VERIFIABLE_IDENTITY,Saudi Companies Directory,UNSURE
FZ-00314-37659-37679,4c23ce51-92f3-4c28-9ddb-29376ae280db,a80632e6-1ccb-40f8-badb-c49413e33da6,NO_VERIFIABLE_IDENTITY,NO_VERIFIABLE_IDENTITY,Saudi Companies Directory,UNSURE
FZ-00315-37659-37688,4c23ce51-92f3-4c28-9ddb-29376ae280db,2ce9dd80-4c12-4e50-9f1e-8fa3e60d108e,NO_VERIFIABLE_IDENTITY,NO_VERIFIABLE_IDENTITY,Saudi Companies Directory,UNSURE
FZ-00316-37660-37678,4269ea55-cd6b-43ac-ad77-baea25b47329,7851c98b-982d-453b-862a-c845b4183a46,NO_VERIFIABLE_IDENTITY,NO_VERIFIABLE_IDENTITY,Saudi Companies Directory,UNSURE
FZ-00317-37660-37688,4269ea55-cd6b-43ac-ad77-baea25b47329,2ce9dd80-4c12-4e50-9f1e-8fa3e60d108e,NO_VERIFIABLE_IDENTITY,NO_VERIFIABLE_IDENTITY,Saudi Companies Directory,UNSURE
FZ-00318-37661-37679,af5fb6f1-11c1-41a5-9a16-10a9a2d6d853,a80632e6-1ccb-40f8-badb-c49413e33da6,NO_VERIFIABLE_IDENTITY,NO_VERIFIABLE_IDENTITY,Saudi Companies Directory,UNSURE
FZ-00319-37661-37688,af5fb6f1-11c1-41a5-9a16-10a9a2d6d853,2ce9dd80-4c12-4e50-9f1e-8fa3e60d108e,NO_VERIFIABLE_IDENTITY,NO_VERIFIABLE_IDENTITY,Saudi Companies Directory,UNSURE
FZ-00320-37662-37670,da6b79b6-100c-4941-9da7-ec31f5cda014,09015862-c0be-4e9f-a761-3180398aad10,NO_VERIFIABLE_IDENTITY,NO_VERIFIABLE_IDENTITY,Saudi Companies Directory,UNSURE
FZ-00321-37662-37674,da6b79b6-100c-4941-9da7-ec31f5cda014,d080d62b-40bf-4223-b7b6-3f6f6650f071,NO_VERIFIABLE_IDENTITY,NO_VERIFIABLE_IDENTITY,Saudi Companies Directory,UNSURE
FZ-00322-37662-37685,da6b79b6-100c-4941-9da7-ec31f5cda014,caf6e67d-ab83-442d-8881-4bf1e3514f97,NO_VERIFIABLE_IDENTITY,NO_VERIFIABLE_IDENTITY,Saudi Companies Directory,UNSURE
FZ-00323-37662-37686,da6b79b6-100c-4941-9da7-ec31f5cda014,c70497b7-5026-410d-9152-507308fed67f,NO_VERIFIABLE_IDENTITY,NO_VERIFIABLE_IDENTITY,Saudi Companies Directory,UNSURE
FZ-00324-37662-37687,da6b79b6-100c-4941-9da7-ec31f5cda014,8ed8a7c5-0860-42a7-9a38-e44929bdb4bc,NO_VERIFIABLE_IDENTITY,NO_VERIFIABLE_IDENTITY,Saudi Companies Directory,UNSURE
FZ-00325-37662-37688,da6b79b6-100c-4941-9da7-ec31f5cda014,2ce9dd80-4c12-4e50-9f1e-8fa3e60d108e,NO_VERIFIABLE_IDENTITY,NO_VERIFIABLE_IDENTITY,Saudi Companies Directory,UNSURE
FZ-00326-37664-37678,97b855d6-9e05-4107-896f-076398723777,7851c98b-982d-453b-862a-c845b4183a46,NO_VERIFIABLE_IDENTITY,NO_VERIFIABLE_IDENTITY,Saudi Companies Directory,UNSURE
FZ-00327-37665-37667,5d3371ed-f84a-411a-823d-66b6b0e7c194,e43035ce-b35a-404b-a4e7-6c1bb4b91570,NO_VERIFIABLE_IDENTITY,NO_VERIFIABLE_IDENTITY,Saudi Companies Directory,UNSURE
FZ-00328-37665-37670,5d3371ed-f84a-411a-823d-66b6b0e7c194,09015862-c0be-4e9f-a761-3180398aad10,NO_VERIFIABLE_IDENTITY,NO_VERIFIABLE_IDENTITY,Saudi Companies Directory,UNSURE
FZ-00329-37665-37671,5d3371ed-f84a-411a-823d-66b6b0e7c194,dc0dfc04-0d1b-4f46-a12b-924753ba41c2,NO_VERIFIABLE_IDENTITY,NO_VERIFIABLE_IDENTITY,Saudi Companies Directory,UNSURE
FZ-00330-37665-37674,5d3371ed-f84a-411a-823d-66b6b0e7c194,d080d62b-40bf-4223-b7b6-3f6f6650f071,NO_VERIFIABLE_IDENTITY,NO_VERIFIABLE_IDENTITY,Saudi Companies Directory,UNSURE
FZ-00331-37665-37678,5d3371ed-f84a-411a-823d-66b6b0e7c194,7851c98b-982d-453b-862a-c845b4183a46,NO_VERIFIABLE_IDENTITY,NO_VERIFIABLE_IDENTITY,Saudi Companies Directory,UNSURE
FZ-00332-37665-37688,5d3371ed-f84a-411a-823d-66b6b0e7c194,2ce9dd80-4c12-4e50-9f1e-8fa3e60d108e,NO_VERIFIABLE_IDENTITY,NO_VERIFIABLE_IDENTITY,Saudi Companies Directory,UNSURE
FZ-00333-37665-37689,5d3371ed-f84a-411a-823d-66b6b0e7c194,1900c20e-1c1d-4596-8c08-c04fb4a2f5da,NO_VERIFIABLE_IDENTITY,NO_VERIFIABLE_IDENTITY,Saudi Companies Directory,UNSURE
FZ-00334-37665-37692,5d3371ed-f84a-411a-823d-66b6b0e7c194,600d4fa2-c839-4f5a-a012-5a92ef6a748d,NO_VERIFIABLE_IDENTITY,NO_VERIFIABLE_IDENTITY,Saudi Companies Directory,UNSURE
FZ-00335-37665-37696,5d3371ed-f84a-411a-823d-66b6b0e7c194,0f173f10-0e5d-406f-a4c6-5720ee6ea2eb,NO_VERIFIABLE_IDENTITY,NO_VERIFIABLE_IDENTITY,Saudi Companies Directory,UNSURE
FZ-00336-37666-37679,8085dd0f-96cc-4405-b2f8-8d77415d2d02,a80632e6-1ccb-40f8-badb-c49413e33da6,NO_VERIFIABLE_IDENTITY,NO_VERIFIABLE_IDENTITY,Saudi Companies Directory,UNSURE
FZ-00337-37666-37686,8085dd0f-96cc-4405-b2f8-8d77415d2d02,c70497b7-5026-410d-9152-507308fed67f,NO_VERIFIABLE_IDENTITY,NO_VERIFIABLE_IDENTITY,Saudi Companies Directory,UNSURE
FZ-00338-37667-37671,e43035ce-b35a-404b-a4e7-6c1bb4b91570,dc0dfc04-0d1b-4f46-a12b-924753ba41c2,NO_VERIFIABLE_IDENTITY,NO_VERIFIABLE_IDENTITY,Saudi Companies Directory,UNSURE
FZ-00339-37667-37677,e43035ce-b35a-404b-a4e7-6c1bb4b91570,e657ae87-9d3d-4d60-a669-53dbfe0ff6a8,NO_VERIFIABLE_IDENTITY,NO_VERIFIABLE_IDENTITY,Saudi Companies Directory,UNSURE
FZ-00340-37667-37678,e43035ce-b35a-404b-a4e7-6c1bb4b91570,7851c98b-982d-453b-862a-c845b4183a46,NO_VERIFIABLE_IDENTITY,NO_VERIFIABLE_IDENTITY,Saudi Companies Directory,UNSURE
FZ-00341-37667-37681,e43035ce-b35a-404b-a4e7-6c1bb4b91570,2481f937-b99e-44dc-9cff-534e5595aecf,NO_VERIFIABLE_IDENTITY,NO_VERIFIABLE_IDENTITY,Saudi Companies Directory,UNSURE
FZ-00342-37667-37687,e43035ce-b35a-404b-a4e7-6c1bb4b91570,8ed8a7c5-0860-42a7-9a38-e44929bdb4bc,NO_VERIFIABLE_IDENTITY,NO_VERIFIABLE_IDENTITY,Saudi Companies Directory,UNSURE
FZ-00343-37667-37688,e43035ce-b35a-404b-a4e7-6c1bb4b91570,2ce9dd80-4c12-4e50-9f1e-8fa3e60d108e,NO_VERIFIABLE_IDENTITY,NO_VERIFIABLE_IDENTITY,Saudi Companies Directory,UNSURE
FZ-00344-37667-37689,e43035ce-b35a-404b-a4e7-6c1bb4b91570,1900c20e-1c1d-4596-8c08-c04fb4a2f5da,NO_VERIFIABLE_IDENTITY,NO_VERIFIABLE_IDENTITY,Saudi Companies Directory,UNSURE
FZ-00345-37667-37692,e43035ce-b35a-404b-a4e7-6c1bb4b91570,600d4fa2-c839-4f5a-a012-5a92ef6a748d,NO_VERIFIABLE_IDENTITY,NO_VERIFIABLE_IDENTITY,Saudi Companies Directory,UNSURE
FZ-00346-37667-37695,e43035ce-b35a-404b-a4e7-6c1bb4b91570,891dfd5a-5ebd-4465-ac93-058f213446e5,NO_VERIFIABLE_IDENTITY,NO_VERIFIABLE_IDENTITY,Saudi Companies Directory,UNSURE
FZ-00347-37670-37671,09015862-c0be-4e9f-a761-3180398aad10,dc0dfc04-0d1b-4f46-a12b-924753ba41c2,NO_VERIFIABLE_IDENTITY,NO_VERIFIABLE_IDENTITY,Saudi Companies Directory,UNSURE
FZ-00348-37670-37674,09015862-c0be-4e9f-a761-3180398aad10,d080d62b-40bf-4223-b7b6-3f6f6650f071,NO_VERIFIABLE_IDENTITY,NO_VERIFIABLE_IDENTITY,Saudi Companies Directory,UNSURE
FZ-00349-37670-37677,09015862-c0be-4e9f-a761-3180398aad10,e657ae87-9d3d-4d60-a669-53dbfe0ff6a8,NO_VERIFIABLE_IDENTITY,NO_VERIFIABLE_IDENTITY,Saudi Companies Directory,UNSURE
FZ-00350-37670-37679,09015862-c0be-4e9f-a761-3180398aad10,a80632e6-1ccb-40f8-badb-c49413e33da6,NO_VERIFIABLE_IDENTITY,NO_VERIFIABLE_IDENTITY,Saudi Companies Directory,UNSURE
FZ-00351-37670-37686,09015862-c0be-4e9f-a761-3180398aad10,c70497b7-5026-410d-9152-507308fed67f,NO_VERIFIABLE_IDENTITY,NO_VERIFIABLE_IDENTITY,Saudi Companies Directory,UNSURE
FZ-00352-37670-37687,09015862-c0be-4e9f-a761-3180398aad10,8ed8a7c5-0860-42a7-9a38-e44929bdb4bc,NO_VERIFIABLE_IDENTITY,NO_VERIFIABLE_IDENTITY,Saudi Companies Directory,UNSURE
FZ-00353-37670-37688,09015862-c0be-4e9f-a761-3180398aad10,2ce9dd80-4c12-4e50-9f1e-8fa3e60d108e,NO_VERIFIABLE_IDENTITY,NO_VERIFIABLE_IDENTITY,Saudi Companies Directory,UNSURE
FZ-00354-37670-37696,09015862-c0be-4e9f-a761-3180398aad10,0f173f10-0e5d-406f-a4c6-5720ee6ea2eb,NO_VERIFIABLE_IDENTITY,NO_VERIFIABLE_IDENTITY,Saudi Companies Directory,UNSURE
FZ-00355-37671-37674,dc0dfc04-0d1b-4f46-a12b-924753ba41c2,d080d62b-40bf-4223-b7b6-3f6f6650f071,NO_VERIFIABLE_IDENTITY,NO_VERIFIABLE_IDENTITY,Saudi Companies Directory,UNSURE
FZ-00356-37671-37678,dc0dfc04-0d1b-4f46-a12b-924753ba41c2,7851c98b-982d-453b-862a-c845b4183a46,NO_VERIFIABLE_IDENTITY,NO_VERIFIABLE_IDENTITY,Saudi Companies Directory,UNSURE
FZ-00357-37671-37680,dc0dfc04-0d1b-4f46-a12b-924753ba41c2,77c28485-f345-43e3-9988-3a96f5ced1e0,NO_VERIFIABLE_IDENTITY,NO_VERIFIABLE_IDENTITY,Saudi Companies Directory,UNSURE
FZ-00358-37671-37689,dc0dfc04-0d1b-4f46-a12b-924753ba41c2,1900c20e-1c1d-4596-8c08-c04fb4a2f5da,NO_VERIFIABLE_IDENTITY,NO_VERIFIABLE_IDENTITY,Saudi Companies Directory,UNSURE
FZ-00359-37671-37692,dc0dfc04-0d1b-4f46-a12b-924753ba41c2,600d4fa2-c839-4f5a-a012-5a92ef6a748d,NO_VERIFIABLE_IDENTITY,NO_VERIFIABLE_IDENTITY,Saudi Companies Directory,UNSURE
FZ-00360-37671-37694,dc0dfc04-0d1b-4f46-a12b-924753ba41c2,8408f11a-d616-40cd-8598-4dfdc5ab6b49,NO_VERIFIABLE_IDENTITY,NO_VERIFIABLE_IDENTITY,Saudi Companies Directory,UNSURE
FZ-00361-37671-37695,dc0dfc04-0d1b-4f46-a12b-924753ba41c2,891dfd5a-5ebd-4465-ac93-058f213446e5,NO_VERIFIABLE_IDENTITY,NO_VERIFIABLE_IDENTITY,Saudi Companies Directory,UNSURE
FZ-00362-37672-37688,1988a421-4e07-48aa-82f8-48841b16bfb5,2ce9dd80-4c12-4e50-9f1e-8fa3e60d108e,NO_VERIFIABLE_IDENTITY,NO_VERIFIABLE_IDENTITY,Saudi Companies Directory,UNSURE
FZ-00363-37673-37683,40af1f5d-107d-4c18-823b-6410e594e6bb,23117820-6a85-47ed-8921-b2591431dde8,NO_VERIFIABLE_IDENTITY,NO_VERIFIABLE_IDENTITY,Saudi Companies Directory,UNSURE
FZ-00364-37674-37677,d080d62b-40bf-4223-b7b6-3f6f6650f071,e657ae87-9d3d-4d60-a669-53dbfe0ff6a8,NO_VERIFIABLE_IDENTITY,NO_VERIFIABLE_IDENTITY,Saudi Companies Directory,UNSURE
FZ-00365-37674-37679,d080d62b-40bf-4223-b7b6-3f6f6650f071,a80632e6-1ccb-40f8-badb-c49413e33da6,NO_VERIFIABLE_IDENTITY,NO_VERIFIABLE_IDENTITY,Saudi Companies Directory,UNSURE
FZ-00366-37674-37682,d080d62b-40bf-4223-b7b6-3f6f6650f071,ad619365-1bae-48dc-86ec-4efbc51c4029,NO_VERIFIABLE_IDENTITY,NO_VERIFIABLE_IDENTITY,Saudi Companies Directory,UNSURE
FZ-00367-37674-37686,d080d62b-40bf-4223-b7b6-3f6f6650f071,c70497b7-5026-410d-9152-507308fed67f,NO_VERIFIABLE_IDENTITY,NO_VERIFIABLE_IDENTITY,Saudi Companies Directory,UNSURE
FZ-00368-37674-37687,d080d62b-40bf-4223-b7b6-3f6f6650f071,8ed8a7c5-0860-42a7-9a38-e44929bdb4bc,NO_VERIFIABLE_IDENTITY,NO_VERIFIABLE_IDENTITY,Saudi Companies Directory,UNSURE
FZ-00369-37674-37688,d080d62b-40bf-4223-b7b6-3f6f6650f071,2ce9dd80-4c12-4e50-9f1e-8fa3e60d108e,NO_VERIFIABLE_IDENTITY,NO_VERIFIABLE_IDENTITY,Saudi Companies Directory,UNSURE
FZ-00370-37674-37695,d080d62b-40bf-4223-b7b6-3f6f6650f071,891dfd5a-5ebd-4465-ac93-058f213446e5,NO_VERIFIABLE_IDENTITY,NO_VERIFIABLE_IDENTITY,Saudi Companies Directory,UNSURE
FZ-00371-37674-37696,d080d62b-40bf-4223-b7b6-3f6f6650f071,0f173f10-0e5d-406f-a4c6-5720ee6ea2eb,NO_VERIFIABLE_IDENTITY,NO_VERIFIABLE_IDENTITY,Saudi Companies Directory,UNSURE
FZ-00372-37677-37678,e657ae87-9d3d-4d60-a669-53dbfe0ff6a8,7851c98b-982d-453b-862a-c845b4183a46,NO_VERIFIABLE_IDENTITY,NO_VERIFIABLE_IDENTITY,Saudi Companies Directory,UNSURE
FZ-00373-37677-37681,e657ae87-9d3d-4d60-a669-53dbfe0ff6a8,2481f937-b99e-44dc-9cff-534e5595aecf,NO_VERIFIABLE_IDENTITY,NO_VERIFIABLE_IDENTITY,Saudi Companies Directory,UNSURE
FZ-00374-37677-37687,e657ae87-9d3d-4d60-a669-53dbfe0ff6a8,8ed8a7c5-0860-42a7-9a38-e44929bdb4bc,NO_VERIFIABLE_IDENTITY,NO_VERIFIABLE_IDENTITY,Saudi Companies Directory,UNSURE
FZ-00375-37677-37692,e657ae87-9d3d-4d60-a669-53dbfe0ff6a8,600d4fa2-c839-4f5a-a012-5a92ef6a748d,NO_VERIFIABLE_IDENTITY,NO_VERIFIABLE_IDENTITY,Saudi Companies Directory,UNSURE
FZ-00376-37677-37693,e657ae87-9d3d-4d60-a669-53dbfe0ff6a8,ca0b5b0a-9a3c-4c38-b001-f5321bcfbc34,NO_VERIFIABLE_IDENTITY,NO_VERIFIABLE_IDENTITY,Saudi Companies Directory,UNSURE
FZ-00377-37678-37681,7851c98b-982d-453b-862a-c845b4183a46,2481f937-b99e-44dc-9cff-534e5595aecf,NO_VERIFIABLE_IDENTITY,NO_VERIFIABLE_IDENTITY,Saudi Companies Directory,UNSURE
FZ-00378-37678-37685,7851c98b-982d-453b-862a-c845b4183a46,caf6e67d-ab83-442d-8881-4bf1e3514f97,NO_VERIFIABLE_IDENTITY,NO_VERIFIABLE_IDENTITY,Saudi Companies Directory,UNSURE
FZ-00379-37678-37687,7851c98b-982d-453b-862a-c845b4183a46,8ed8a7c5-0860-42a7-9a38-e44929bdb4bc,NO_VERIFIABLE_IDENTITY,NO_VERIFIABLE_IDENTITY,Saudi Companies Directory,UNSURE
FZ-00380-37678-37688,7851c98b-982d-453b-862a-c845b4183a46,2ce9dd80-4c12-4e50-9f1e-8fa3e60d108e,NO_VERIFIABLE_IDENTITY,NO_VERIFIABLE_IDENTITY,Saudi Companies Directory,UNSURE
FZ-00381-37678-37689,7851c98b-982d-453b-862a-c845b4183a46,1900c20e-1c1d-4596-8c08-c04fb4a2f5da,NO_VERIFIABLE_IDENTITY,NO_VERIFIABLE_IDENTITY,Saudi Companies Directory,UNSURE
FZ-00382-37678-37692,7851c98b-982d-453b-862a-c845b4183a46,600d4fa2-c839-4f5a-a012-5a92ef6a748d,NO_VERIFIABLE_IDENTITY,NO_VERIFIABLE_IDENTITY,Saudi Companies Directory,UNSURE
FZ-00383-37678-37695,7851c98b-982d-453b-862a-c845b4183a46,891dfd5a-5ebd-4465-ac93-058f213446e5,NO_VERIFIABLE_IDENTITY,NO_VERIFIABLE_IDENTITY,Saudi Companies Directory,UNSURE
FZ-00384-37679-37682,a80632e6-1ccb-40f8-badb-c49413e33da6,ad619365-1bae-48dc-86ec-4efbc51c4029,NO_VERIFIABLE_IDENTITY,NO_VERIFIABLE_IDENTITY,Saudi Companies Directory,UNSURE
FZ-00385-37680-37692,77c28485-f345-43e3-9988-3a96f5ced1e0,600d4fa2-c839-4f5a-a012-5a92ef6a748d,NO_VERIFIABLE_IDENTITY,NO_VERIFIABLE_IDENTITY,Saudi Companies Directory,UNSURE
FZ-00386-37680-37694,77c28485-f345-43e3-9988-3a96f5ced1e0,8408f11a-d616-40cd-8598-4dfdc5ab6b49,NO_VERIFIABLE_IDENTITY,NO_VERIFIABLE_IDENTITY,Saudi Companies Directory,UNSURE
FZ-00387-37680-37695,77c28485-f345-43e3-9988-3a96f5ced1e0,891dfd5a-5ebd-4465-ac93-058f213446e5,NO_VERIFIABLE_IDENTITY,NO_VERIFIABLE_IDENTITY,Saudi Companies Directory,UNSURE
FZ-00388-37681-37688,2481f937-b99e-44dc-9cff-534e5595aecf,2ce9dd80-4c12-4e50-9f1e-8fa3e60d108e,NO_VERIFIABLE_IDENTITY,NO_VERIFIABLE_IDENTITY,Saudi Companies Directory,UNSURE
FZ-00389-37682-37683,ad619365-1bae-48dc-86ec-4efbc51c4029,23117820-6a85-47ed-8921-b2591431dde8,NO_VERIFIABLE_IDENTITY,NO_VERIFIABLE_IDENTITY,Saudi Companies Directory,UNSURE
FZ-00390-37682-37694,ad619365-1bae-48dc-86ec-4efbc51c4029,8408f11a-d616-40cd-8598-4dfdc5ab6b49,NO_VERIFIABLE_IDENTITY,NO_VERIFIABLE_IDENTITY,Saudi Companies Directory,UNSURE
FZ-00391-37683-37685,23117820-6a85-47ed-8921-b2591431dde8,caf6e67d-ab83-442d-8881-4bf1e3514f97,NO_VERIFIABLE_IDENTITY,NO_VERIFIABLE_IDENTITY,Saudi Companies Directory,UNSURE
FZ-00392-37683-37686,23117820-6a85-47ed-8921-b2591431dde8,c70497b7-5026-410d-9152-507308fed67f,NO_VERIFIABLE_IDENTITY,NO_VERIFIABLE_IDENTITY,Saudi Companies Directory,UNSURE
FZ-00393-37685-37688,caf6e67d-ab83-442d-8881-4bf1e3514f97,2ce9dd80-4c12-4e50-9f1e-8fa3e60d108e,NO_VERIFIABLE_IDENTITY,NO_VERIFIABLE_IDENTITY,Saudi Companies Directory,UNSURE
FZ-00394-37686-37693,c70497b7-5026-410d-9152-507308fed67f,ca0b5b0a-9a3c-4c38-b001-f5321bcfbc34,NO_VERIFIABLE_IDENTITY,NO_VERIFIABLE_IDENTITY,Saudi Companies Directory,UNSURE
FZ-00395-37686-37696,c70497b7-5026-410d-9152-507308fed67f,0f173f10-0e5d-406f-a4c6-5720ee6ea2eb,NO_VERIFIABLE_IDENTITY,NO_VERIFIABLE_IDENTITY,Saudi Companies Directory,UNSURE
FZ-00396-37687-37692,8ed8a7c5-0860-42a7-9a38-e44929bdb4bc,600d4fa2-c839-4f5a-a012-5a92ef6a748d,NO_VERIFIABLE_IDENTITY,NO_VERIFIABLE_IDENTITY,Saudi Companies Directory,UNSURE
FZ-00397-37688-37692,2ce9dd80-4c12-4e50-9f1e-8fa3e60d108e,600d4fa2-c839-4f5a-a012-5a92ef6a748d,NO_VERIFIABLE_IDENTITY,NO_VERIFIABLE_IDENTITY,Saudi Companies Directory,UNSURE
FZ-00398-37689-37692,1900c20e-1c1d-4596-8c08-c04fb4a2f5da,600d4fa2-c839-4f5a-a012-5a92ef6a748d,NO_VERIFIABLE_IDENTITY,NO_VERIFIABLE_IDENTITY,Saudi Companies Directory,UNSURE
FZ-00399-37689-37695,1900c20e-1c1d-4596-8c08-c04fb4a2f5da,891dfd5a-5ebd-4465-ac93-058f213446e5,NO_VERIFIABLE_IDENTITY,NO_VERIFIABLE_IDENTITY,Saudi Companies Directory,UNSURE
FZ-00400-37692-37695,600d4fa2-c839-4f5a-a012-5a92ef6a748d,891dfd5a-5ebd-4465-ac93-058f213446e5,NO_VERIFIABLE_IDENTITY,NO_VERIFIABLE_IDENTITY,Saudi Companies Directory,UNSURE
FZ-00401-37694-37695,8408f11a-d616-40cd-8598-4dfdc5ab6b49,891dfd5a-5ebd-4465-ac93-058f213446e5,NO_VERIFIABLE_IDENTITY,NO_VERIFIABLE_IDENTITY,Saudi Companies Directory,UNSURE
FZ-00402-157039-174345,bf8f6685-97aa-4d66-8996-90e687562f87,3b43f6de-7f41-4053-a7fb-98225788917c,NO_VERIFIABLE_IDENTITY,REVIEW_REQUIRED,Saudi Companies Directory,UNSURE
FZ-00403-157039-223349,bf8f6685-97aa-4d66-8996-90e687562f87,7d6ab573-c68a-4567-be97-c87943429e6a,NO_VERIFIABLE_IDENTITY,REVIEW_REQUIRED,Saudi Companies Directory,UNSURE
FZ-00404-157039-487725,bf8f6685-97aa-4d66-8996-90e687562f87,,NO_VERIFIABLE_IDENTITY,,Saudi Companies Directory,UNSURE
FZ-00405-157039-504160,bf8f6685-97aa-4d66-8996-90e687562f87,,NO_VERIFIABLE_IDENTITY,,Saudi Companies Directory,UNSURE
FZ-00406-157039-548640,bf8f6685-97aa-4d66-8996-90e687562f87,,NO_VERIFIABLE_IDENTITY,,Saudi Companies Directory,UNSURE
FZ-00407-160611-192777,2371adcf-d89a-458f-a017-0c0aa61c0789,2967c235-547b-43dd-8f48-52bdb7eb2da5,NO_VERIFIABLE_IDENTITY,REVIEW_REQUIRED,Saudi Companies Directory,UNSURE
FZ-00408-160611-520866,2371adcf-d89a-458f-a017-0c0aa61c0789,,NO_VERIFIABLE_IDENTITY,,Saudi Companies Directory,UNSURE
FZ-00409-174345-223349,3b43f6de-7f41-4053-a7fb-98225788917c,7d6ab573-c68a-4567-be97-c87943429e6a,REVIEW_REQUIRED,REVIEW_REQUIRED,Saudi Companies Directory,UNSURE
FZ-00410-174345-487725,3b43f6de-7f41-4053-a7fb-98225788917c,,REVIEW_REQUIRED,,Saudi Companies Directory,UNSURE
FZ-00411-174345-504160,3b43f6de-7f41-4053-a7fb-98225788917c,,REVIEW_REQUIRED,,Saudi Companies Directory,UNSURE
FZ-00412-174345-548640,3b43f6de-7f41-4053-a7fb-98225788917c,,REVIEW_REQUIRED,,Saudi Companies Directory,UNSURE
FZ-00413-192777-520866,2967c235-547b-43dd-8f48-52bdb7eb2da5,,REVIEW_REQUIRED,,Saudi Companies Directory,UNSURE
FZ-00414-201593-221131,ed499acd-7bb8-4bcd-b681-6820ede368c5,9f66c8dd-8460-4baf-9600-0415d5a17cd6,NO_VERIFIABLE_IDENTITY,REVIEW_REQUIRED,Saudi Companies Directory,UNSURE
FZ-00415-201593-529043,ed499acd-7bb8-4bcd-b681-6820ede368c5,,NO_VERIFIABLE_IDENTITY,,Saudi Companies Directory,UNSURE
FZ-00416-201593-546592,ed499acd-7bb8-4bcd-b681-6820ede368c5,,NO_VERIFIABLE_IDENTITY,,Saudi Companies Directory,UNSURE
FZ-00417-221131-529043,9f66c8dd-8460-4baf-9600-0415d5a17cd6,,REVIEW_REQUIRED,,Saudi Companies Directory,UNSURE
FZ-00418-221131-546592,9f66c8dd-8460-4baf-9600-0415d5a17cd6,,REVIEW_REQUIRED,,Saudi Companies Directory,UNSURE
FZ-00419-223349-487725,7d6ab573-c68a-4567-be97-c87943429e6a,,REVIEW_REQUIRED,,Saudi Companies Directory,UNSURE
FZ-00420-223349-504160,7d6ab573-c68a-4567-be97-c87943429e6a,,REVIEW_REQUIRED,,Saudi Companies Directory,UNSURE
FZ-00421-223349-548640,7d6ab573-c68a-4567-be97-c87943429e6a,,REVIEW_REQUIRED,,Saudi Companies Directory,UNSURE
FZ-00422-487725-504160,,,,,Portfolio Master v1 (existing draft),UNSURE
FZ-00423-487725-548640,,,,,Portfolio Master v1 (existing draft),UNSURE
FZ-00424-504160-548640,,,,,Portfolio Master v1 (existing draft),UNSURE
FZ-00425-529043-546592,,,,,Portfolio Master v1 (existing draft),UNSURE
FZ-00426-64418-64480,60820cf5-c457-42f0-af14-5dfaa9706d15,ab403409-bf83-4e5d-98c6-daaf8620477d,REVIEW_REQUIRED,REVIEW_REQUIRED,Saudi Companies Directory,UNSURE
FZ-00427-64418-175022,60820cf5-c457-42f0-af14-5dfaa9706d15,78c42253-b1e1-490d-a914-a00f5dadf2fe,REVIEW_REQUIRED,NO_VERIFIABLE_IDENTITY,Saudi Companies Directory,UNSURE
FZ-00428-64418-402015,60820cf5-c457-42f0-af14-5dfaa9706d15,,REVIEW_REQUIRED,,Saudi Companies Directory,UNSURE
FZ-00429-64480-175022,ab403409-bf83-4e5d-98c6-daaf8620477d,78c42253-b1e1-490d-a914-a00f5dadf2fe,REVIEW_REQUIRED,NO_VERIFIABLE_IDENTITY,Saudi Companies Directory,UNSURE
FZ-00430-64480-402015,ab403409-bf83-4e5d-98c6-daaf8620477d,,REVIEW_REQUIRED,,Saudi Companies Directory,UNSURE
FZ-00431-175022-402015,78c42253-b1e1-490d-a914-a00f5dadf2fe,,NO_VERIFIABLE_IDENTITY,,Saudi Companies Directory,UNSURE
FZ-00432-103211-209592,6298197e-3550-4e47-b0c5-33bfd3def0f1,91e237bd-9f7c-4f32-92a3-c2a68f947ea6,REVIEW_REQUIRED,REVIEW_REQUIRED,Saudi Companies Directory,UNSURE
FZ-00433-103211-536570,6298197e-3550-4e47-b0c5-33bfd3def0f1,,REVIEW_REQUIRED,,Saudi Companies Directory,UNSURE
FZ-00434-131918-464449,f3a35b9e-ca85-4536-9550-4135b96d19c0,,REVIEW_REQUIRED,,Saudi Companies Directory,UNSURE
FZ-00435-209592-536570,91e237bd-9f7c-4f32-92a3-c2a68f947ea6,,REVIEW_REQUIRED,,Saudi Companies Directory,UNSURE
FZ-00436-74596-114425,acb07608-b5b5-4ebb-a77e-2ebb53e6c180,8a4a8ddc-c602-4f0a-9149-64e9a3d8689e,REVIEW_REQUIRED,NO_VERIFIABLE_IDENTITY,Saudi Companies Directory,UNSURE
FZ-00437-74596-447950,acb07608-b5b5-4ebb-a77e-2ebb53e6c180,,REVIEW_REQUIRED,,Saudi Companies Directory,UNSURE
FZ-00438-114425-447950,8a4a8ddc-c602-4f0a-9149-64e9a3d8689e,,NO_VERIFIABLE_IDENTITY,,Saudi Companies Directory,UNSURE
FZ-00439-308025-559305,846f64ce-d118-40bb-a74d-567de04578a7,,REVIEW_REQUIRED,,NCNP,UNSURE
FZ-00440-651-340820,1e17012d-9124-4397-8752-d5586f8068c1,,REVIEW_REQUIRED,,Saudi Companies Directory,UNSURE
FZ-00441-33190-72892,1d7146d4-38d2-44af-b018-8122b7ab78e8,55b40265-0654-4e74-8b75-fc38de1984ef,NO_VERIFIABLE_IDENTITY,REVIEW_REQUIRED,Saudi Companies Directory,UNSURE
FZ-00442-33190-409934,1d7146d4-38d2-44af-b018-8122b7ab78e8,,NO_VERIFIABLE_IDENTITY,,Saudi Companies Directory,UNSURE
FZ-00443-72892-409934,55b40265-0654-4e74-8b75-fc38de1984ef,,REVIEW_REQUIRED,,Saudi Companies Directory,UNSURE
FZ-00444-100277-113889,ebcbc116-8fd7-42ef-ac81-e2ae1030a314,cdb3ca25-6b04-4b36-9f03-d63b3d5b0cfc,NO_VERIFIABLE_IDENTITY,NO_VERIFIABLE_IDENTITY,Saudi Companies Directory,UNSURE
FZ-00445-100277-434829,ebcbc116-8fd7-42ef-ac81-e2ae1030a314,,NO_VERIFIABLE_IDENTITY,,Saudi Companies Directory,UNSURE
FZ-00446-100277-447427,ebcbc116-8fd7-42ef-ac81-e2ae1030a314,,NO_VERIFIABLE_IDENTITY,,Saudi Companies Directory,UNSURE
FZ-00447-113889-434829,cdb3ca25-6b04-4b36-9f03-d63b3d5b0cfc,,NO_VERIFIABLE_IDENTITY,,Saudi Companies Directory,UNSURE
FZ-00448-113889-447427,cdb3ca25-6b04-4b36-9f03-d63b3d5b0cfc,,NO_VERIFIABLE_IDENTITY,,Saudi Companies Directory,UNSURE
FZ-00449-434829-447427,,,,,Portfolio Master v1 (existing draft),UNSURE
FZ-00450-7972-130676,d68d1e89-3338-4629-9a2f-08a78e6d45ef,fffd8207-ca60-4721-9276-bcb406587d3b,NO_VERIFIABLE_IDENTITY,REVIEW_REQUIRED,Saudi Companies Directory,UNSURE
FZ-00451-7972-347978,d68d1e89-3338-4629-9a2f-08a78e6d45ef,,NO_VERIFIABLE_IDENTITY,,Saudi Companies Directory,UNSURE
FZ-00452-7972-463288,d68d1e89-3338-4629-9a2f-08a78e6d45ef,,NO_VERIFIABLE_IDENTITY,,Saudi Companies Directory,UNSURE
FZ-00453-130676-347978,fffd8207-ca60-4721-9276-bcb406587d3b,,REVIEW_REQUIRED,,Saudi Companies Directory,UNSURE
FZ-00454-130676-463288,fffd8207-ca60-4721-9276-bcb406587d3b,,REVIEW_REQUIRED,,Saudi Companies Directory,UNSURE
FZ-00455-347978-463288,,,,,Portfolio Master v1 (existing draft),UNSURE
FZ-00456-112688-446248,658acd2a-bf03-4337-a241-9614041a2dcd,,REVIEW_REQUIRED,,Saudi Companies Directory,UNSURE
FZ-00457-33267-72852,58cd529a-7e5b-4b94-8edd-71953da21821,523b196e-99c3-4bd3-b7ee-1b5c6280791b,NO_VERIFIABLE_IDENTITY,REVIEW_REQUIRED,Saudi Companies Directory,UNSURE
FZ-00458-33267-409902,58cd529a-7e5b-4b94-8edd-71953da21821,,NO_VERIFIABLE_IDENTITY,,Saudi Companies Directory,UNSURE
FZ-00459-72852-409902,523b196e-99c3-4bd3-b7ee-1b5c6280791b,,REVIEW_REQUIRED,,Saudi Companies Directory,UNSURE
FZ-00460-20192-222863,b47af26a-105f-4cc3-a258-13971079dec3,e182b2f4-56a2-4255-8c20-bfeded4f8154,REVIEW_REQUIRED,REVIEW_REQUIRED,Saudi Companies Directory,UNSURE
FZ-00461-31470-71776,02dcee91-8069-403b-b829-ab68c58e15b7,8d5f9b9d-d774-4e60-8d2e-e9ecbc1b2a81,REVIEW_REQUIRED,NO_VERIFIABLE_IDENTITY,Saudi Companies Directory,UNSURE
FZ-00462-31470-165054,02dcee91-8069-403b-b829-ab68c58e15b7,20789214-ea13-44b7-8576-9e54e8ab57a1,REVIEW_REQUIRED,NO_VERIFIABLE_IDENTITY,Saudi Companies Directory,UNSURE
FZ-00463-31470-408908,02dcee91-8069-403b-b829-ab68c58e15b7,,REVIEW_REQUIRED,,Saudi Companies Directory,UNSURE
FZ-00464-31470-495193,02dcee91-8069-403b-b829-ab68c58e15b7,,REVIEW_REQUIRED,,Saudi Companies Directory,UNSURE
FZ-00465-32133-64468,c29ce9db-9020-46e2-8f7d-c469678ee613,6f0f5bd2-83cb-4fcd-b4c8-880130c84a08,REVIEW_REQUIRED,REVIEW_REQUIRED,Saudi Companies Directory,UNSURE
FZ-00466-32133-175156,c29ce9db-9020-46e2-8f7d-c469678ee613,0ad0350c-7a3e-4bf0-8824-3e08b0ea0b58,REVIEW_REQUIRED,NO_VERIFIABLE_IDENTITY,Saudi Companies Directory,UNSURE
FZ-00467-32133-504925,c29ce9db-9020-46e2-8f7d-c469678ee613,,REVIEW_REQUIRED,,Saudi Companies Directory,UNSURE
FZ-00468-33242-72832,7cc42848-4932-4114-9c54-e5098204f05c,96b9cd22-e3d1-47a5-8380-353a5689f875,NO_VERIFIABLE_IDENTITY,NO_VERIFIABLE_IDENTITY,Saudi Companies Directory,UNSURE
FZ-00469-41917-219647,9ed5a868-df23-4b24-b823-699ff491e01f,f462998f-1d55-4a8c-b747-18a9c4e39155,NO_VERIFIABLE_IDENTITY,NO_VERIFIABLE_IDENTITY,Saudi Companies Directory,UNSURE
FZ-00470-41917-380581,9ed5a868-df23-4b24-b823-699ff491e01f,,NO_VERIFIABLE_IDENTITY,,Saudi Companies Directory,UNSURE
FZ-00471-41917-545717,9ed5a868-df23-4b24-b823-699ff491e01f,,NO_VERIFIABLE_IDENTITY,,Saudi Companies Directory,UNSURE
FZ-00472-64407-175180,85d1b8a7-d05d-4200-aa2c-b32e8b25b89f,e713340c-3bef-4409-b645-daee3233a403,REVIEW_REQUIRED,NO_VERIFIABLE_IDENTITY,Saudi Companies Directory,UNSURE
FZ-00473-64468-175156,6f0f5bd2-83cb-4fcd-b4c8-880130c84a08,0ad0350c-7a3e-4bf0-8824-3e08b0ea0b58,REVIEW_REQUIRED,NO_VERIFIABLE_IDENTITY,Saudi Companies Directory,UNSURE
FZ-00474-64468-504925,6f0f5bd2-83cb-4fcd-b4c8-880130c84a08,,REVIEW_REQUIRED,,Saudi Companies Directory,UNSURE
FZ-00475-71776-165054,8d5f9b9d-d774-4e60-8d2e-e9ecbc1b2a81,20789214-ea13-44b7-8576-9e54e8ab57a1,NO_VERIFIABLE_IDENTITY,NO_VERIFIABLE_IDENTITY,Saudi Companies Directory,UNSURE
FZ-00476-71776-408908,8d5f9b9d-d774-4e60-8d2e-e9ecbc1b2a81,,NO_VERIFIABLE_IDENTITY,,Saudi Companies Directory,UNSURE
FZ-00477-71776-495193,8d5f9b9d-d774-4e60-8d2e-e9ecbc1b2a81,,NO_VERIFIABLE_IDENTITY,,Saudi Companies Directory,UNSURE
FZ-00478-102501-436545,71679625-b8a4-4079-9a50-414d702ceb10,,REVIEW_REQUIRED,,Saudi Companies Directory,UNSURE
FZ-00479-108705-220930,c4774d87-78c8-4e77-a028-73b6fb6768ae,8ef20ab0-83af-458a-87f2-3fe7ef321745,NO_VERIFIABLE_IDENTITY,NO_VERIFIABLE_IDENTITY,Saudi Companies Directory,UNSURE
FZ-00480-108705-546409,c4774d87-78c8-4e77-a028-73b6fb6768ae,,NO_VERIFIABLE_IDENTITY,,Saudi Companies Directory,UNSURE
FZ-00481-144528-475831,883a1893-8822-4293-ade8-3b026fe49b2e,,REVIEW_REQUIRED,,Saudi Companies Directory,UNSURE
FZ-00482-145341-220823,70b7d5f2-2305-47da-966d-8ff476f48706,a4d56df5-2fbe-4828-9e27-417db9e5f628,REVIEW_REQUIRED,REVIEW_REQUIRED,Saudi Companies Directory,UNSURE
FZ-00483-145341-476547,70b7d5f2-2305-47da-966d-8ff476f48706,,REVIEW_REQUIRED,,Saudi Companies Directory,UNSURE
FZ-00484-145341-546312,70b7d5f2-2305-47da-966d-8ff476f48706,,REVIEW_REQUIRED,,Saudi Companies Directory,UNSURE
FZ-00485-165054-408908,20789214-ea13-44b7-8576-9e54e8ab57a1,,NO_VERIFIABLE_IDENTITY,,Saudi Companies Directory,UNSURE
FZ-00486-165054-495193,20789214-ea13-44b7-8576-9e54e8ab57a1,,NO_VERIFIABLE_IDENTITY,,Saudi Companies Directory,UNSURE
FZ-00487-175156-504925,0ad0350c-7a3e-4bf0-8824-3e08b0ea0b58,,NO_VERIFIABLE_IDENTITY,,Saudi Companies Directory,UNSURE
FZ-00488-192771-224202,57f432a1-401c-4e5c-af88-c4c7c0ef5b68,6f181bfa-1a78-4a07-85c0-d5eed9fa87e3,REVIEW_REQUIRED,NO_VERIFIABLE_IDENTITY,Saudi Companies Directory,UNSURE
FZ-00489-192771-549458,57f432a1-401c-4e5c-af88-c4c7c0ef5b68,,REVIEW_REQUIRED,,Saudi Companies Directory,UNSURE
FZ-00490-203831-531215,1953bd59-17c9-498b-b770-56368fff5a5b,,REVIEW_REQUIRED,,Saudi Companies Directory,UNSURE
FZ-00491-219647-380581,f462998f-1d55-4a8c-b747-18a9c4e39155,,NO_VERIFIABLE_IDENTITY,,Saudi Companies Directory,UNSURE
FZ-00492-219647-545717,f462998f-1d55-4a8c-b747-18a9c4e39155,,NO_VERIFIABLE_IDENTITY,,Saudi Companies Directory,UNSURE
FZ-00493-220823-476547,a4d56df5-2fbe-4828-9e27-417db9e5f628,,REVIEW_REQUIRED,,Saudi Companies Directory,UNSURE
FZ-00494-220823-546312,a4d56df5-2fbe-4828-9e27-417db9e5f628,,REVIEW_REQUIRED,,Saudi Companies Directory,UNSURE
FZ-00495-220930-546409,8ef20ab0-83af-458a-87f2-3fe7ef321745,,NO_VERIFIABLE_IDENTITY,,Saudi Companies Directory,UNSURE
FZ-00496-221027-546498,26454338-95f1-478c-97b3-5e550251f7dc,,NO_VERIFIABLE_IDENTITY,,Saudi Companies Directory,UNSURE
FZ-00497-221567-546973,e7e9b7ea-c7da-4a4e-8fd7-f2353316ac10,,REVIEW_REQUIRED,,Saudi Companies Directory,UNSURE
FZ-00498-224202-549458,6f181bfa-1a78-4a07-85c0-d5eed9fa87e3,,NO_VERIFIABLE_IDENTITY,,Saudi Companies Directory,UNSURE
FZ-00499-380581-545717,,,,,Portfolio Master v1 (existing draft),UNSURE
FZ-00500-408908-495193,,,,,Portfolio Master v1 (existing draft),UNSURE
FZ-00501-476547-546312,,,,,Portfolio Master v1 (existing draft),UNSURE
FZ-00502-121613-454672,7c25eef1-9b72-4a17-b73b-7ea3d0f4b701,,REVIEW_REQUIRED,,Saudi Companies Directory,UNSURE
FZ-00503-190886-311458,af6af96d-6f28-4354-813b-200193010fd3,96b04e72-2c09-4698-b1ec-5e540bd5ccd6,NO_VERIFIABLE_IDENTITY,DETERMINISTIC_SINGLE_SOURCE,Saudi Companies Directory,ESCALATE
FZ-00504-190886-519183,af6af96d-6f28-4354-813b-200193010fd3,,NO_VERIFIABLE_IDENTITY,,Saudi Companies Directory,UNSURE
FZ-00505-190886-562693,af6af96d-6f28-4354-813b-200193010fd3,,NO_VERIFIABLE_IDENTITY,,Saudi Companies Directory,UNSURE
FZ-00506-311458-519183,96b04e72-2c09-4698-b1ec-5e540bd5ccd6,,DETERMINISTIC_SINGLE_SOURCE,,NCNP,ESCALATE
FZ-00507-311458-562693,96b04e72-2c09-4698-b1ec-5e540bd5ccd6,,DETERMINISTIC_SINGLE_SOURCE,,NCNP,ESCALATE
FZ-00508-519183-562693,,,,,Portfolio Master v1 (existing draft),UNSURE
FZ-00509-38764-71613,48d5611a-05ce-4a8f-9772-e59e8abf74d0,773ae7ab-f6b5-4a86-bf8d-f2f80f9696b8,NO_VERIFIABLE_IDENTITY,REVIEW_REQUIRED,Saudi Companies Directory,UNSURE
FZ-00510-38764-174807,48d5611a-05ce-4a8f-9772-e59e8abf74d0,e46d53ec-176c-4e18-8e8b-520a9cb70865,NO_VERIFIABLE_IDENTITY,NO_VERIFIABLE_IDENTITY,Saudi Companies Directory,UNSURE
FZ-00511-38764-377491,48d5611a-05ce-4a8f-9772-e59e8abf74d0,,NO_VERIFIABLE_IDENTITY,,Saudi Companies Directory,UNSURE
FZ-00512-38764-408756,48d5611a-05ce-4a8f-9772-e59e8abf74d0,,NO_VERIFIABLE_IDENTITY,,Saudi Companies Directory,UNSURE
FZ-00513-71613-174807,773ae7ab-f6b5-4a86-bf8d-f2f80f9696b8,e46d53ec-176c-4e18-8e8b-520a9cb70865,REVIEW_REQUIRED,NO_VERIFIABLE_IDENTITY,Saudi Companies Directory,UNSURE
FZ-00514-71613-377491,773ae7ab-f6b5-4a86-bf8d-f2f80f9696b8,,REVIEW_REQUIRED,,Saudi Companies Directory,UNSURE
FZ-00515-71613-408756,773ae7ab-f6b5-4a86-bf8d-f2f80f9696b8,,REVIEW_REQUIRED,,Saudi Companies Directory,UNSURE
FZ-00516-174807-377491,e46d53ec-176c-4e18-8e8b-520a9cb70865,,NO_VERIFIABLE_IDENTITY,,Saudi Companies Directory,UNSURE
FZ-00517-174807-408756,e46d53ec-176c-4e18-8e8b-520a9cb70865,,NO_VERIFIABLE_IDENTITY,,Saudi Companies Directory,UNSURE
FZ-00518-377491-408756,,,,,Portfolio Master v1 (existing draft),UNSURE
FZ-00519-16422-57658,3ca97421-1117-4ee1-9aa2-10d740334122,c5d57713-e0d3-4dc1-b99f-dc111ad58baf,NO_VERIFIABLE_IDENTITY,REVIEW_REQUIRED,Saudi Companies Directory,UNSURE
FZ-00520-16422-57673,3ca97421-1117-4ee1-9aa2-10d740334122,9d271cf7-937e-4997-a5cd-28249c7d4142,NO_VERIFIABLE_IDENTITY,NO_VERIFIABLE_IDENTITY,Saudi Companies Directory,UNSURE
FZ-00521-16422-395607,3ca97421-1117-4ee1-9aa2-10d740334122,,NO_VERIFIABLE_IDENTITY,,Saudi Companies Directory,UNSURE
FZ-00522-57658-57673,c5d57713-e0d3-4dc1-b99f-dc111ad58baf,9d271cf7-937e-4997-a5cd-28249c7d4142,REVIEW_REQUIRED,NO_VERIFIABLE_IDENTITY,Saudi Companies Directory,UNSURE
FZ-00523-57658-395607,c5d57713-e0d3-4dc1-b99f-dc111ad58baf,,REVIEW_REQUIRED,,Saudi Companies Directory,UNSURE
FZ-00524-57673-395607,9d271cf7-937e-4997-a5cd-28249c7d4142,,NO_VERIFIABLE_IDENTITY,,Saudi Companies Directory,UNSURE
FZ-00525-68539-405868,8d6ec628-516a-454c-98cf-d357a2606668,,REVIEW_REQUIRED,,Saudi Companies Directory,UNSURE
FZ-00526-132430-200465,7f27026e-a630-4c6e-94b3-6066242d0af2,67c55465-dc79-4ac7-8883-5d40da42eb4a,NO_VERIFIABLE_IDENTITY,REVIEW_REQUIRED,Saudi Companies Directory,UNSURE
FZ-00527-132430-464916,7f27026e-a630-4c6e-94b3-6066242d0af2,,NO_VERIFIABLE_IDENTITY,,Saudi Companies Directory,UNSURE
FZ-00528-132430-528018,7f27026e-a630-4c6e-94b3-6066242d0af2,,NO_VERIFIABLE_IDENTITY,,Saudi Companies Directory,UNSURE
FZ-00529-135472-158643,897ef84c-ae1e-4374-8008-9e7dd5d879a8,0c70538d-722b-4de7-9020-b00a27d1fb3d,NO_VERIFIABLE_IDENTITY,NO_VERIFIABLE_IDENTITY,Saudi Companies Directory,UNSURE
FZ-00530-135472-178994,897ef84c-ae1e-4374-8008-9e7dd5d879a8,5e8e6153-2041-4ef9-8fb5-fedb46436fdd,NO_VERIFIABLE_IDENTITY,NO_VERIFIABLE_IDENTITY,Saudi Companies Directory,UNSURE
FZ-00531-135472-179099,897ef84c-ae1e-4374-8008-9e7dd5d879a8,2b73c86f-25b3-442f-ac16-1c41abe49ab8,NO_VERIFIABLE_IDENTITY,REVIEW_REQUIRED,Saudi Companies Directory,UNSURE
FZ-00532-135472-467543,897ef84c-ae1e-4374-8008-9e7dd5d879a8,,NO_VERIFIABLE_IDENTITY,,Saudi Companies Directory,UNSURE
FZ-00533-135472-489158,897ef84c-ae1e-4374-8008-9e7dd5d879a8,,NO_VERIFIABLE_IDENTITY,,Saudi Companies Directory,UNSURE
FZ-00534-135472-508568,897ef84c-ae1e-4374-8008-9e7dd5d879a8,,NO_VERIFIABLE_IDENTITY,,Saudi Companies Directory,UNSURE
FZ-00535-135472-508666,897ef84c-ae1e-4374-8008-9e7dd5d879a8,,NO_VERIFIABLE_IDENTITY,,Saudi Companies Directory,UNSURE
FZ-00536-158643-178994,0c70538d-722b-4de7-9020-b00a27d1fb3d,5e8e6153-2041-4ef9-8fb5-fedb46436fdd,NO_VERIFIABLE_IDENTITY,NO_VERIFIABLE_IDENTITY,Saudi Companies Directory,UNSURE
FZ-00537-158643-179099,0c70538d-722b-4de7-9020-b00a27d1fb3d,2b73c86f-25b3-442f-ac16-1c41abe49ab8,NO_VERIFIABLE_IDENTITY,REVIEW_REQUIRED,Saudi Companies Directory,UNSURE
FZ-00538-158643-467543,0c70538d-722b-4de7-9020-b00a27d1fb3d,,NO_VERIFIABLE_IDENTITY,,Saudi Companies Directory,UNSURE
FZ-00539-158643-489158,0c70538d-722b-4de7-9020-b00a27d1fb3d,,NO_VERIFIABLE_IDENTITY,,Saudi Companies Directory,UNSURE
FZ-00540-158643-508568,0c70538d-722b-4de7-9020-b00a27d1fb3d,,NO_VERIFIABLE_IDENTITY,,Saudi Companies Directory,UNSURE
FZ-00541-158643-508666,0c70538d-722b-4de7-9020-b00a27d1fb3d,,NO_VERIFIABLE_IDENTITY,,Saudi Companies Directory,UNSURE
FZ-00542-178994-179099,5e8e6153-2041-4ef9-8fb5-fedb46436fdd,2b73c86f-25b3-442f-ac16-1c41abe49ab8,NO_VERIFIABLE_IDENTITY,REVIEW_REQUIRED,Saudi Companies Directory,UNSURE
FZ-00543-178994-467543,5e8e6153-2041-4ef9-8fb5-fedb46436fdd,,NO_VERIFIABLE_IDENTITY,,Saudi Companies Directory,UNSURE
FZ-00544-178994-489158,5e8e6153-2041-4ef9-8fb5-fedb46436fdd,,NO_VERIFIABLE_IDENTITY,,Saudi Companies Directory,UNSURE
FZ-00545-178994-508568,5e8e6153-2041-4ef9-8fb5-fedb46436fdd,,NO_VERIFIABLE_IDENTITY,,Saudi Companies Directory,UNSURE
FZ-00546-178994-508666,5e8e6153-2041-4ef9-8fb5-fedb46436fdd,,NO_VERIFIABLE_IDENTITY,,Saudi Companies Directory,UNSURE
FZ-00547-179099-467543,2b73c86f-25b3-442f-ac16-1c41abe49ab8,,REVIEW_REQUIRED,,Saudi Companies Directory,UNSURE
FZ-00548-179099-489158,2b73c86f-25b3-442f-ac16-1c41abe49ab8,,REVIEW_REQUIRED,,Saudi Companies Directory,UNSURE
FZ-00549-179099-508568,2b73c86f-25b3-442f-ac16-1c41abe49ab8,,REVIEW_REQUIRED,,Saudi Companies Directory,UNSURE
FZ-00550-179099-508666,2b73c86f-25b3-442f-ac16-1c41abe49ab8,,REVIEW_REQUIRED,,Saudi Companies Directory,UNSURE
FZ-00551-200465-464916,67c55465-dc79-4ac7-8883-5d40da42eb4a,,REVIEW_REQUIRED,,Saudi Companies Directory,UNSURE
FZ-00552-200465-528018,67c55465-dc79-4ac7-8883-5d40da42eb4a,,REVIEW_REQUIRED,,Saudi Companies Directory,UNSURE
FZ-00553-464916-528018,,,,,Portfolio Master v1 (existing draft),UNSURE
FZ-00554-467543-489158,,,,,Portfolio Master v1 (existing draft),UNSURE
FZ-00555-467543-508568,,,,,Portfolio Master v1 (existing draft),UNSURE
FZ-00556-467543-508666,,,,,Portfolio Master v1 (existing draft),UNSURE
FZ-00557-489158-508568,,,,,Portfolio Master v1 (existing draft),UNSURE
FZ-00558-489158-508666,,,,,Portfolio Master v1 (existing draft),UNSURE
FZ-00559-508568-508666,,,,,Portfolio Master v1 (existing draft),UNSURE
FZ-00560-125883-164213,853f1510-5092-4b26-b29f-fb767a92f374,97b7dfe2-c0dc-4305-be06-bd0f1907c103,REVIEW_REQUIRED,NO_VERIFIABLE_IDENTITY,Saudi Companies Directory,UNSURE
FZ-00561-125883-458650,853f1510-5092-4b26-b29f-fb767a92f374,,REVIEW_REQUIRED,,Saudi Companies Directory,UNSURE
FZ-00562-125883-494382,853f1510-5092-4b26-b29f-fb767a92f374,,REVIEW_REQUIRED,,Saudi Companies Directory,UNSURE
FZ-00563-149523-480557,bdf422f7-c9cd-4a01-8db1-177b0e4c2e86,,REVIEW_REQUIRED,,Saudi Companies Directory,UNSURE
FZ-00564-164213-458650,97b7dfe2-c0dc-4305-be06-bd0f1907c103,,NO_VERIFIABLE_IDENTITY,,Saudi Companies Directory,UNSURE
FZ-00565-164213-494382,97b7dfe2-c0dc-4305-be06-bd0f1907c103,,NO_VERIFIABLE_IDENTITY,,Saudi Companies Directory,UNSURE
FZ-00566-458650-494382,,,,,Portfolio Master v1 (existing draft),UNSURE
FZ-00567-119168-217972,8eba180d-b5f4-43f8-a6a9-a7cec524ea26,dd95a823-419f-480f-b45b-9dfe18a19828,REVIEW_REQUIRED,REVIEW_REQUIRED,Saudi Companies Directory,UNSURE
FZ-00568-120944-200576,3f9d3850-440a-4a81-86da-87314c71a30c,a9604a23-760f-4348-b33c-40e40c564a44,REVIEW_REQUIRED,REVIEW_REQUIRED,Saudi Companies Directory,UNSURE
FZ-00569-150093-219325,b662d884-bfcf-420f-911e-bc7979f91152,f028b5e2-f01f-48f4-a838-4168dca395ac,REVIEW_REQUIRED,NO_VERIFIABLE_IDENTITY,Saudi Companies Directory,UNSURE
FZ-00570-150093-545554,b662d884-bfcf-420f-911e-bc7979f91152,,REVIEW_REQUIRED,,Saudi Companies Directory,UNSURE
FZ-00571-219325-545554,f028b5e2-f01f-48f4-a838-4168dca395ac,,NO_VERIFIABLE_IDENTITY,,Saudi Companies Directory,UNSURE
FZ-00572-311560-562794,b34f8ad9-80b5-4605-bde7-07d40c55143f,,DETERMINISTIC_SINGLE_SOURCE,,NCNP,ESCALATE
FZ-00573-154433-485241,9adb5b2b-8b3a-4d6a-b52a-0e60c806d80d,,REVIEW_REQUIRED,,Saudi Companies Directory,UNSURE
FZ-00574-102691-136429,4d1bc90d-ad3e-4e14-a55b-fd05fae72dd0,1fdffef9-70ac-4301-9587-57ef153c53ac,REVIEW_REQUIRED,REVIEW_REQUIRED,Saudi Companies Directory,UNSURE
FZ-00575-102691-436734,4d1bc90d-ad3e-4e14-a55b-fd05fae72dd0,,REVIEW_REQUIRED,,Saudi Companies Directory,UNSURE
FZ-00576-136429-436734,1fdffef9-70ac-4301-9587-57ef153c53ac,,REVIEW_REQUIRED,,Saudi Companies Directory,UNSURE
FZ-00577-198987-526659,15b7829f-1b97-443a-8ee4-49b8718fdc2e,,REVIEW_REQUIRED,,Saudi Companies Directory,UNSURE
FZ-00578-152270-483157,51d4cd7f-9161-47fb-8149-e9f52b79d5b3,,REVIEW_REQUIRED,,Saudi Companies Directory,UNSURE
FZ-00579-151947-482842,2a64b571-3ba9-47d7-a252-02a77bc87ff7,,REVIEW_REQUIRED,,Saudi Companies Directory,UNSURE
FZ-00580-156192-486939,c127c591-c042-45a9-8517-2e0db10092b5,,REVIEW_REQUIRED,,Saudi Companies Directory,UNSURE
FZ-00581-102698-143930,2f4172ca-e0b1-4740-b4be-f85d38b6f6ce,1573af82-469c-48d5-b9d0-dab25c4d233a,NO_VERIFIABLE_IDENTITY,NO_VERIFIABLE_IDENTITY,Saudi Companies Directory,UNSURE
FZ-00582-102698-220065,2f4172ca-e0b1-4740-b4be-f85d38b6f6ce,16afcf4b-a221-465e-8df7-24965dc4db7f,NO_VERIFIABLE_IDENTITY,NO_VERIFIABLE_IDENTITY,Saudi Companies Directory,UNSURE
FZ-00583-102698-436741,2f4172ca-e0b1-4740-b4be-f85d38b6f6ce,,NO_VERIFIABLE_IDENTITY,,Saudi Companies Directory,UNSURE
FZ-00584-143930-220065,1573af82-469c-48d5-b9d0-dab25c4d233a,16afcf4b-a221-465e-8df7-24965dc4db7f,NO_VERIFIABLE_IDENTITY,NO_VERIFIABLE_IDENTITY,Saudi Companies Directory,UNSURE
FZ-00585-143930-436741,1573af82-469c-48d5-b9d0-dab25c4d233a,,NO_VERIFIABLE_IDENTITY,,Saudi Companies Directory,UNSURE
FZ-00586-220065-436741,16afcf4b-a221-465e-8df7-24965dc4db7f,,NO_VERIFIABLE_IDENTITY,,Saudi Companies Directory,UNSURE
FZ-00587-17677-74655,81017ec5-f1a9-4d8a-a0e5-0bf115f0fb6a,72568f67-6aeb-48e1-ada5-0951e24195c5,NO_VERIFIABLE_IDENTITY,NO_VERIFIABLE_IDENTITY,Saudi Companies Directory,UNSURE
FZ-00588-159911-490266,7b90f164-1791-40ba-81cf-ae9e79b6272c,,REVIEW_REQUIRED,,Saudi Companies Directory,UNSURE
FZ-00589-2503-75374,23442d02-a32e-43f3-a06e-32e4323d15cf,a8c955bf-90be-49c4-9490-a9e1f68e7047,NO_VERIFIABLE_IDENTITY,REVIEW_REQUIRED,Saudi Companies Directory,UNSURE
FZ-00590-2503-141472,23442d02-a32e-43f3-a06e-32e4323d15cf,817d441e-c36b-480e-8288-0bd468cff815,NO_VERIFIABLE_IDENTITY,NO_VERIFIABLE_IDENTITY,Saudi Companies Directory,UNSURE
FZ-00591-2503-342649,23442d02-a32e-43f3-a06e-32e4323d15cf,,NO_VERIFIABLE_IDENTITY,,Saudi Companies Directory,UNSURE
FZ-00592-2503-412204,23442d02-a32e-43f3-a06e-32e4323d15cf,,NO_VERIFIABLE_IDENTITY,,Saudi Companies Directory,UNSURE
FZ-00593-2503-473093,23442d02-a32e-43f3-a06e-32e4323d15cf,,NO_VERIFIABLE_IDENTITY,,Saudi Companies Directory,UNSURE
FZ-00594-33578-133814,b573e0e2-e7f4-4800-acf4-f88b5e5ad2e2,c5a6b42d-c7e7-4c06-a922-96da62fc43f1,NO_VERIFIABLE_IDENTITY,REVIEW_REQUIRED,Saudi Companies Directory,UNSURE
FZ-00595-33578-164322,b573e0e2-e7f4-4800-acf4-f88b5e5ad2e2,3f845c6f-f352-4a50-be77-6b8d1b0d16f3,NO_VERIFIABLE_IDENTITY,NO_VERIFIABLE_IDENTITY,Saudi Companies Directory,UNSURE
FZ-00596-33578-372710,b573e0e2-e7f4-4800-acf4-f88b5e5ad2e2,,NO_VERIFIABLE_IDENTITY,,Saudi Companies Directory,UNSURE
FZ-00597-33578-466152,b573e0e2-e7f4-4800-acf4-f88b5e5ad2e2,,NO_VERIFIABLE_IDENTITY,,Saudi Companies Directory,UNSURE
FZ-00598-33578-494483,b573e0e2-e7f4-4800-acf4-f88b5e5ad2e2,,NO_VERIFIABLE_IDENTITY,,Saudi Companies Directory,UNSURE
FZ-00599-75374-141472,a8c955bf-90be-49c4-9490-a9e1f68e7047,817d441e-c36b-480e-8288-0bd468cff815,REVIEW_REQUIRED,NO_VERIFIABLE_IDENTITY,Saudi Companies Directory,UNSURE
FZ-00600-75374-342649,a8c955bf-90be-49c4-9490-a9e1f68e7047,,REVIEW_REQUIRED,,Saudi Companies Directory,UNSURE
FZ-00601-75374-412204,a8c955bf-90be-49c4-9490-a9e1f68e7047,,REVIEW_REQUIRED,,Saudi Companies Directory,UNSURE
FZ-00602-75374-473093,a8c955bf-90be-49c4-9490-a9e1f68e7047,,REVIEW_REQUIRED,,Saudi Companies Directory,UNSURE
FZ-00603-133814-164322,c5a6b42d-c7e7-4c06-a922-96da62fc43f1,3f845c6f-f352-4a50-be77-6b8d1b0d16f3,REVIEW_REQUIRED,NO_VERIFIABLE_IDENTITY,Saudi Companies Directory,UNSURE
FZ-00604-133814-372710,c5a6b42d-c7e7-4c06-a922-96da62fc43f1,,REVIEW_REQUIRED,,Saudi Companies Directory,UNSURE
FZ-00605-133814-466152,c5a6b42d-c7e7-4c06-a922-96da62fc43f1,,REVIEW_REQUIRED,,Saudi Companies Directory,UNSURE
FZ-00606-133814-494483,c5a6b42d-c7e7-4c06-a922-96da62fc43f1,,REVIEW_REQUIRED,,Saudi Companies Directory,UNSURE
FZ-00607-141472-342649,817d441e-c36b-480e-8288-0bd468cff815,,NO_VERIFIABLE_IDENTITY,,Saudi Companies Directory,UNSURE
FZ-00608-141472-412204,817d441e-c36b-480e-8288-0bd468cff815,,NO_VERIFIABLE_IDENTITY,,Saudi Companies Directory,UNSURE
FZ-00609-141472-473093,817d441e-c36b-480e-8288-0bd468cff815,,NO_VERIFIABLE_IDENTITY,,Saudi Companies Directory,UNSURE
FZ-00610-164322-372710,3f845c6f-f352-4a50-be77-6b8d1b0d16f3,,NO_VERIFIABLE_IDENTITY,,Saudi Companies Directory,UNSURE
FZ-00611-164322-466152,3f845c6f-f352-4a50-be77-6b8d1b0d16f3,,NO_VERIFIABLE_IDENTITY,,Saudi Companies Directory,UNSURE
FZ-00612-164322-494483,3f845c6f-f352-4a50-be77-6b8d1b0d16f3,,NO_VERIFIABLE_IDENTITY,,Saudi Companies Directory,UNSURE
FZ-00613-342649-412204,,,,,Portfolio Master v1 (existing draft),UNSURE
FZ-00614-342649-473093,,,,,Portfolio Master v1 (existing draft),UNSURE
FZ-00615-372710-466152,,,,,Portfolio Master v1 (existing draft),UNSURE
FZ-00616-372710-494483,,,,,Portfolio Master v1 (existing draft),UNSURE
FZ-00617-412204-473093,,,,,Portfolio Master v1 (existing draft),UNSURE
FZ-00618-466152-494483,,,,,Portfolio Master v1 (existing draft),UNSURE
FZ-00619-116486-120176,0e38898b-f1d6-43e3-a0f8-3fb380b6f9c7,815a0a8b-aedb-4c37-a40e-6e67743d296a,REVIEW_REQUIRED,REVIEW_REQUIRED,Saudi Companies Directory,UNSURE
FZ-00620-116486-187962,0e38898b-f1d6-43e3-a0f8-3fb380b6f9c7,7a4917fb-6be1-4b51-8628-7558489f975b,REVIEW_REQUIRED,REVIEW_REQUIRED,Saudi Companies Directory,UNSURE
FZ-00621-116486-449877,0e38898b-f1d6-43e3-a0f8-3fb380b6f9c7,,REVIEW_REQUIRED,,Saudi Companies Directory,UNSURE
FZ-00622-120176-187962,815a0a8b-aedb-4c37-a40e-6e67743d296a,7a4917fb-6be1-4b51-8628-7558489f975b,REVIEW_REQUIRED,REVIEW_REQUIRED,Saudi Companies Directory,UNSURE
FZ-00623-120176-449877,815a0a8b-aedb-4c37-a40e-6e67743d296a,,REVIEW_REQUIRED,,Saudi Companies Directory,UNSURE
FZ-00624-187962-449877,7a4917fb-6be1-4b51-8628-7558489f975b,,REVIEW_REQUIRED,,Saudi Companies Directory,UNSURE
FZ-00625-78183-414790,c591c76b-0d89-4262-83ba-cd25beddff1b,,REVIEW_REQUIRED,,Saudi Companies Directory,UNSURE
FZ-00626-138666-470563,ab4917c8-5d92-4b86-a65a-3edcbabb53a8,,REVIEW_REQUIRED,,Saudi Companies Directory,UNSURE
FZ-00627-224066-549329,24562f2f-9cb5-4150-be3f-5049c2fac7e2,,REVIEW_REQUIRED,,Saudi Companies Directory,UNSURE
FZ-00628-11467-51812,82fea3bc-bc80-4747-9292-cf321856f0a9,cccb0439-ab22-4fc6-9095-7e5cc7b21c15,REVIEW_REQUIRED,REVIEW_REQUIRED,Saudi Companies Directory,UNSURE
FZ-00629-11467-172810,82fea3bc-bc80-4747-9292-cf321856f0a9,bd97aea0-0985-4904-92a1-eb3e709df50b,REVIEW_REQUIRED,NO_VERIFIABLE_IDENTITY,Saudi Companies Directory,UNSURE
FZ-00630-11467-351411,82fea3bc-bc80-4747-9292-cf321856f0a9,,REVIEW_REQUIRED,,Saudi Companies Directory,UNSURE
FZ-00631-11467-502683,82fea3bc-bc80-4747-9292-cf321856f0a9,,REVIEW_REQUIRED,,Saudi Companies Directory,UNSURE
FZ-00632-19868-359559,72d571c6-834f-4d8c-908d-1890d10f5fcf,,REVIEW_REQUIRED,,Saudi Companies Directory,UNSURE
FZ-00633-51812-172810,cccb0439-ab22-4fc6-9095-7e5cc7b21c15,bd97aea0-0985-4904-92a1-eb3e709df50b,REVIEW_REQUIRED,NO_VERIFIABLE_IDENTITY,Saudi Companies Directory,UNSURE
FZ-00634-51812-351411,cccb0439-ab22-4fc6-9095-7e5cc7b21c15,,REVIEW_REQUIRED,,Saudi Companies Directory,UNSURE
FZ-00635-51812-502683,cccb0439-ab22-4fc6-9095-7e5cc7b21c15,,REVIEW_REQUIRED,,Saudi Companies Directory,UNSURE
FZ-00636-143913-475281,02e4432f-febc-4421-8e25-acf3a5225095,,REVIEW_REQUIRED,,Saudi Companies Directory,UNSURE
FZ-00637-172810-351411,bd97aea0-0985-4904-92a1-eb3e709df50b,,NO_VERIFIABLE_IDENTITY,,Saudi Companies Directory,UNSURE
FZ-00638-172810-502683,bd97aea0-0985-4904-92a1-eb3e709df50b,,NO_VERIFIABLE_IDENTITY,,Saudi Companies Directory,UNSURE
FZ-00639-351411-502683,,,,,Portfolio Master v1 (existing draft),UNSURE
FZ-00640-13878-62844,236059f9-9a8d-40b6-aef0-18bd70fbca50,d60e97f7-7b44-454b-93b6-82a0c88a72c2,REVIEW_REQUIRED,NO_VERIFIABLE_IDENTITY,Saudi Companies Directory,UNSURE
FZ-00641-13878-75787,236059f9-9a8d-40b6-aef0-18bd70fbca50,e77e1019-5416-4907-8bc4-8a1cc234db60,REVIEW_REQUIRED,NO_VERIFIABLE_IDENTITY,Saudi Companies Directory,UNSURE
FZ-00642-13878-353759,236059f9-9a8d-40b6-aef0-18bd70fbca50,,REVIEW_REQUIRED,,Saudi Companies Directory,UNSURE
FZ-00643-13878-412595,236059f9-9a8d-40b6-aef0-18bd70fbca50,,REVIEW_REQUIRED,,Saudi Companies Directory,UNSURE
FZ-00644-62844-75787,d60e97f7-7b44-454b-93b6-82a0c88a72c2,e77e1019-5416-4907-8bc4-8a1cc234db60,NO_VERIFIABLE_IDENTITY,NO_VERIFIABLE_IDENTITY,Saudi Companies Directory,UNSURE
FZ-00645-62844-353759,d60e97f7-7b44-454b-93b6-82a0c88a72c2,,NO_VERIFIABLE_IDENTITY,,Saudi Companies Directory,UNSURE
FZ-00646-62844-412595,d60e97f7-7b44-454b-93b6-82a0c88a72c2,,NO_VERIFIABLE_IDENTITY,,Saudi Companies Directory,UNSURE
FZ-00647-75787-353759,e77e1019-5416-4907-8bc4-8a1cc234db60,,NO_VERIFIABLE_IDENTITY,,Saudi Companies Directory,UNSURE
FZ-00648-75787-412595,e77e1019-5416-4907-8bc4-8a1cc234db60,,NO_VERIFIABLE_IDENTITY,,Saudi Companies Directory,UNSURE
FZ-00649-118412-118768,9df134a3-0920-4577-987a-082d46cc1c94,e6acb9cf-b8d3-4dba-98e4-3ab0c5505242,NO_VERIFIABLE_IDENTITY,NO_VERIFIABLE_IDENTITY,Saudi Companies Directory,UNSURE
FZ-00650-118412-164028,9df134a3-0920-4577-987a-082d46cc1c94,16b07666-dc06-4c04-a504-25d85042ab8f,NO_VERIFIABLE_IDENTITY,NO_VERIFIABLE_IDENTITY,Saudi Companies Directory,UNSURE
FZ-00651-118412-494203,9df134a3-0920-4577-987a-082d46cc1c94,,NO_VERIFIABLE_IDENTITY,,Saudi Companies Directory,UNSURE
FZ-00652-118768-164028,e6acb9cf-b8d3-4dba-98e4-3ab0c5505242,16b07666-dc06-4c04-a504-25d85042ab8f,NO_VERIFIABLE_IDENTITY,NO_VERIFIABLE_IDENTITY,Saudi Companies Directory,UNSURE
FZ-00653-118768-494203,e6acb9cf-b8d3-4dba-98e4-3ab0c5505242,,NO_VERIFIABLE_IDENTITY,,Saudi Companies Directory,UNSURE
FZ-00654-157066-224280,e13686c0-b910-4787-8960-975690bdf9ab,c2ebaa96-b135-4e1f-82fa-fbcd8e342bac,NO_VERIFIABLE_IDENTITY,NO_VERIFIABLE_IDENTITY,Saudi Companies Directory,UNSURE
FZ-00655-157066-549523,e13686c0-b910-4787-8960-975690bdf9ab,,NO_VERIFIABLE_IDENTITY,,Saudi Companies Directory,UNSURE
FZ-00656-160327-490669,f9c22c10-4f33-474c-a7ac-85fda4835656,,REVIEW_REQUIRED,,Saudi Companies Directory,UNSURE
FZ-00657-164028-494203,16b07666-dc06-4c04-a504-25d85042ab8f,,NO_VERIFIABLE_IDENTITY,,Saudi Companies Directory,UNSURE
FZ-00658-224280-549523,c2ebaa96-b135-4e1f-82fa-fbcd8e342bac,,NO_VERIFIABLE_IDENTITY,,Saudi Companies Directory,UNSURE
FZ-00659-353759-412595,,,,,Portfolio Master v1 (existing draft),UNSURE
FZ-00660-57505-395449,0edaa4d3-b96b-473b-abbf-882a89aa5466,,REVIEW_REQUIRED,,Saudi Companies Directory,UNSURE
FZ-00661-102537-436581,5ae94652-7850-47d3-a4e9-57fdb8499c2d,,REVIEW_REQUIRED,,Saudi Companies Directory,UNSURE
FZ-00662-24695-122189,8d6449d5-4409-4f46-86b3-6d604cff09c0,4e31a182-2e9b-4ce7-9935-be58e8d63681,NO_VERIFIABLE_IDENTITY,NO_VERIFIABLE_IDENTITY,Saudi Companies Directory,UNSURE
FZ-00663-24695-364227,8d6449d5-4409-4f46-86b3-6d604cff09c0,,NO_VERIFIABLE_IDENTITY,,Saudi Companies Directory,UNSURE
FZ-00664-24695-455212,8d6449d5-4409-4f46-86b3-6d604cff09c0,,NO_VERIFIABLE_IDENTITY,,Saudi Companies Directory,UNSURE
FZ-00665-122189-364227,4e31a182-2e9b-4ce7-9935-be58e8d63681,,NO_VERIFIABLE_IDENTITY,,Saudi Companies Directory,UNSURE
FZ-00666-122189-455212,4e31a182-2e9b-4ce7-9935-be58e8d63681,,NO_VERIFIABLE_IDENTITY,,Saudi Companies Directory,UNSURE
FZ-00667-364227-455212,,,,,Portfolio Master v1 (existing draft),UNSURE
FZ-00668-24553-144886,2d16d54e-99b2-4543-9b1d-752512cc7216,6bedd3b8-e8ed-4bdf-96a0-9f78f35e182f,REVIEW_REQUIRED,REVIEW_REQUIRED,Saudi Companies Directory,UNSURE
FZ-00669-24553-364091,2d16d54e-99b2-4543-9b1d-752512cc7216,,REVIEW_REQUIRED,,Saudi Companies Directory,UNSURE
FZ-00670-24553-476146,2d16d54e-99b2-4543-9b1d-752512cc7216,,REVIEW_REQUIRED,,Saudi Companies Directory,UNSURE
FZ-00671-144886-364091,6bedd3b8-e8ed-4bdf-96a0-9f78f35e182f,,REVIEW_REQUIRED,,Saudi Companies Directory,UNSURE
FZ-00672-144886-476146,6bedd3b8-e8ed-4bdf-96a0-9f78f35e182f,,REVIEW_REQUIRED,,Saudi Companies Directory,UNSURE
FZ-00673-364091-476146,,,,,Portfolio Master v1 (existing draft),UNSURE
FZ-00674-143673-158194,ec0374ed-f2a1-4ae7-a576-f283688bb947,32bafb7c-e010-4134-96de-0a0545a01a6d,REVIEW_REQUIRED,NO_VERIFIABLE_IDENTITY,Saudi Companies Directory,UNSURE
FZ-00675-143673-182666,ec0374ed-f2a1-4ae7-a576-f283688bb947,b429a287-1642-4a66-80d9-028ac37c3c8c,REVIEW_REQUIRED,NO_VERIFIABLE_IDENTITY,Saudi Companies Directory,UNSURE
FZ-00676-143673-475058,ec0374ed-f2a1-4ae7-a576-f283688bb947,,REVIEW_REQUIRED,,Saudi Companies Directory,UNSURE
FZ-00677-143673-488745,ec0374ed-f2a1-4ae7-a576-f283688bb947,,REVIEW_REQUIRED,,Saudi Companies Directory,UNSURE
FZ-00678-143673-512023,ec0374ed-f2a1-4ae7-a576-f283688bb947,,REVIEW_REQUIRED,,Saudi Companies Directory,UNSURE
FZ-00679-158194-182666,32bafb7c-e010-4134-96de-0a0545a01a6d,b429a287-1642-4a66-80d9-028ac37c3c8c,NO_VERIFIABLE_IDENTITY,NO_VERIFIABLE_IDENTITY,Saudi Companies Directory,UNSURE
FZ-00680-158194-475058,32bafb7c-e010-4134-96de-0a0545a01a6d,,NO_VERIFIABLE_IDENTITY,,Saudi Companies Directory,UNSURE
FZ-00681-158194-488745,32bafb7c-e010-4134-96de-0a0545a01a6d,,NO_VERIFIABLE_IDENTITY,,Saudi Companies Directory,UNSURE
FZ-00682-158194-512023,32bafb7c-e010-4134-96de-0a0545a01a6d,,NO_VERIFIABLE_IDENTITY,,Saudi Companies Directory,UNSURE
FZ-00683-182666-475058,b429a287-1642-4a66-80d9-028ac37c3c8c,,NO_VERIFIABLE_IDENTITY,,Saudi Companies Directory,UNSURE
FZ-00684-182666-488745,b429a287-1642-4a66-80d9-028ac37c3c8c,,NO_VERIFIABLE_IDENTITY,,Saudi Companies Directory,UNSURE
FZ-00685-182666-512023,b429a287-1642-4a66-80d9-028ac37c3c8c,,NO_VERIFIABLE_IDENTITY,,Saudi Companies Directory,UNSURE
FZ-00686-475058-488745,,,,,Portfolio Master v1 (existing draft),UNSURE
FZ-00687-475058-512023,,,,,Portfolio Master v1 (existing draft),UNSURE
FZ-00688-488745-512023,,,,,Portfolio Master v1 (existing draft),UNSURE
FZ-00689-131342-463926,2ebad8f5-3325-4d9e-a59e-0caf68e35434,,REVIEW_REQUIRED,,Saudi Companies Directory,UNSURE
FZ-00690-13857-15193,84b3034f-8391-41d0-a56f-2cbe15cec610,6f29f21c-5b35-4aea-802c-17c3073fb491,NO_VERIFIABLE_IDENTITY,NO_VERIFIABLE_IDENTITY,Saudi Companies Directory,UNSURE
FZ-00691-13857-21199,84b3034f-8391-41d0-a56f-2cbe15cec610,67c9e614-2e31-4ad8-88b7-caa47e8f95a5,NO_VERIFIABLE_IDENTITY,NO_VERIFIABLE_IDENTITY,Saudi Companies Directory,UNSURE
FZ-00692-13857-142582,84b3034f-8391-41d0-a56f-2cbe15cec610,c0e5ba49-6d4e-4978-a593-83a34593f1a9,NO_VERIFIABLE_IDENTITY,REVIEW_REQUIRED,Saudi Companies Directory,UNSURE
FZ-00693-13857-360857,84b3034f-8391-41d0-a56f-2cbe15cec610,,NO_VERIFIABLE_IDENTITY,,Saudi Companies Directory,UNSURE
FZ-00694-13907-75353,66748fdc-c3f3-47bb-b75e-01843e35fe91,86d934a2-639e-4db7-838a-6ec9bf0ec3d6,REVIEW_REQUIRED,REVIEW_REQUIRED,Saudi Companies Directory,UNSURE
FZ-00695-13907-80978,66748fdc-c3f3-47bb-b75e-01843e35fe91,90da39bf-f66e-4aa7-bf33-cf2424f507ff,REVIEW_REQUIRED,REVIEW_REQUIRED,Saudi Companies Directory,UNSURE
FZ-00696-13907-112428,66748fdc-c3f3-47bb-b75e-01843e35fe91,260dc3f7-d7fe-4795-aa61-663519d302dc,REVIEW_REQUIRED,REVIEW_REQUIRED,Saudi Companies Directory,UNSURE
FZ-00697-13907-353786,66748fdc-c3f3-47bb-b75e-01843e35fe91,,REVIEW_REQUIRED,,Saudi Companies Directory,UNSURE
FZ-00698-13907-412184,66748fdc-c3f3-47bb-b75e-01843e35fe91,,REVIEW_REQUIRED,,Saudi Companies Directory,UNSURE
FZ-00699-13907-446014,66748fdc-c3f3-47bb-b75e-01843e35fe91,,REVIEW_REQUIRED,,Saudi Companies Directory,UNSURE
FZ-00700-15193-21199,6f29f21c-5b35-4aea-802c-17c3073fb491,67c9e614-2e31-4ad8-88b7-caa47e8f95a5,NO_VERIFIABLE_IDENTITY,NO_VERIFIABLE_IDENTITY,Saudi Companies Directory,UNSURE
FZ-00701-15193-142582,6f29f21c-5b35-4aea-802c-17c3073fb491,c0e5ba49-6d4e-4978-a593-83a34593f1a9,NO_VERIFIABLE_IDENTITY,REVIEW_REQUIRED,Saudi Companies Directory,UNSURE
FZ-00702-15193-360857,6f29f21c-5b35-4aea-802c-17c3073fb491,,NO_VERIFIABLE_IDENTITY,,Saudi Companies Directory,UNSURE
FZ-00703-21199-142582,67c9e614-2e31-4ad8-88b7-caa47e8f95a5,c0e5ba49-6d4e-4978-a593-83a34593f1a9,NO_VERIFIABLE_IDENTITY,REVIEW_REQUIRED,Saudi Companies Directory,UNSURE
FZ-00704-21199-360857,67c9e614-2e31-4ad8-88b7-caa47e8f95a5,,NO_VERIFIABLE_IDENTITY,,Saudi Companies Directory,UNSURE
FZ-00705-75353-80978,86d934a2-639e-4db7-838a-6ec9bf0ec3d6,90da39bf-f66e-4aa7-bf33-cf2424f507ff,REVIEW_REQUIRED,REVIEW_REQUIRED,Saudi Companies Directory,UNSURE
FZ-00706-75353-112428,86d934a2-639e-4db7-838a-6ec9bf0ec3d6,260dc3f7-d7fe-4795-aa61-663519d302dc,REVIEW_REQUIRED,REVIEW_REQUIRED,Saudi Companies Directory,UNSURE
FZ-00707-75353-353786,86d934a2-639e-4db7-838a-6ec9bf0ec3d6,,REVIEW_REQUIRED,,Saudi Companies Directory,UNSURE
FZ-00708-75353-412184,86d934a2-639e-4db7-838a-6ec9bf0ec3d6,,REVIEW_REQUIRED,,Saudi Companies Directory,UNSURE
FZ-00709-75353-446014,86d934a2-639e-4db7-838a-6ec9bf0ec3d6,,REVIEW_REQUIRED,,Saudi Companies Directory,UNSURE
FZ-00710-80978-112428,90da39bf-f66e-4aa7-bf33-cf2424f507ff,260dc3f7-d7fe-4795-aa61-663519d302dc,REVIEW_REQUIRED,REVIEW_REQUIRED,Saudi Companies Directory,UNSURE
FZ-00711-80978-353786,90da39bf-f66e-4aa7-bf33-cf2424f507ff,,REVIEW_REQUIRED,,Saudi Companies Directory,UNSURE
FZ-00712-80978-412184,90da39bf-f66e-4aa7-bf33-cf2424f507ff,,REVIEW_REQUIRED,,Saudi Companies Directory,UNSURE
FZ-00713-80978-446014,90da39bf-f66e-4aa7-bf33-cf2424f507ff,,REVIEW_REQUIRED,,Saudi Companies Directory,UNSURE
FZ-00714-112428-353786,260dc3f7-d7fe-4795-aa61-663519d302dc,,REVIEW_REQUIRED,,Saudi Companies Directory,UNSURE
FZ-00715-112428-412184,260dc3f7-d7fe-4795-aa61-663519d302dc,,REVIEW_REQUIRED,,Saudi Companies Directory,UNSURE
FZ-00716-112428-446014,260dc3f7-d7fe-4795-aa61-663519d302dc,,REVIEW_REQUIRED,,Saudi Companies Directory,UNSURE
FZ-00717-142582-360857,c0e5ba49-6d4e-4978-a593-83a34593f1a9,,REVIEW_REQUIRED,,Saudi Companies Directory,UNSURE
FZ-00718-353786-412184,,,,,Portfolio Master v1 (existing draft),UNSURE
FZ-00719-353786-446014,,,,,Portfolio Master v1 (existing draft),UNSURE
FZ-00720-412184-446014,,,,,Portfolio Master v1 (existing draft),UNSURE
FZ-00721-680-114313,5a3318e1-db79-4e3b-b61a-63be83c1665a,1d7e4ebd-9a58-469c-8388-22bdf516a06a,REVIEW_REQUIRED,NO_VERIFIABLE_IDENTITY,Saudi Companies Directory,UNSURE
FZ-00722-680-192768,5a3318e1-db79-4e3b-b61a-63be83c1665a,f61845f3-ff72-4b3f-8047-a33d9ed1b3ef,REVIEW_REQUIRED,REVIEW_REQUIRED,Saudi Companies Directory,UNSURE
FZ-00723-680-520857,5a3318e1-db79-4e3b-b61a-63be83c1665a,,REVIEW_REQUIRED,,Saudi Companies Directory,UNSURE
FZ-00724-114313-192768,1d7e4ebd-9a58-469c-8388-22bdf516a06a,f61845f3-ff72-4b3f-8047-a33d9ed1b3ef,NO_VERIFIABLE_IDENTITY,REVIEW_REQUIRED,Saudi Companies Directory,UNSURE
FZ-00725-114313-520857,1d7e4ebd-9a58-469c-8388-22bdf516a06a,,NO_VERIFIABLE_IDENTITY,,Saudi Companies Directory,UNSURE
FZ-00726-192768-520857,f61845f3-ff72-4b3f-8047-a33d9ed1b3ef,,REVIEW_REQUIRED,,Saudi Companies Directory,UNSURE
FZ-00727-64487-64533,d435bb0d-45a2-4913-939a-9ef181555ffd,f82b7702-c30f-461c-94a7-ab9a60412747,NO_VERIFIABLE_IDENTITY,NO_VERIFIABLE_IDENTITY,Saudi Companies Directory,UNSURE
FZ-00728-64487-64542,d435bb0d-45a2-4913-939a-9ef181555ffd,2f689d24-68d3-4462-93cc-e7b3a6c14d3e,NO_VERIFIABLE_IDENTITY,NO_VERIFIABLE_IDENTITY,Saudi Companies Directory,UNSURE
FZ-00729-64487-166235,d435bb0d-45a2-4913-939a-9ef181555ffd,ef8b211a-3d22-426a-a6d2-eb9e3fdcaa1c,NO_VERIFIABLE_IDENTITY,NO_VERIFIABLE_IDENTITY,Saudi Companies Directory,UNSURE
FZ-00730-64487-402071,d435bb0d-45a2-4913-939a-9ef181555ffd,,NO_VERIFIABLE_IDENTITY,,Saudi Companies Directory,UNSURE
FZ-00731-64487-496338,d435bb0d-45a2-4913-939a-9ef181555ffd,,NO_VERIFIABLE_IDENTITY,,Saudi Companies Directory,UNSURE
FZ-00732-64533-64542,f82b7702-c30f-461c-94a7-ab9a60412747,2f689d24-68d3-4462-93cc-e7b3a6c14d3e,NO_VERIFIABLE_IDENTITY,NO_VERIFIABLE_IDENTITY,Saudi Companies Directory,UNSURE
FZ-00733-64533-166235,f82b7702-c30f-461c-94a7-ab9a60412747,ef8b211a-3d22-426a-a6d2-eb9e3fdcaa1c,NO_VERIFIABLE_IDENTITY,NO_VERIFIABLE_IDENTITY,Saudi Companies Directory,UNSURE
FZ-00734-64533-402071,f82b7702-c30f-461c-94a7-ab9a60412747,,NO_VERIFIABLE_IDENTITY,,Saudi Companies Directory,UNSURE
FZ-00735-64533-496338,f82b7702-c30f-461c-94a7-ab9a60412747,,NO_VERIFIABLE_IDENTITY,,Saudi Companies Directory,UNSURE
FZ-00736-64542-166235,2f689d24-68d3-4462-93cc-e7b3a6c14d3e,ef8b211a-3d22-426a-a6d2-eb9e3fdcaa1c,NO_VERIFIABLE_IDENTITY,NO_VERIFIABLE_IDENTITY,Saudi Companies Directory,UNSURE
FZ-00737-64542-402071,2f689d24-68d3-4462-93cc-e7b3a6c14d3e,,NO_VERIFIABLE_IDENTITY,,Saudi Companies Directory,UNSURE
FZ-00738-64542-496338,2f689d24-68d3-4462-93cc-e7b3a6c14d3e,,NO_VERIFIABLE_IDENTITY,,Saudi Companies Directory,UNSURE
FZ-00739-166235-402071,ef8b211a-3d22-426a-a6d2-eb9e3fdcaa1c,,NO_VERIFIABLE_IDENTITY,,Saudi Companies Directory,UNSURE
FZ-00740-166235-496338,ef8b211a-3d22-426a-a6d2-eb9e3fdcaa1c,,NO_VERIFIABLE_IDENTITY,,Saudi Companies Directory,UNSURE
FZ-00741-402071-496338,,,,,Portfolio Master v1 (existing draft),UNSURE
FZ-00742-122396-455416,40e13318-1723-44cd-9727-f2704f7cdb66,,NO_VERIFIABLE_IDENTITY,,Saudi Companies Directory,UNSURE
FZ-00743-313118-564345,51a9d7e1-6bc3-4918-8ccd-cec970dde206,,DETERMINISTIC_SINGLE_SOURCE,,NCNP,ESCALATE
FZ-00744-72871-409915,582ed593-a272-4ff6-97b2-f6c51b3750a8,,REVIEW_REQUIRED,,Saudi Companies Directory,UNSURE
FZ-00745-103275-207959,f3c0357a-2980-47af-991d-ee241ff81ea5,3d039cfb-130d-454f-8504-80fd8c63882f,REVIEW_REQUIRED,NO_VERIFIABLE_IDENTITY,Saudi Companies Directory,UNSURE
FZ-00746-103275-437313,f3c0357a-2980-47af-991d-ee241ff81ea5,,REVIEW_REQUIRED,,Saudi Companies Directory,UNSURE
FZ-00747-103275-535024,f3c0357a-2980-47af-991d-ee241ff81ea5,,REVIEW_REQUIRED,,Saudi Companies Directory,UNSURE
FZ-00748-207959-437313,3d039cfb-130d-454f-8504-80fd8c63882f,,NO_VERIFIABLE_IDENTITY,,Saudi Companies Directory,UNSURE
FZ-00749-207959-535024,3d039cfb-130d-454f-8504-80fd8c63882f,,NO_VERIFIABLE_IDENTITY,,Saudi Companies Directory,UNSURE
FZ-00750-437313-535024,,,,,Portfolio Master v1 (existing draft),UNSURE
FZ-00751-181357-510801,b6144ec0-08cc-4242-9e24-2b09da5704e8,,NO_VERIFIABLE_IDENTITY,,Saudi Companies Directory,UNSURE
FZ-00752-121535-454595,281ae723-d5ad-40b8-ad4e-2fc179ad59e0,,REVIEW_REQUIRED,,Saudi Companies Directory,UNSURE
FZ-00753-86342-422190,88673eb2-f007-4172-a692-dcac765c3d31,,REVIEW_REQUIRED,,Saudi Companies Directory,UNSURE
FZ-00754-93804-429081,dfcb584e-4c85-4be8-803d-f7eaeaefc4d9,,REVIEW_REQUIRED,,Saudi Companies Directory,UNSURE
FZ-00755-17829-357583,2f021756-d8f5-44c4-81f2-2d172dc1d1ca,,REVIEW_REQUIRED,,Saudi Companies Directory,UNSURE
FZ-00756-10859-12938,a12da330-962c-4460-bd57-799a3c2880de,24869365-db3b-4de3-88f8-c5675a5db467,REVIEW_REQUIRED,REVIEW_REQUIRED,Saudi Companies Directory,UNSURE
FZ-00757-10859-350822,a12da330-962c-4460-bd57-799a3c2880de,,REVIEW_REQUIRED,,Saudi Companies Directory,UNSURE
FZ-00758-10859-352843,a12da330-962c-4460-bd57-799a3c2880de,,REVIEW_REQUIRED,,Saudi Companies Directory,UNSURE
FZ-00759-12938-350822,24869365-db3b-4de3-88f8-c5675a5db467,,REVIEW_REQUIRED,,Saudi Companies Directory,UNSURE
FZ-00760-12938-352843,24869365-db3b-4de3-88f8-c5675a5db467,,REVIEW_REQUIRED,,Saudi Companies Directory,UNSURE
FZ-00761-350822-352843,,,,,Portfolio Master v1 (existing draft),UNSURE
FZ-00762-108471-220587,b8ed9f5b-4a0a-46a7-8673-686ef8536dab,a14bf2cd-9f72-4474-a8d5-ee459ab8a31b,NO_VERIFIABLE_IDENTITY,NO_VERIFIABLE_IDENTITY,Saudi Companies Directory,UNSURE
FZ-00763-108471-442206,b8ed9f5b-4a0a-46a7-8673-686ef8536dab,,NO_VERIFIABLE_IDENTITY,,Saudi Companies Directory,UNSURE
FZ-00764-108471-546104,b8ed9f5b-4a0a-46a7-8673-686ef8536dab,,NO_VERIFIABLE_IDENTITY,,Saudi Companies Directory,UNSURE
FZ-00765-220587-442206,a14bf2cd-9f72-4474-a8d5-ee459ab8a31b,,NO_VERIFIABLE_IDENTITY,,Saudi Companies Directory,UNSURE
FZ-00766-220587-546104,a14bf2cd-9f72-4474-a8d5-ee459ab8a31b,,NO_VERIFIABLE_IDENTITY,,Saudi Companies Directory,UNSURE
FZ-00767-442206-546104,,,,,Portfolio Master v1 (existing draft),UNSURE
FZ-00768-11410-351355,21123454-482a-4a2a-aab7-f9afe034b317,,REVIEW_REQUIRED,,Saudi Companies Directory,UNSURE
FZ-00769-86189-422046,b0258033-b1e7-4230-84df-4c6bc18d8b10,,REVIEW_REQUIRED,,Saudi Companies Directory,UNSURE
FZ-00770-103283-117140,7e522e27-d0ec-4e06-8616-8ce1ad9c16e1,99c0b778-ba86-46a0-b48f-eaadb1e02442,REVIEW_REQUIRED,REVIEW_REQUIRED,Saudi Companies Directory,UNSURE
FZ-00771-167676-192247,cafab145-85e7-4bb0-a0e7-df6970170b31,0fb41d1b-b0b3-496e-a79b-1bd01ec43f00,NO_VERIFIABLE_IDENTITY,REVIEW_REQUIRED,Saudi Companies Directory,UNSURE
FZ-00772-167676-497738,cafab145-85e7-4bb0-a0e7-df6970170b31,,NO_VERIFIABLE_IDENTITY,,Saudi Companies Directory,UNSURE
FZ-00773-167676-520410,cafab145-85e7-4bb0-a0e7-df6970170b31,,NO_VERIFIABLE_IDENTITY,,Saudi Companies Directory,UNSURE
FZ-00774-192247-497738,0fb41d1b-b0b3-496e-a79b-1bd01ec43f00,,REVIEW_REQUIRED,,Saudi Companies Directory,UNSURE
FZ-00775-192247-520410,0fb41d1b-b0b3-496e-a79b-1bd01ec43f00,,REVIEW_REQUIRED,,Saudi Companies Directory,UNSURE
FZ-00776-497738-520410,,,,,Portfolio Master v1 (existing draft),UNSURE
FZ-00777-39933-42723,bb26ec36-5533-4464-a116-e11c4b14b13c,51902aaf-a5b8-4518-9918-cb36036d3f3b,REVIEW_REQUIRED,REVIEW_REQUIRED,Saudi Companies Directory,UNSURE
FZ-00778-39933-62745,bb26ec36-5533-4464-a116-e11c4b14b13c,85f7ce7f-2ab6-4965-a804-8e7263cd4533,REVIEW_REQUIRED,REVIEW_REQUIRED,Saudi Companies Directory,UNSURE
FZ-00779-39933-101005,bb26ec36-5533-4464-a116-e11c4b14b13c,ff554eff-1f38-412d-b6dc-00f76952700b,REVIEW_REQUIRED,NO_VERIFIABLE_IDENTITY,Saudi Companies Directory,UNSURE
FZ-00780-39933-101154,bb26ec36-5533-4464-a116-e11c4b14b13c,e5eead5b-8f75-4ab8-8e2a-3d37ead58fe5,REVIEW_REQUIRED,NO_VERIFIABLE_IDENTITY,Saudi Companies Directory,UNSURE
FZ-00781-39933-130663,bb26ec36-5533-4464-a116-e11c4b14b13c,8dcebee9-881c-4abf-ac2f-a429a55bc02d,REVIEW_REQUIRED,NO_VERIFIABLE_IDENTITY,Saudi Companies Directory,UNSURE
FZ-00782-39933-170768,bb26ec36-5533-4464-a116-e11c4b14b13c,0efeefb5-50eb-4774-93cf-93933119776c,REVIEW_REQUIRED,NO_VERIFIABLE_IDENTITY,Saudi Companies Directory,UNSURE
FZ-00783-39933-378640,bb26ec36-5533-4464-a116-e11c4b14b13c,,REVIEW_REQUIRED,,Saudi Companies Directory,UNSURE
FZ-00784-39933-381372,bb26ec36-5533-4464-a116-e11c4b14b13c,,REVIEW_REQUIRED,,Saudi Companies Directory,UNSURE
FZ-00785-39933-435487,bb26ec36-5533-4464-a116-e11c4b14b13c,,REVIEW_REQUIRED,,Saudi Companies Directory,UNSURE
FZ-00786-42723-62745,51902aaf-a5b8-4518-9918-cb36036d3f3b,85f7ce7f-2ab6-4965-a804-8e7263cd4533,REVIEW_REQUIRED,REVIEW_REQUIRED,Saudi Companies Directory,UNSURE
FZ-00787-42723-101005,51902aaf-a5b8-4518-9918-cb36036d3f3b,ff554eff-1f38-412d-b6dc-00f76952700b,REVIEW_REQUIRED,NO_VERIFIABLE_IDENTITY,Saudi Companies Directory,UNSURE
FZ-00788-42723-101154,51902aaf-a5b8-4518-9918-cb36036d3f3b,e5eead5b-8f75-4ab8-8e2a-3d37ead58fe5,REVIEW_REQUIRED,NO_VERIFIABLE_IDENTITY,Saudi Companies Directory,UNSURE
FZ-00789-42723-130663,51902aaf-a5b8-4518-9918-cb36036d3f3b,8dcebee9-881c-4abf-ac2f-a429a55bc02d,REVIEW_REQUIRED,NO_VERIFIABLE_IDENTITY,Saudi Companies Directory,UNSURE
FZ-00790-42723-170768,51902aaf-a5b8-4518-9918-cb36036d3f3b,0efeefb5-50eb-4774-93cf-93933119776c,REVIEW_REQUIRED,NO_VERIFIABLE_IDENTITY,Saudi Companies Directory,UNSURE
FZ-00791-42723-378640,51902aaf-a5b8-4518-9918-cb36036d3f3b,,REVIEW_REQUIRED,,Saudi Companies Directory,UNSURE
FZ-00792-42723-381372,51902aaf-a5b8-4518-9918-cb36036d3f3b,,REVIEW_REQUIRED,,Saudi Companies Directory,UNSURE
FZ-00793-42723-435487,51902aaf-a5b8-4518-9918-cb36036d3f3b,,REVIEW_REQUIRED,,Saudi Companies Directory,UNSURE
FZ-00794-62745-101005,85f7ce7f-2ab6-4965-a804-8e7263cd4533,ff554eff-1f38-412d-b6dc-00f76952700b,REVIEW_REQUIRED,NO_VERIFIABLE_IDENTITY,Saudi Companies Directory,UNSURE
FZ-00795-62745-101154,85f7ce7f-2ab6-4965-a804-8e7263cd4533,e5eead5b-8f75-4ab8-8e2a-3d37ead58fe5,REVIEW_REQUIRED,NO_VERIFIABLE_IDENTITY,Saudi Companies Directory,UNSURE
FZ-00796-62745-130663,85f7ce7f-2ab6-4965-a804-8e7263cd4533,8dcebee9-881c-4abf-ac2f-a429a55bc02d,REVIEW_REQUIRED,NO_VERIFIABLE_IDENTITY,Saudi Companies Directory,UNSURE
FZ-00797-62745-170768,85f7ce7f-2ab6-4965-a804-8e7263cd4533,0efeefb5-50eb-4774-93cf-93933119776c,REVIEW_REQUIRED,NO_VERIFIABLE_IDENTITY,Saudi Companies Directory,UNSURE
FZ-00798-62745-378640,85f7ce7f-2ab6-4965-a804-8e7263cd4533,,REVIEW_REQUIRED,,Saudi Companies Directory,UNSURE
FZ-00799-62745-381372,85f7ce7f-2ab6-4965-a804-8e7263cd4533,,REVIEW_REQUIRED,,Saudi Companies Directory,UNSURE
FZ-00800-62745-435487,85f7ce7f-2ab6-4965-a804-8e7263cd4533,,REVIEW_REQUIRED,,Saudi Companies Directory,UNSURE
FZ-00801-101005-101154,ff554eff-1f38-412d-b6dc-00f76952700b,e5eead5b-8f75-4ab8-8e2a-3d37ead58fe5,NO_VERIFIABLE_IDENTITY,NO_VERIFIABLE_IDENTITY,Saudi Companies Directory,UNSURE
FZ-00802-101005-130663,ff554eff-1f38-412d-b6dc-00f76952700b,8dcebee9-881c-4abf-ac2f-a429a55bc02d,NO_VERIFIABLE_IDENTITY,NO_VERIFIABLE_IDENTITY,Saudi Companies Directory,UNSURE
FZ-00803-101005-170768,ff554eff-1f38-412d-b6dc-00f76952700b,0efeefb5-50eb-4774-93cf-93933119776c,NO_VERIFIABLE_IDENTITY,NO_VERIFIABLE_IDENTITY,Saudi Companies Directory,UNSURE
FZ-00804-101005-378640,ff554eff-1f38-412d-b6dc-00f76952700b,,NO_VERIFIABLE_IDENTITY,,Saudi Companies Directory,UNSURE
FZ-00805-101005-381372,ff554eff-1f38-412d-b6dc-00f76952700b,,NO_VERIFIABLE_IDENTITY,,Saudi Companies Directory,UNSURE
FZ-00806-101005-435487,ff554eff-1f38-412d-b6dc-00f76952700b,,NO_VERIFIABLE_IDENTITY,,Saudi Companies Directory,UNSURE
FZ-00807-101154-130663,e5eead5b-8f75-4ab8-8e2a-3d37ead58fe5,8dcebee9-881c-4abf-ac2f-a429a55bc02d,NO_VERIFIABLE_IDENTITY,NO_VERIFIABLE_IDENTITY,Saudi Companies Directory,UNSURE
FZ-00808-101154-170768,e5eead5b-8f75-4ab8-8e2a-3d37ead58fe5,0efeefb5-50eb-4774-93cf-93933119776c,NO_VERIFIABLE_IDENTITY,NO_VERIFIABLE_IDENTITY,Saudi Companies Directory,UNSURE
FZ-00809-101154-378640,e5eead5b-8f75-4ab8-8e2a-3d37ead58fe5,,NO_VERIFIABLE_IDENTITY,,Saudi Companies Directory,UNSURE
FZ-00810-101154-381372,e5eead5b-8f75-4ab8-8e2a-3d37ead58fe5,,NO_VERIFIABLE_IDENTITY,,Saudi Companies Directory,UNSURE
FZ-00811-101154-435487,e5eead5b-8f75-4ab8-8e2a-3d37ead58fe5,,NO_VERIFIABLE_IDENTITY,,Saudi Companies Directory,UNSURE
FZ-00812-130663-170768,8dcebee9-881c-4abf-ac2f-a429a55bc02d,0efeefb5-50eb-4774-93cf-93933119776c,NO_VERIFIABLE_IDENTITY,NO_VERIFIABLE_IDENTITY,Saudi Companies Directory,UNSURE
FZ-00813-130663-378640,8dcebee9-881c-4abf-ac2f-a429a55bc02d,,NO_VERIFIABLE_IDENTITY,,Saudi Companies Directory,UNSURE
FZ-00814-130663-381372,8dcebee9-881c-4abf-ac2f-a429a55bc02d,,NO_VERIFIABLE_IDENTITY,,Saudi Companies Directory,UNSURE
FZ-00815-130663-435487,8dcebee9-881c-4abf-ac2f-a429a55bc02d,,NO_VERIFIABLE_IDENTITY,,Saudi Companies Directory,UNSURE
FZ-00816-170768-378640,0efeefb5-50eb-4774-93cf-93933119776c,,NO_VERIFIABLE_IDENTITY,,Saudi Companies Directory,UNSURE
FZ-00817-170768-381372,0efeefb5-50eb-4774-93cf-93933119776c,,NO_VERIFIABLE_IDENTITY,,Saudi Companies Directory,UNSURE
FZ-00818-170768-435487,0efeefb5-50eb-4774-93cf-93933119776c,,NO_VERIFIABLE_IDENTITY,,Saudi Companies Directory,UNSURE
FZ-00819-378640-381372,,,,,Portfolio Master v1 (existing draft),UNSURE
FZ-00820-378640-435487,,,,,Portfolio Master v1 (existing draft),UNSURE
FZ-00821-381372-435487,,,,,Portfolio Master v1 (existing draft),UNSURE
FZ-00822-152782-161586,2dc768c8-e58a-4e0e-8d09-91bf8c2ee6c8,fc2d1ea2-09d7-498c-a419-fde5083cab8c,REVIEW_REQUIRED,NO_VERIFIABLE_IDENTITY,Saudi Companies Directory,UNSURE
FZ-00823-152782-483650,2dc768c8-e58a-4e0e-8d09-91bf8c2ee6c8,,REVIEW_REQUIRED,,Saudi Companies Directory,UNSURE
FZ-00824-152782-491824,2dc768c8-e58a-4e0e-8d09-91bf8c2ee6c8,,REVIEW_REQUIRED,,Saudi Companies Directory,UNSURE
FZ-00825-161586-483650,fc2d1ea2-09d7-498c-a419-fde5083cab8c,,NO_VERIFIABLE_IDENTITY,,Saudi Companies Directory,UNSURE
FZ-00826-161586-491824,fc2d1ea2-09d7-498c-a419-fde5083cab8c,,NO_VERIFIABLE_IDENTITY,,Saudi Companies Directory,UNSURE
FZ-00827-483650-491824,,,,,Portfolio Master v1 (existing draft),UNSURE
FZ-00828-221186-546640,f49e6190-cde1-4785-a47a-24059d0b35d1,,NO_VERIFIABLE_IDENTITY,,Saudi Companies Directory,UNSURE
FZ-00829-55610-85007,1ee10e0e-c847-4e20-9056-cb99585e7b67,c4f04533-ab34-40bb-9c9d-0b832469931e,REVIEW_REQUIRED,REVIEW_REQUIRED,Saudi Companies Directory,UNSURE
FZ-00830-55610-209544,1ee10e0e-c847-4e20-9056-cb99585e7b67,9fe32b89-073b-42ed-bae8-79b6e082a2e8,REVIEW_REQUIRED,REVIEW_REQUIRED,Saudi Companies Directory,UNSURE
FZ-00831-55610-393667,1ee10e0e-c847-4e20-9056-cb99585e7b67,,REVIEW_REQUIRED,,Saudi Companies Directory,UNSURE
FZ-00832-55610-536522,1ee10e0e-c847-4e20-9056-cb99585e7b67,,REVIEW_REQUIRED,,Saudi Companies Directory,UNSURE
FZ-00833-85007-209544,c4f04533-ab34-40bb-9c9d-0b832469931e,9fe32b89-073b-42ed-bae8-79b6e082a2e8,REVIEW_REQUIRED,REVIEW_REQUIRED,Saudi Companies Directory,UNSURE
FZ-00834-85007-393667,c4f04533-ab34-40bb-9c9d-0b832469931e,,REVIEW_REQUIRED,,Saudi Companies Directory,UNSURE
FZ-00835-85007-536522,c4f04533-ab34-40bb-9c9d-0b832469931e,,REVIEW_REQUIRED,,Saudi Companies Directory,UNSURE
FZ-00836-209544-393667,9fe32b89-073b-42ed-bae8-79b6e082a2e8,,REVIEW_REQUIRED,,Saudi Companies Directory,UNSURE
FZ-00837-209544-536522,9fe32b89-073b-42ed-bae8-79b6e082a2e8,,REVIEW_REQUIRED,,Saudi Companies Directory,UNSURE
FZ-00838-393667-536522,,,,,Portfolio Master v1 (existing draft),UNSURE
FZ-00839-8024-136473,2669a6fb-e45a-480f-b78f-6c2a82328ed4,6a354cf8-9c0f-4f4b-ba0c-7340d122b76c,NO_VERIFIABLE_IDENTITY,REVIEW_REQUIRED,Saudi Companies Directory,UNSURE
FZ-00840-8024-348030,2669a6fb-e45a-480f-b78f-6c2a82328ed4,,NO_VERIFIABLE_IDENTITY,,Saudi Companies Directory,UNSURE
FZ-00841-8024-468499,2669a6fb-e45a-480f-b78f-6c2a82328ed4,,NO_VERIFIABLE_IDENTITY,,Saudi Companies Directory,UNSURE
FZ-00842-136473-348030,6a354cf8-9c0f-4f4b-ba0c-7340d122b76c,,REVIEW_REQUIRED,,Saudi Companies Directory,UNSURE
FZ-00843-136473-468499,6a354cf8-9c0f-4f4b-ba0c-7340d122b76c,,REVIEW_REQUIRED,,Saudi Companies Directory,UNSURE
FZ-00844-348030-468499,,,,,Portfolio Master v1 (existing draft),UNSURE
FZ-00845-43222-64125,bad3e747-ff13-4534-b390-dc79045a2591,b14de414-0eb2-4c62-b91b-5c1689f9eed1,NO_VERIFIABLE_IDENTITY,NO_VERIFIABLE_IDENTITY,Saudi Companies Directory,UNSURE
FZ-00846-1762-341928,9c43f667-4571-4f25-8736-bc18f0041ec8,,REVIEW_REQUIRED,,Saudi Companies Directory,UNSURE
FZ-00847-10387-81109,2deef752-315f-4f53-bb1e-e4868eb64fe0,3ac68b75-76d4-48b5-8a6b-26b636636847,NO_VERIFIABLE_IDENTITY,NO_VERIFIABLE_IDENTITY,Saudi Companies Directory,UNSURE
FZ-00848-81260-417529,235e8fa7-9e79-46b1-b747-910a66416570,,REVIEW_REQUIRED,,Saudi Companies Directory,UNSURE
FZ-00849-81404-417656,96ea5d75-62f7-4026-b0bf-ad2ad2571e4d,,REVIEW_REQUIRED,,Saudi Companies Directory,UNSURE
FZ-00850-19795-359488,8a77c822-5a54-4c38-9655-9d8b08562479,,REVIEW_REQUIRED,,Saudi Companies Directory,UNSURE
FZ-00851-154411-485221,8a5b14e5-c8f4-44ac-8a2c-a05e09f25193,,REVIEW_REQUIRED,,Saudi Companies Directory,UNSURE
FZ-00852-70193-407427,32bef75c-8f7d-4e04-8b33-9358be2d6a37,,REVIEW_REQUIRED,,Saudi Companies Directory,UNSURE
FZ-00853-105839-439821,ca01c092-1bfb-474d-8b87-6fec063ab7d6,,REVIEW_REQUIRED,,Saudi Companies Directory,UNSURE
FZ-00854-198381-526093,6779f03c-a74b-4192-b5a2-1f8679079083,,REVIEW_REQUIRED,,Saudi Companies Directory,UNSURE
FZ-00855-12965-144330,9d32ac0b-7443-4c68-a38a-d702400ed51a,247b99cb-9c48-409d-9a94-ef7c11a23f8b,REVIEW_REQUIRED,NO_VERIFIABLE_IDENTITY,Saudi Companies Directory,UNSURE
FZ-00856-12965-475650,9d32ac0b-7443-4c68-a38a-d702400ed51a,,REVIEW_REQUIRED,,Saudi Companies Directory,UNSURE
FZ-00857-144330-475650,247b99cb-9c48-409d-9a94-ef7c11a23f8b,,NO_VERIFIABLE_IDENTITY,,Saudi Companies Directory,UNSURE
FZ-00858-90437-426027,0c46d22d-fd27-4d51-bab2-e6aef5a44909,,NO_VERIFIABLE_IDENTITY,,Saudi Companies Directory,UNSURE
FZ-00859-24755-143042,1461387b-ce64-443a-bc4e-0b5327af28bb,48bfdde5-512a-4c17-92b7-7d38018c0d66,REVIEW_REQUIRED,REVIEW_REQUIRED,Saudi Companies Directory,UNSURE
FZ-00860-24755-364285,1461387b-ce64-443a-bc4e-0b5327af28bb,,REVIEW_REQUIRED,,Saudi Companies Directory,UNSURE
FZ-00861-24755-474486,1461387b-ce64-443a-bc4e-0b5327af28bb,,REVIEW_REQUIRED,,Saudi Companies Directory,UNSURE
FZ-00862-143042-364285,48bfdde5-512a-4c17-92b7-7d38018c0d66,,REVIEW_REQUIRED,,Saudi Companies Directory,UNSURE
FZ-00863-143042-474486,48bfdde5-512a-4c17-92b7-7d38018c0d66,,REVIEW_REQUIRED,,Saudi Companies Directory,UNSURE
FZ-00864-364285-474486,,,,,Portfolio Master v1 (existing draft),UNSURE
FZ-00865-42726-98015,23ac58b9-9ebb-4a5c-88db-1434140cec73,cbaf0608-a7f9-409c-bd0c-2e821851294c,REVIEW_REQUIRED,REVIEW_REQUIRED,Saudi Companies Directory,UNSURE
FZ-00866-42726-130651,23ac58b9-9ebb-4a5c-88db-1434140cec73,d38b9afa-9733-44da-8f6d-dbd82cd49a81,REVIEW_REQUIRED,REVIEW_REQUIRED,Saudi Companies Directory,UNSURE
FZ-00867-42726-147489,23ac58b9-9ebb-4a5c-88db-1434140cec73,840f460b-5bd1-42b0-8281-6ae6de692600,REVIEW_REQUIRED,REVIEW_REQUIRED,Saudi Companies Directory,UNSURE
FZ-00868-42726-147557,23ac58b9-9ebb-4a5c-88db-1434140cec73,bc8126de-1db3-47b7-9d97-c054d5213fee,REVIEW_REQUIRED,REVIEW_REQUIRED,Saudi Companies Directory,UNSURE
FZ-00869-42726-170735,23ac58b9-9ebb-4a5c-88db-1434140cec73,35353c01-ee96-4536-88c0-89df116c748c,REVIEW_REQUIRED,NO_VERIFIABLE_IDENTITY,Saudi Companies Directory,UNSURE
FZ-00870-42726-381375,23ac58b9-9ebb-4a5c-88db-1434140cec73,,REVIEW_REQUIRED,,Saudi Companies Directory,UNSURE
FZ-00871-42726-432891,23ac58b9-9ebb-4a5c-88db-1434140cec73,,REVIEW_REQUIRED,,Saudi Companies Directory,UNSURE
FZ-00872-42726-500670,23ac58b9-9ebb-4a5c-88db-1434140cec73,,REVIEW_REQUIRED,,Saudi Companies Directory,UNSURE
FZ-00873-98015-130651,cbaf0608-a7f9-409c-bd0c-2e821851294c,d38b9afa-9733-44da-8f6d-dbd82cd49a81,REVIEW_REQUIRED,REVIEW_REQUIRED,Saudi Companies Directory,UNSURE
FZ-00874-98015-147489,cbaf0608-a7f9-409c-bd0c-2e821851294c,840f460b-5bd1-42b0-8281-6ae6de692600,REVIEW_REQUIRED,REVIEW_REQUIRED,Saudi Companies Directory,UNSURE
FZ-00875-98015-147557,cbaf0608-a7f9-409c-bd0c-2e821851294c,bc8126de-1db3-47b7-9d97-c054d5213fee,REVIEW_REQUIRED,REVIEW_REQUIRED,Saudi Companies Directory,UNSURE
FZ-00876-98015-170735,cbaf0608-a7f9-409c-bd0c-2e821851294c,35353c01-ee96-4536-88c0-89df116c748c,REVIEW_REQUIRED,NO_VERIFIABLE_IDENTITY,Saudi Companies Directory,UNSURE
FZ-00877-98015-381375,cbaf0608-a7f9-409c-bd0c-2e821851294c,,REVIEW_REQUIRED,,Saudi Companies Directory,UNSURE
FZ-00878-98015-432891,cbaf0608-a7f9-409c-bd0c-2e821851294c,,REVIEW_REQUIRED,,Saudi Companies Directory,UNSURE
FZ-00879-98015-500670,cbaf0608-a7f9-409c-bd0c-2e821851294c,,REVIEW_REQUIRED,,Saudi Companies Directory,UNSURE
FZ-00880-116804-450166,ff2c8e10-33bc-4f56-a030-5c1ca40abbde,,REVIEW_REQUIRED,,Saudi Companies Directory,UNSURE
FZ-00881-130651-147489,d38b9afa-9733-44da-8f6d-dbd82cd49a81,840f460b-5bd1-42b0-8281-6ae6de692600,REVIEW_REQUIRED,REVIEW_REQUIRED,Saudi Companies Directory,UNSURE
FZ-00882-130651-147557,d38b9afa-9733-44da-8f6d-dbd82cd49a81,bc8126de-1db3-47b7-9d97-c054d5213fee,REVIEW_REQUIRED,REVIEW_REQUIRED,Saudi Companies Directory,UNSURE
FZ-00883-130651-170735,d38b9afa-9733-44da-8f6d-dbd82cd49a81,35353c01-ee96-4536-88c0-89df116c748c,REVIEW_REQUIRED,NO_VERIFIABLE_IDENTITY,Saudi Companies Directory,UNSURE
FZ-00884-130651-381375,d38b9afa-9733-44da-8f6d-dbd82cd49a81,,REVIEW_REQUIRED,,Saudi Companies Directory,UNSURE
FZ-00885-130651-432891,d38b9afa-9733-44da-8f6d-dbd82cd49a81,,REVIEW_REQUIRED,,Saudi Companies Directory,UNSURE
FZ-00886-130651-500670,d38b9afa-9733-44da-8f6d-dbd82cd49a81,,REVIEW_REQUIRED,,Saudi Companies Directory,UNSURE
FZ-00887-147489-147557,840f460b-5bd1-42b0-8281-6ae6de692600,bc8126de-1db3-47b7-9d97-c054d5213fee,REVIEW_REQUIRED,REVIEW_REQUIRED,Saudi Companies Directory,UNSURE
FZ-00888-147489-170735,840f460b-5bd1-42b0-8281-6ae6de692600,35353c01-ee96-4536-88c0-89df116c748c,REVIEW_REQUIRED,NO_VERIFIABLE_IDENTITY,Saudi Companies Directory,UNSURE
FZ-00889-147489-381375,840f460b-5bd1-42b0-8281-6ae6de692600,,REVIEW_REQUIRED,,Saudi Companies Directory,UNSURE
FZ-00890-147489-432891,840f460b-5bd1-42b0-8281-6ae6de692600,,REVIEW_REQUIRED,,Saudi Companies Directory,UNSURE
FZ-00891-147489-500670,840f460b-5bd1-42b0-8281-6ae6de692600,,REVIEW_REQUIRED,,Saudi Companies Directory,UNSURE
FZ-00892-147557-170735,bc8126de-1db3-47b7-9d97-c054d5213fee,35353c01-ee96-4536-88c0-89df116c748c,REVIEW_REQUIRED,NO_VERIFIABLE_IDENTITY,Saudi Companies Directory,UNSURE
FZ-00893-147557-381375,bc8126de-1db3-47b7-9d97-c054d5213fee,,REVIEW_REQUIRED,,Saudi Companies Directory,UNSURE
FZ-00894-147557-432891,bc8126de-1db3-47b7-9d97-c054d5213fee,,REVIEW_REQUIRED,,Saudi Companies Directory,UNSURE
FZ-00895-147557-500670,bc8126de-1db3-47b7-9d97-c054d5213fee,,REVIEW_REQUIRED,,Saudi Companies Directory,UNSURE
FZ-00896-170735-381375,35353c01-ee96-4536-88c0-89df116c748c,,NO_VERIFIABLE_IDENTITY,,Saudi Companies Directory,UNSURE
FZ-00897-170735-432891,35353c01-ee96-4536-88c0-89df116c748c,,NO_VERIFIABLE_IDENTITY,,Saudi Companies Directory,UNSURE
FZ-00898-170735-500670,35353c01-ee96-4536-88c0-89df116c748c,,NO_VERIFIABLE_IDENTITY,,Saudi Companies Directory,UNSURE
FZ-00899-381375-432891,,,,,Portfolio Master v1 (existing draft),UNSURE
FZ-00900-381375-500670,,,,,Portfolio Master v1 (existing draft),UNSURE
FZ-00901-432891-500670,,,,,Portfolio Master v1 (existing draft),UNSURE
FZ-00902-205530-532757,d1348a47-6d4f-4782-8184-7b24cc9bfcbd,,REVIEW_REQUIRED,,Saudi Companies Directory,UNSURE
FZ-00903-657-161651,6a407aef-2b67-4e5c-ab0c-724718f8a076,b5fd383f-744c-4f58-bb35-850c7bb954f5,REVIEW_REQUIRED,NO_VERIFIABLE_IDENTITY,Saudi Companies Directory,UNSURE
FZ-00904-151028-481968,9ebc17c3-06df-482c-9b53-def87953ffe5,,REVIEW_REQUIRED,,Saudi Companies Directory,UNSURE
FZ-00905-192767-520856,2656a956-9b2b-42fd-975e-f6c8f8f3ab16,,REVIEW_REQUIRED,,Saudi Companies Directory,UNSURE
FZ-00906-309534-309683,558865dd-4f21-4b93-a982-70ac47ed33c2,ce3ff5e1-d70c-433f-8aa8-173d88a05d02,NO_VERIFIABLE_IDENTITY,NO_VERIFIABLE_IDENTITY,NCNP,UNSURE
FZ-00907-193782-521777,4ce39b83-31f3-48d1-bd1f-02b97a2adf13,,REVIEW_REQUIRED,,Saudi Companies Directory,UNSURE
FZ-00908-210448-537370,f5b2f9d4-7489-418e-9e6d-9823b483d612,,REVIEW_REQUIRED,,Saudi Companies Directory,UNSURE
FZ-00909-176845-506564,ca6304d9-5e0e-47ec-a0d0-a8fd60f3ea2c,,NO_VERIFIABLE_IDENTITY,,Saudi Companies Directory,UNSURE
FZ-00910-1837-138562,6b436bef-7be3-42c3-9482-c085b8a881e9,e65bbe0e-cd9e-4146-b168-417c9a382990,REVIEW_REQUIRED,NO_VERIFIABLE_IDENTITY,Saudi Companies Directory,UNSURE
FZ-00911-1837-342001,6b436bef-7be3-42c3-9482-c085b8a881e9,,REVIEW_REQUIRED,,Saudi Companies Directory,UNSURE
FZ-00912-1837-470478,6b436bef-7be3-42c3-9482-c085b8a881e9,,REVIEW_REQUIRED,,Saudi Companies Directory,UNSURE
FZ-00913-37523-376364,251527e8-aeb5-4fc4-aa85-670ede914259,,REVIEW_REQUIRED,,Saudi Companies Directory,UNSURE
FZ-00914-137619-469594,0ccb9307-551e-407a-8f94-9b65fa148fb6,,REVIEW_REQUIRED,,Saudi Companies Directory,UNSURE
FZ-00915-138562-342001,e65bbe0e-cd9e-4146-b168-417c9a382990,,NO_VERIFIABLE_IDENTITY,,Saudi Companies Directory,UNSURE
FZ-00916-138562-470478,e65bbe0e-cd9e-4146-b168-417c9a382990,,NO_VERIFIABLE_IDENTITY,,Saudi Companies Directory,UNSURE
FZ-00917-342001-470478,,,,,Portfolio Master v1 (existing draft),UNSURE
FZ-00918-73933-77304,aa560291-3e86-4668-8476-41a07e7f0e3b,3d84714c-92be-4d90-b5cd-d5dfd8f4b945,REVIEW_REQUIRED,REVIEW_REQUIRED,Saudi Companies Directory,UNSURE
FZ-00919-73933-413970,aa560291-3e86-4668-8476-41a07e7f0e3b,,REVIEW_REQUIRED,,Saudi Companies Directory,UNSURE
FZ-00920-77304-413970,3d84714c-92be-4d90-b5cd-d5dfd8f4b945,,REVIEW_REQUIRED,,Saudi Companies Directory,UNSURE
FZ-00921-69577-76579,c06ea8ed-1e76-47ce-922f-470aa614d5d1,00f7c59b-ab07-42b0-853f-5acad77ec4a9,NO_VERIFIABLE_IDENTITY,NO_VERIFIABLE_IDENTITY,Saudi Companies Directory,UNSURE
FZ-00922-219448-220997,071b263f-5d2c-4621-9671-7a4253327b00,c8da1717-4c3a-4bf6-8f8d-1f4fce8350ba,NO_VERIFIABLE_IDENTITY,NO_VERIFIABLE_IDENTITY,Saudi Companies Directory,UNSURE
FZ-00923-219448-223819,071b263f-5d2c-4621-9671-7a4253327b00,a41f1c26-b9da-49c7-b7ca-6aa0cca9d902,NO_VERIFIABLE_IDENTITY,NO_VERIFIABLE_IDENTITY,Saudi Companies Directory,UNSURE
FZ-00924-219448-545676,071b263f-5d2c-4621-9671-7a4253327b00,,NO_VERIFIABLE_IDENTITY,,Saudi Companies Directory,UNSURE
FZ-00925-219448-546468,071b263f-5d2c-4621-9671-7a4253327b00,,NO_VERIFIABLE_IDENTITY,,Saudi Companies Directory,UNSURE
FZ-00926-219448-549099,071b263f-5d2c-4621-9671-7a4253327b00,,NO_VERIFIABLE_IDENTITY,,Saudi Companies Directory,UNSURE
FZ-00927-220997-223819,c8da1717-4c3a-4bf6-8f8d-1f4fce8350ba,a41f1c26-b9da-49c7-b7ca-6aa0cca9d902,NO_VERIFIABLE_IDENTITY,NO_VERIFIABLE_IDENTITY,Saudi Companies Directory,UNSURE
FZ-00928-220997-545676,c8da1717-4c3a-4bf6-8f8d-1f4fce8350ba,,NO_VERIFIABLE_IDENTITY,,Saudi Companies Directory,UNSURE
FZ-00929-220997-546468,c8da1717-4c3a-4bf6-8f8d-1f4fce8350ba,,NO_VERIFIABLE_IDENTITY,,Saudi Companies Directory,UNSURE
FZ-00930-220997-549099,c8da1717-4c3a-4bf6-8f8d-1f4fce8350ba,,NO_VERIFIABLE_IDENTITY,,Saudi Companies Directory,UNSURE
FZ-00931-223819-545676,a41f1c26-b9da-49c7-b7ca-6aa0cca9d902,,NO_VERIFIABLE_IDENTITY,,Saudi Companies Directory,UNSURE
FZ-00932-223819-546468,a41f1c26-b9da-49c7-b7ca-6aa0cca9d902,,NO_VERIFIABLE_IDENTITY,,Saudi Companies Directory,UNSURE
FZ-00933-223819-549099,a41f1c26-b9da-49c7-b7ca-6aa0cca9d902,,NO_VERIFIABLE_IDENTITY,,Saudi Companies Directory,UNSURE
FZ-00934-545676-546468,,,,,Portfolio Master v1 (existing draft),UNSURE
FZ-00935-545676-549099,,,,,Portfolio Master v1 (existing draft),UNSURE
FZ-00936-546468-549099,,,,,Portfolio Master v1 (existing draft),UNSURE
FZ-00937-685-340854,3c795185-aa86-4564-a1a5-50048820ef5a,,REVIEW_REQUIRED,,Saudi Companies Directory,UNSURE
FZ-00938-99158-433889,59a2f180-85ca-4905-b038-116ecb3f7a65,,REVIEW_REQUIRED,,Saudi Companies Directory,UNSURE
FZ-00939-200659-528150,75c8dadb-f8df-4831-86dd-287abdab6db1,,REVIEW_REQUIRED,,Saudi Companies Directory,UNSURE
FZ-00940-205339-532576,4315df23-2414-4172-9cf5-a04372955c55,,REVIEW_REQUIRED,,Saudi Companies Directory,UNSURE
FZ-00941-192352-520513,a4ce40d4-8eed-46b5-9d9a-06cb494e1f89,,REVIEW_REQUIRED,,Saudi Companies Directory,UNSURE
FZ-00942-162628-186191,7b739ee7-72ed-44df-939c-02acd924e2cc,9fa922ea-e2f2-464f-94c4-e7a9ae32c73f,NO_VERIFIABLE_IDENTITY,NO_VERIFIABLE_IDENTITY,Saudi Companies Directory,UNSURE
FZ-00943-162628-188977,7b739ee7-72ed-44df-939c-02acd924e2cc,494d8751-6e5c-4629-a8c6-a22cb3b70753,NO_VERIFIABLE_IDENTITY,NO_VERIFIABLE_IDENTITY,Saudi Companies Directory,UNSURE
FZ-00944-186191-188977,9fa922ea-e2f2-464f-94c4-e7a9ae32c73f,494d8751-6e5c-4629-a8c6-a22cb3b70753,NO_VERIFIABLE_IDENTITY,NO_VERIFIABLE_IDENTITY,Saudi Companies Directory,UNSURE
FZ-00945-41378-380048,0487791d-c57c-4394-b08a-f049f167fc54,,REVIEW_REQUIRED,,Saudi Companies Directory,UNSURE
FZ-00946-33781-372905,4286b661-da24-4192-9942-3c4ecec09c9d,,REVIEW_REQUIRED,,Saudi Companies Directory,UNSURE
FZ-00947-688-160537,a16b92b0-1287-4932-849c-c6e9537e1112,e3af97b5-47b9-42c9-aec4-3539847b7ed2,REVIEW_REQUIRED,NO_VERIFIABLE_IDENTITY,Saudi Companies Directory,UNSURE
FZ-00948-688-340857,a16b92b0-1287-4932-849c-c6e9537e1112,,REVIEW_REQUIRED,,Saudi Companies Directory,UNSURE
FZ-00949-68417-181028,f7f9d6b5-26f2-48d3-b797-5ed116336c7a,ec110922-b152-4a7d-8848-fdadc9affe4c,REVIEW_REQUIRED,NO_VERIFIABLE_IDENTITY,Saudi Companies Directory,UNSURE
FZ-00950-68417-223784,f7f9d6b5-26f2-48d3-b797-5ed116336c7a,8914b2c4-472d-4fd2-9532-dab1fc04e074,REVIEW_REQUIRED,REVIEW_REQUIRED,Saudi Companies Directory,UNSURE
FZ-00951-68417-510486,f7f9d6b5-26f2-48d3-b797-5ed116336c7a,,REVIEW_REQUIRED,,Saudi Companies Directory,UNSURE
FZ-00952-68417-549073,f7f9d6b5-26f2-48d3-b797-5ed116336c7a,,REVIEW_REQUIRED,,Saudi Companies Directory,UNSURE
FZ-00953-160537-340857,e3af97b5-47b9-42c9-aec4-3539847b7ed2,,NO_VERIFIABLE_IDENTITY,,Saudi Companies Directory,UNSURE
FZ-00954-181028-223784,ec110922-b152-4a7d-8848-fdadc9affe4c,8914b2c4-472d-4fd2-9532-dab1fc04e074,NO_VERIFIABLE_IDENTITY,REVIEW_REQUIRED,Saudi Companies Directory,UNSURE
FZ-00955-181028-510486,ec110922-b152-4a7d-8848-fdadc9affe4c,,NO_VERIFIABLE_IDENTITY,,Saudi Companies Directory,UNSURE
FZ-00956-181028-549073,ec110922-b152-4a7d-8848-fdadc9affe4c,,NO_VERIFIABLE_IDENTITY,,Saudi Companies Directory,UNSURE
FZ-00957-223784-510486,8914b2c4-472d-4fd2-9532-dab1fc04e074,,REVIEW_REQUIRED,,Saudi Companies Directory,UNSURE
FZ-00958-223784-549073,8914b2c4-472d-4fd2-9532-dab1fc04e074,,REVIEW_REQUIRED,,Saudi Companies Directory,UNSURE
FZ-00959-510486-549073,,,,,Portfolio Master v1 (existing draft),UNSURE
FZ-00960-28571-367904,380f2ef0-8aa6-4351-a1cb-671a33b1dbf9,,NO_VERIFIABLE_IDENTITY,,Saudi Companies Directory,UNSURE
FZ-00961-138098-470047,3bcd90e5-36d3-4a3d-b4d6-6be783525bf1,,REVIEW_REQUIRED,,Saudi Companies Directory,UNSURE
FZ-00962-120496-453638,6537c8f1-7c90-4f67-b45f-c907d6c22e92,,REVIEW_REQUIRED,,Saudi Companies Directory,UNSURE
FZ-00963-214588-541267,cdfd803d-74ff-4e21-aa53-b83d9a81fc4b,,REVIEW_REQUIRED,,Saudi Companies Directory,UNSURE
FZ-00964-195387-523310,0593f483-36da-4086-a409-ee146182ec94,,REVIEW_REQUIRED,,Saudi Companies Directory,UNSURE
FZ-00965-40624-379302,194d7887-4030-49af-8c88-e5a8b4ee0e87,,REVIEW_REQUIRED,,Saudi Companies Directory,UNSURE
FZ-00966-805-340974,5287b4a1-7f0f-41d1-a22c-7eb6fa7d956a,,REVIEW_REQUIRED,,Saudi Companies Directory,UNSURE
FZ-00967-85628-182784,7a2c24c2-0ff4-4b83-b441-5f351c1b2904,e93e4cef-54ca-4357-9cc5-acaac87afedf,NO_VERIFIABLE_IDENTITY,NO_VERIFIABLE_IDENTITY,Saudi Companies Directory,UNSURE
FZ-00968-85628-193978,7a2c24c2-0ff4-4b83-b441-5f351c1b2904,c1b4a090-dd95-451b-b761-368ab5e8cbb5,NO_VERIFIABLE_IDENTITY,REVIEW_REQUIRED,Saudi Companies Directory,UNSURE
FZ-00969-85628-421537,7a2c24c2-0ff4-4b83-b441-5f351c1b2904,,NO_VERIFIABLE_IDENTITY,,Saudi Companies Directory,UNSURE
FZ-00970-85628-512137,7a2c24c2-0ff4-4b83-b441-5f351c1b2904,,NO_VERIFIABLE_IDENTITY,,Saudi Companies Directory,UNSURE
FZ-00971-85628-521963,7a2c24c2-0ff4-4b83-b441-5f351c1b2904,,NO_VERIFIABLE_IDENTITY,,Saudi Companies Directory,UNSURE
FZ-00972-182784-193978,e93e4cef-54ca-4357-9cc5-acaac87afedf,c1b4a090-dd95-451b-b761-368ab5e8cbb5,NO_VERIFIABLE_IDENTITY,REVIEW_REQUIRED,Saudi Companies Directory,UNSURE
FZ-00973-182784-421537,e93e4cef-54ca-4357-9cc5-acaac87afedf,,NO_VERIFIABLE_IDENTITY,,Saudi Companies Directory,UNSURE
FZ-00974-182784-512137,e93e4cef-54ca-4357-9cc5-acaac87afedf,,NO_VERIFIABLE_IDENTITY,,Saudi Companies Directory,UNSURE
FZ-00975-182784-521963,e93e4cef-54ca-4357-9cc5-acaac87afedf,,NO_VERIFIABLE_IDENTITY,,Saudi Companies Directory,UNSURE
FZ-00976-193978-421537,c1b4a090-dd95-451b-b761-368ab5e8cbb5,,REVIEW_REQUIRED,,Saudi Companies Directory,UNSURE
FZ-00977-193978-512137,c1b4a090-dd95-451b-b761-368ab5e8cbb5,,REVIEW_REQUIRED,,Saudi Companies Directory,UNSURE
FZ-00978-193978-521963,c1b4a090-dd95-451b-b761-368ab5e8cbb5,,REVIEW_REQUIRED,,Saudi Companies Directory,UNSURE
FZ-00979-421537-512137,,,,,Portfolio Master v1 (existing draft),UNSURE
FZ-00980-421537-521963,,,,,Portfolio Master v1 (existing draft),UNSURE
FZ-00981-512137-521963,,,,,Portfolio Master v1 (existing draft),UNSURE
FZ-00982-121336-454405,0b5ae556-2ca4-4b8a-858d-0f8982516c08,,REVIEW_REQUIRED,,Saudi Companies Directory,UNSURE
FZ-00983-6968-346988,da092fa2-7086-4286-b774-39a3423f3913,,REVIEW_REQUIRED,,Saudi Companies Directory,UNSURE
FZ-00984-214403-541095,acbf7b8a-ab91-4bd8-b10f-2425a4a84aea,,REVIEW_REQUIRED,,Saudi Companies Directory,UNSURE
FZ-00985-114232-152499,61313ed1-fd41-4894-9b91-963c2e1837d2,4a2cae7b-7741-43cb-98af-aecddea86d1e,NO_VERIFIABLE_IDENTITY,NO_VERIFIABLE_IDENTITY,Saudi Companies Directory,UNSURE
FZ-00986-114232-166214,61313ed1-fd41-4894-9b91-963c2e1837d2,a70a0a78-ceb8-4a1b-88e4-ad20d0c22c68,NO_VERIFIABLE_IDENTITY,NO_VERIFIABLE_IDENTITY,Saudi Companies Directory,UNSURE
FZ-00987-114232-483377,61313ed1-fd41-4894-9b91-963c2e1837d2,,NO_VERIFIABLE_IDENTITY,,Saudi Companies Directory,UNSURE
FZ-00988-152499-166214,4a2cae7b-7741-43cb-98af-aecddea86d1e,a70a0a78-ceb8-4a1b-88e4-ad20d0c22c68,NO_VERIFIABLE_IDENTITY,NO_VERIFIABLE_IDENTITY,Saudi Companies Directory,UNSURE
FZ-00989-152499-483377,4a2cae7b-7741-43cb-98af-aecddea86d1e,,NO_VERIFIABLE_IDENTITY,,Saudi Companies Directory,UNSURE
FZ-00990-166214-483377,a70a0a78-ceb8-4a1b-88e4-ad20d0c22c68,,NO_VERIFIABLE_IDENTITY,,Saudi Companies Directory,UNSURE
FZ-00991-67290-404691,f9571e62-b383-42e4-afa7-6d80a357c801,,NO_VERIFIABLE_IDENTITY,,Saudi Companies Directory,UNSURE
FZ-00992-102925-219858,ee7a6017-78f5-4950-8e16-cb143cb52232,1a170769-9893-442a-9d61-eaecdddf9b42,REVIEW_REQUIRED,REVIEW_REQUIRED,Saudi Companies Directory,UNSURE
FZ-00993-102925-436967,ee7a6017-78f5-4950-8e16-cb143cb52232,,REVIEW_REQUIRED,,Saudi Companies Directory,UNSURE
FZ-00994-219858-436967,1a170769-9893-442a-9d61-eaecdddf9b42,,REVIEW_REQUIRED,,Saudi Companies Directory,UNSURE
FZ-00995-160617-490942,b17ff553-a1d4-4cad-b859-d9599ac24ff2,,NO_VERIFIABLE_IDENTITY,,Saudi Companies Directory,UNSURE
FZ-00996-27003-140577,77e959e5-fbce-4bb5-9d69-b39b83478890,bd21be6e-06c8-4153-863e-56e4093c6af5,REVIEW_REQUIRED,NO_VERIFIABLE_IDENTITY,Saudi Companies Directory,UNSURE
FZ-00997-27003-151395,77e959e5-fbce-4bb5-9d69-b39b83478890,0ecdcdb7-01d8-4568-8c36-a0bb857fa94b,REVIEW_REQUIRED,REVIEW_REQUIRED,Saudi Companies Directory,UNSURE
FZ-00998-27003-366393,77e959e5-fbce-4bb5-9d69-b39b83478890,,REVIEW_REQUIRED,,Saudi Companies Directory,UNSURE
FZ-00999-27003-472280,77e959e5-fbce-4bb5-9d69-b39b83478890,,REVIEW_REQUIRED,,Saudi Companies Directory,UNSURE
FZ-01000-27003-482321,77e959e5-fbce-4bb5-9d69-b39b83478890,,REVIEW_REQUIRED,,Saudi Companies Directory,UNSURE
FZ-01001-140577-151395,bd21be6e-06c8-4153-863e-56e4093c6af5,0ecdcdb7-01d8-4568-8c36-a0bb857fa94b,NO_VERIFIABLE_IDENTITY,REVIEW_REQUIRED,Saudi Companies Directory,UNSURE
FZ-01002-140577-366393,bd21be6e-06c8-4153-863e-56e4093c6af5,,NO_VERIFIABLE_IDENTITY,,Saudi Companies Directory,UNSURE
FZ-01003-140577-472280,bd21be6e-06c8-4153-863e-56e4093c6af5,,NO_VERIFIABLE_IDENTITY,,Saudi Companies Directory,UNSURE
FZ-01004-140577-482321,bd21be6e-06c8-4153-863e-56e4093c6af5,,NO_VERIFIABLE_IDENTITY,,Saudi Companies Directory,UNSURE
FZ-01005-151395-366393,0ecdcdb7-01d8-4568-8c36-a0bb857fa94b,,REVIEW_REQUIRED,,Saudi Companies Directory,UNSURE
FZ-01006-151395-472280,0ecdcdb7-01d8-4568-8c36-a0bb857fa94b,,REVIEW_REQUIRED,,Saudi Companies Directory,UNSURE
FZ-01007-151395-482321,0ecdcdb7-01d8-4568-8c36-a0bb857fa94b,,REVIEW_REQUIRED,,Saudi Companies Directory,UNSURE
FZ-01008-366393-472280,,,,,Portfolio Master v1 (existing draft),UNSURE
FZ-01009-366393-482321,,,,,Portfolio Master v1 (existing draft),UNSURE
FZ-01010-472280-482321,,,,,Portfolio Master v1 (existing draft),UNSURE
FZ-01011-185473-192782,bb74fc06-ccc4-430a-b0d0-c93f5c9d3f46,41e9f704-f5ad-4341-a0aa-054bc5abd935,NO_VERIFIABLE_IDENTITY,NO_VERIFIABLE_IDENTITY,Saudi Companies Directory,UNSURE
FZ-01012-102742-219898,73c4078b-292b-4078-b93b-c65a274e94f6,5546d468-a90c-49c2-a899-e303f53a4de6,NO_VERIFIABLE_IDENTITY,NO_VERIFIABLE_IDENTITY,Saudi Companies Directory,UNSURE
FZ-01013-102742-436785,73c4078b-292b-4078-b93b-c65a274e94f6,,NO_VERIFIABLE_IDENTITY,,Saudi Companies Directory,UNSURE
FZ-01014-219898-436785,5546d468-a90c-49c2-a899-e303f53a4de6,,NO_VERIFIABLE_IDENTITY,,Saudi Companies Directory,UNSURE
FZ-01015-74300-411223,19648991-fec3-4945-82a7-b3ccd7530357,,REVIEW_REQUIRED,,Saudi Companies Directory,UNSURE
FZ-01016-63449-401074,8df57e68-659a-419a-8ab4-3a9c6c172277,,REVIEW_REQUIRED,,Saudi Companies Directory,UNSURE
FZ-01017-209126-536114,35c9eedc-7274-4f40-8b9a-ce11bec5c6e9,,REVIEW_REQUIRED,,Saudi Companies Directory,UNSURE
FZ-01018-549-340719,e5b2e88c-27a3-44dc-8171-8e1fdcc2a971,,REVIEW_REQUIRED,,Saudi Companies Directory,UNSURE
FZ-01019-13055-352958,cb424dbc-4625-4483-891a-aa50768753f9,,REVIEW_REQUIRED,,Saudi Companies Directory,UNSURE
FZ-01020-118807-452100,bbf6eaca-3780-4a4a-a1bd-aa40073c8e74,,REVIEW_REQUIRED,,Saudi Companies Directory,UNSURE
FZ-01021-124918-139536,89bf4837-0fae-4345-a8ff-544efe21fd22,bc4ecf1a-62ac-4c61-bcf7-e38a3e522403,REVIEW_REQUIRED,NO_VERIFIABLE_IDENTITY,Saudi Companies Directory,UNSURE
FZ-01022-124918-457777,89bf4837-0fae-4345-a8ff-544efe21fd22,,REVIEW_REQUIRED,,Saudi Companies Directory,UNSURE
FZ-01023-124918-471318,89bf4837-0fae-4345-a8ff-544efe21fd22,,REVIEW_REQUIRED,,Saudi Companies Directory,UNSURE
FZ-01024-139536-457777,bc4ecf1a-62ac-4c61-bcf7-e38a3e522403,,NO_VERIFIABLE_IDENTITY,,Saudi Companies Directory,UNSURE
FZ-01025-139536-471318,bc4ecf1a-62ac-4c61-bcf7-e38a3e522403,,NO_VERIFIABLE_IDENTITY,,Saudi Companies Directory,UNSURE
FZ-01026-457777-471318,,,,,Portfolio Master v1 (existing draft),UNSURE
FZ-01027-40769-122133,e23b0f2c-4b0f-40c3-9a8c-999f04ae752a,2897feaf-2f5d-43e7-bf7f-1ed25711860e,REVIEW_REQUIRED,REVIEW_REQUIRED,Saudi Companies Directory,UNSURE
FZ-01028-40769-379443,e23b0f2c-4b0f-40c3-9a8c-999f04ae752a,,REVIEW_REQUIRED,,Saudi Companies Directory,UNSURE
FZ-01029-122133-379443,2897feaf-2f5d-43e7-bf7f-1ed25711860e,,REVIEW_REQUIRED,,Saudi Companies Directory,UNSURE
FZ-01030-12936-57137,297444f4-dec8-42ae-8210-f3ea92f22e35,07c50132-e03d-486e-a39b-28b135e6fe5f,REVIEW_REQUIRED,REVIEW_REQUIRED,Saudi Companies Directory,UNSURE
FZ-01031-14033-98838,0d801d02-63e9-42ec-9de6-b930f01c53b2,dea94e29-9ef7-40d6-b8b9-3f28d89df8a5,REVIEW_REQUIRED,REVIEW_REQUIRED,Saudi Companies Directory,UNSURE
FZ-01032-171438-501346,d9d3d04f-7f01-4f92-86cf-775227596e7e,,NO_VERIFIABLE_IDENTITY,,Saudi Companies Directory,UNSURE
FZ-01033-11436-166184,a069bf63-7da3-4d3a-8a37-b55ab5568178,e46a220e-6701-411d-98f5-05d5b3bff58e,REVIEW_REQUIRED,NO_VERIFIABLE_IDENTITY,Saudi Companies Directory,UNSURE
FZ-01034-11436-496293,a069bf63-7da3-4d3a-8a37-b55ab5568178,,REVIEW_REQUIRED,,Saudi Companies Directory,UNSURE
FZ-01035-166184-496293,e46a220e-6701-411d-98f5-05d5b3bff58e,,NO_VERIFIABLE_IDENTITY,,Saudi Companies Directory,UNSURE
FZ-01036-19362-114426,a2413d1e-ef19-44bc-abbb-714837b83bc8,96eb859d-8cee-4955-89b4-52e29fcecdbd,REVIEW_REQUIRED,NO_VERIFIABLE_IDENTITY,Saudi Companies Directory,UNSURE
FZ-01037-19362-447951,a2413d1e-ef19-44bc-abbb-714837b83bc8,,REVIEW_REQUIRED,,Saudi Companies Directory,UNSURE
FZ-01038-114426-447951,96eb859d-8cee-4955-89b4-52e29fcecdbd,,NO_VERIFIABLE_IDENTITY,,Saudi Companies Directory,UNSURE
FZ-01039-98396-177303,b63061f4-a4b8-404b-8a3c-edc83971e6d0,bb371031-2e71-422a-bd30-802f60efc417,REVIEW_REQUIRED,NO_VERIFIABLE_IDENTITY,Saudi Companies Directory,UNSURE
FZ-01040-40736-379411,db3b4284-060e-486c-afc6-8f3ef8cb75ad,,REVIEW_REQUIRED,,Saudi Companies Directory,UNSURE
FZ-01041-103289-437327,275e2452-f918-4c30-8ccd-40544feb4280,,REVIEW_REQUIRED,,Saudi Companies Directory,UNSURE
FZ-01042-58298-177274,f87f8447-9c85-4ed2-ad2c-b48da3932ed2,18446f50-5ceb-4bad-9052-9f9ccf06af03,REVIEW_REQUIRED,NO_VERIFIABLE_IDENTITY,Saudi Companies Directory,UNSURE
FZ-01043-58298-506982,f87f8447-9c85-4ed2-ad2c-b48da3932ed2,,REVIEW_REQUIRED,,Saudi Companies Directory,UNSURE
FZ-01044-177274-506982,18446f50-5ceb-4bad-9052-9f9ccf06af03,,NO_VERIFIABLE_IDENTITY,,Saudi Companies Directory,UNSURE
FZ-01045-67933-79984,e2aab632-dd66-47d9-aa54-5fc2b5988714,81eb356e-230b-4162-9a86-3beeeec9ab25,REVIEW_REQUIRED,REVIEW_REQUIRED,Saudi Companies Directory,UNSURE
FZ-01046-67933-405302,e2aab632-dd66-47d9-aa54-5fc2b5988714,,REVIEW_REQUIRED,,Saudi Companies Directory,UNSURE
FZ-01047-67933-416401,e2aab632-dd66-47d9-aa54-5fc2b5988714,,REVIEW_REQUIRED,,Saudi Companies Directory,UNSURE
FZ-01048-79984-405302,81eb356e-230b-4162-9a86-3beeeec9ab25,,REVIEW_REQUIRED,,Saudi Companies Directory,UNSURE
FZ-01049-79984-416401,81eb356e-230b-4162-9a86-3beeeec9ab25,,REVIEW_REQUIRED,,Saudi Companies Directory,UNSURE
FZ-01050-405302-416401,,,,,Portfolio Master v1 (existing draft),UNSURE
FZ-01051-68126-405482,d43d2e29-9ce3-425a-a3d5-37a668195bd7,,REVIEW_REQUIRED,,Saudi Companies Directory,UNSURE
FZ-01052-108555-220710,2df070e1-accd-41f3-97a8-e57581bb408c,b241913c-359c-42b7-96c0-ea7f2ecd4179,REVIEW_REQUIRED,REVIEW_REQUIRED,Saudi Companies Directory,UNSURE
FZ-01053-46812-46832,d446439b-b4e2-4871-89b9-2b16c5f98b20,566ac2a5-99cf-45d3-bf27-bdb248e5e735,NO_VERIFIABLE_IDENTITY,NO_VERIFIABLE_IDENTITY,Saudi Companies Directory,UNSURE
FZ-01054-201463-528921,3c468ce3-dfce-42b0-8e36-2e712e1fb1d3,,REVIEW_REQUIRED,,Saudi Companies Directory,UNSURE
FZ-01055-82092-418250,26c13c92-42b0-4cd5-aebc-bbc60454af26,,REVIEW_REQUIRED,,Saudi Companies Directory,UNSURE
FZ-01056-82817-418953,8e700c14-c3a8-431c-837b-a268cdd7e7c0,,REVIEW_REQUIRED,,Saudi Companies Directory,UNSURE
FZ-01057-134198-466443,bae99623-cca5-4497-aaf0-d135a70e0a00,,REVIEW_REQUIRED,,Saudi Companies Directory,UNSURE
FZ-01058-33194-72814,206e92aa-11d2-40f2-92db-40faf82be98f,247d9452-2c63-427a-98c6-3b3c427ff5c0,NO_VERIFIABLE_IDENTITY,NO_VERIFIABLE_IDENTITY,Saudi Companies Directory,UNSURE
FZ-01059-117439-185315,598784bb-e9fd-4e56-a380-b226872c9fcf,477c3650-0c34-4240-8072-26de65ebd7ca,REVIEW_REQUIRED,NO_VERIFIABLE_IDENTITY,Saudi Companies Directory,UNSURE
FZ-01060-117439-189153,598784bb-e9fd-4e56-a380-b226872c9fcf,19df06c3-5bd9-423e-a767-3698691d2b0c,REVIEW_REQUIRED,NO_VERIFIABLE_IDENTITY,Saudi Companies Directory,UNSURE
FZ-01061-117439-450772,598784bb-e9fd-4e56-a380-b226872c9fcf,,REVIEW_REQUIRED,,Saudi Companies Directory,UNSURE
FZ-01062-117439-517722,598784bb-e9fd-4e56-a380-b226872c9fcf,,REVIEW_REQUIRED,,Saudi Companies Directory,UNSURE
FZ-01063-185315-189153,477c3650-0c34-4240-8072-26de65ebd7ca,19df06c3-5bd9-423e-a767-3698691d2b0c,NO_VERIFIABLE_IDENTITY,NO_VERIFIABLE_IDENTITY,Saudi Companies Directory,UNSURE
FZ-01064-185315-450772,477c3650-0c34-4240-8072-26de65ebd7ca,,NO_VERIFIABLE_IDENTITY,,Saudi Companies Directory,UNSURE
FZ-01065-185315-517722,477c3650-0c34-4240-8072-26de65ebd7ca,,NO_VERIFIABLE_IDENTITY,,Saudi Companies Directory,UNSURE
FZ-01066-189153-450772,19df06c3-5bd9-423e-a767-3698691d2b0c,,NO_VERIFIABLE_IDENTITY,,Saudi Companies Directory,UNSURE
FZ-01067-189153-517722,19df06c3-5bd9-423e-a767-3698691d2b0c,,NO_VERIFIABLE_IDENTITY,,Saudi Companies Directory,UNSURE
FZ-01068-450772-517722,,,,,Portfolio Master v1 (existing draft),UNSURE
FZ-01069-121054-121076,ce2aa983-a4a0-47bf-b984-c081b92da9da,e9c6d8b0-306e-4ce1-b9ff-a5bb7286b1a2,NO_VERIFIABLE_IDENTITY,NO_VERIFIABLE_IDENTITY,Saudi Companies Directory,UNSURE
FZ-01070-121054-121083,ce2aa983-a4a0-47bf-b984-c081b92da9da,bebfec66-d7cb-420a-bacf-6a049f4e3133,NO_VERIFIABLE_IDENTITY,NO_VERIFIABLE_IDENTITY,Saudi Companies Directory,UNSURE
FZ-01071-121054-121253,ce2aa983-a4a0-47bf-b984-c081b92da9da,5e489dae-a81a-42eb-9993-6ea86f92713a,NO_VERIFIABLE_IDENTITY,NO_VERIFIABLE_IDENTITY,Saudi Companies Directory,UNSURE
FZ-01072-121054-217844,ce2aa983-a4a0-47bf-b984-c081b92da9da,a826876b-efa8-42ce-bf1f-31edb658d995,NO_VERIFIABLE_IDENTITY,NO_VERIFIABLE_IDENTITY,Saudi Companies Directory,UNSURE
FZ-01073-121075-217830,beac765d-eb89-4d94-b123-698bff2a74fe,dcc8bca1-a91f-44fc-81c5-fef7ed47a2d0,NO_VERIFIABLE_IDENTITY,NO_VERIFIABLE_IDENTITY,Saudi Companies Directory,UNSURE
FZ-01074-121076-121083,e9c6d8b0-306e-4ce1-b9ff-a5bb7286b1a2,bebfec66-d7cb-420a-bacf-6a049f4e3133,NO_VERIFIABLE_IDENTITY,NO_VERIFIABLE_IDENTITY,Saudi Companies Directory,UNSURE
FZ-01075-121076-121253,e9c6d8b0-306e-4ce1-b9ff-a5bb7286b1a2,5e489dae-a81a-42eb-9993-6ea86f92713a,NO_VERIFIABLE_IDENTITY,NO_VERIFIABLE_IDENTITY,Saudi Companies Directory,UNSURE
FZ-01076-121076-217844,e9c6d8b0-306e-4ce1-b9ff-a5bb7286b1a2,a826876b-efa8-42ce-bf1f-31edb658d995,NO_VERIFIABLE_IDENTITY,NO_VERIFIABLE_IDENTITY,Saudi Companies Directory,UNSURE
FZ-01077-121077-217789,986459cc-f5d9-4eeb-b141-f9890e96373a,70cab103-1304-4ed7-a26d-37723a7dda6f,NO_VERIFIABLE_IDENTITY,NO_VERIFIABLE_IDENTITY,Saudi Companies Directory,UNSURE
FZ-01078-121082-121084,71f61dc9-479a-4cf3-ad67-213d94a61ed9,7cc93089-2bff-4393-8674-4d316d57ba4f,NO_VERIFIABLE_IDENTITY,NO_VERIFIABLE_IDENTITY,Saudi Companies Directory,UNSURE
FZ-01079-121082-217782,71f61dc9-479a-4cf3-ad67-213d94a61ed9,28d6ed64-fffb-4694-b5fb-f46f4ed24ae6,NO_VERIFIABLE_IDENTITY,NO_VERIFIABLE_IDENTITY,Saudi Companies Directory,UNSURE
FZ-01080-121083-121253,bebfec66-d7cb-420a-bacf-6a049f4e3133,5e489dae-a81a-42eb-9993-6ea86f92713a,NO_VERIFIABLE_IDENTITY,NO_VERIFIABLE_IDENTITY,Saudi Companies Directory,UNSURE
FZ-01081-121083-217844,bebfec66-d7cb-420a-bacf-6a049f4e3133,a826876b-efa8-42ce-bf1f-31edb658d995,NO_VERIFIABLE_IDENTITY,NO_VERIFIABLE_IDENTITY,Saudi Companies Directory,UNSURE
FZ-01082-121084-121253,7cc93089-2bff-4393-8674-4d316d57ba4f,5e489dae-a81a-42eb-9993-6ea86f92713a,NO_VERIFIABLE_IDENTITY,NO_VERIFIABLE_IDENTITY,Saudi Companies Directory,UNSURE
FZ-01083-121233-454307,6758648f-ecac-44ed-ba87-606e1e2a8fed,,REVIEW_REQUIRED,,Saudi Companies Directory,UNSURE
FZ-01084-121253-217844,5e489dae-a81a-42eb-9993-6ea86f92713a,a826876b-efa8-42ce-bf1f-31edb658d995,NO_VERIFIABLE_IDENTITY,NO_VERIFIABLE_IDENTITY,Saudi Companies Directory,UNSURE
FZ-01085-148414-479486,d119249e-aef2-42f1-9795-09801c368a49,,REVIEW_REQUIRED,,Saudi Companies Directory,UNSURE
FZ-01086-217789-217830,70cab103-1304-4ed7-a26d-37723a7dda6f,dcc8bca1-a91f-44fc-81c5-fef7ed47a2d0,NO_VERIFIABLE_IDENTITY,NO_VERIFIABLE_IDENTITY,Saudi Companies Directory,UNSURE
FZ-01087-217789-217844,70cab103-1304-4ed7-a26d-37723a7dda6f,a826876b-efa8-42ce-bf1f-31edb658d995,NO_VERIFIABLE_IDENTITY,NO_VERIFIABLE_IDENTITY,Saudi Companies Directory,UNSURE
FZ-01088-165209-495343,4b84ba12-6a7b-4cee-b1a6-2ffd9d75b866,,REVIEW_REQUIRED,,Saudi Companies Directory,UNSURE
FZ-01089-50157-388467,234d5acc-2ac1-42ea-9f5b-1aa583dedfd8,,NO_VERIFIABLE_IDENTITY,,Saudi Companies Directory,UNSURE
FZ-01090-127835-460523,23fc56b2-1235-4986-bf0b-dceb013f9976,,NO_VERIFIABLE_IDENTITY,,Saudi Companies Directory,UNSURE
FZ-01091-223966-549239,4e15de2d-87e8-446a-9775-9fcaec4d945c,,NO_VERIFIABLE_IDENTITY,,Saudi Companies Directory,UNSURE
FZ-01092-196972-524779,843752a0-18af-4f32-b027-f3a9b46422cb,,REVIEW_REQUIRED,,Saudi Companies Directory,UNSURE
FZ-01093-174042-174271,cb90197d-0133-421c-9c41-b990f1692b65,00f8b245-0f28-4c9a-aa5e-e63e30e2ed26,NO_VERIFIABLE_IDENTITY,NO_VERIFIABLE_IDENTITY,Saudi Companies Directory,UNSURE
FZ-01094-106818-145199,46db7dd9-39ed-40a3-baf0-67ae8b8ba9ac,2bd152ed-bbd2-42c9-9143-8d4f80503c6d,NO_VERIFIABLE_IDENTITY,REVIEW_REQUIRED,Saudi Companies Directory,UNSURE
FZ-01095-106818-440777,46db7dd9-39ed-40a3-baf0-67ae8b8ba9ac,,NO_VERIFIABLE_IDENTITY,,Saudi Companies Directory,UNSURE
FZ-01096-106818-476435,46db7dd9-39ed-40a3-baf0-67ae8b8ba9ac,,NO_VERIFIABLE_IDENTITY,,Saudi Companies Directory,UNSURE
FZ-01097-145199-440777,2bd152ed-bbd2-42c9-9143-8d4f80503c6d,,REVIEW_REQUIRED,,Saudi Companies Directory,UNSURE
FZ-01098-145199-476435,2bd152ed-bbd2-42c9-9143-8d4f80503c6d,,REVIEW_REQUIRED,,Saudi Companies Directory,UNSURE
FZ-01099-440777-476435,,,,,Portfolio Master v1 (existing draft),UNSURE
FZ-01100-91116-100562,17951b8d-8c81-4103-98c0-d1d68db7b81e,5e0fdb9d-9c90-4476-991e-dfc51669157f,NO_VERIFIABLE_IDENTITY,NO_VERIFIABLE_IDENTITY,Saudi Companies Directory,UNSURE
FZ-01101-114395-164337,58da94e2-73b7-4e78-a559-86f9e6882595,c868795c-072e-4abb-ba22-886eeab57568,NO_VERIFIABLE_IDENTITY,NO_VERIFIABLE_IDENTITY,Saudi Companies Directory,UNSURE
FZ-01102-14250-19926,14ffdb2b-58a1-4ec6-9a79-cd4646eb4db3,825fd7d8-d5b6-41eb-a6b5-1f75f1f19084,NO_VERIFIABLE_IDENTITY,NO_VERIFIABLE_IDENTITY,Saudi Companies Directory,UNSURE
FZ-01103-207585-534660,5b9ee0f7-bd38-43d2-8fcc-132b2e3db80e,,NO_VERIFIABLE_IDENTITY,,Saudi Companies Directory,UNSURE
FZ-01104-143164-474604,4a5c4dc5-fe67-4e1a-abcb-ef8acc090857,,REVIEW_REQUIRED,,Saudi Companies Directory,UNSURE
FZ-01105-34346-57140,03789fad-a567-41b1-8315-ffd524d5f7aa,a054122f-e7e9-44c4-973b-41c63ac4f4fd,REVIEW_REQUIRED,REVIEW_REQUIRED,Saudi Companies Directory,UNSURE
FZ-01106-34346-185173,03789fad-a567-41b1-8315-ffd524d5f7aa,a87131b7-951e-4495-b3ca-9a752af5666d,REVIEW_REQUIRED,NO_VERIFIABLE_IDENTITY,Saudi Companies Directory,UNSURE
FZ-01107-34346-373437,03789fad-a567-41b1-8315-ffd524d5f7aa,,REVIEW_REQUIRED,,Saudi Companies Directory,UNSURE
FZ-01108-34346-395115,03789fad-a567-41b1-8315-ffd524d5f7aa,,REVIEW_REQUIRED,,Saudi Companies Directory,UNSURE
FZ-01109-34346-514256,03789fad-a567-41b1-8315-ffd524d5f7aa,,REVIEW_REQUIRED,,Saudi Companies Directory,UNSURE
FZ-01110-57140-185173,a054122f-e7e9-44c4-973b-41c63ac4f4fd,a87131b7-951e-4495-b3ca-9a752af5666d,REVIEW_REQUIRED,NO_VERIFIABLE_IDENTITY,Saudi Companies Directory,UNSURE
FZ-01111-57140-373437,a054122f-e7e9-44c4-973b-41c63ac4f4fd,,REVIEW_REQUIRED,,Saudi Companies Directory,UNSURE
FZ-01112-57140-395115,a054122f-e7e9-44c4-973b-41c63ac4f4fd,,REVIEW_REQUIRED,,Saudi Companies Directory,UNSURE
FZ-01113-57140-514256,a054122f-e7e9-44c4-973b-41c63ac4f4fd,,REVIEW_REQUIRED,,Saudi Companies Directory,UNSURE
FZ-01114-185173-373437,a87131b7-951e-4495-b3ca-9a752af5666d,,NO_VERIFIABLE_IDENTITY,,Saudi Companies Directory,UNSURE
FZ-01115-185173-395115,a87131b7-951e-4495-b3ca-9a752af5666d,,NO_VERIFIABLE_IDENTITY,,Saudi Companies Directory,UNSURE
FZ-01116-185173-514256,a87131b7-951e-4495-b3ca-9a752af5666d,,NO_VERIFIABLE_IDENTITY,,Saudi Companies Directory,UNSURE
FZ-01117-373437-395115,,,,,Portfolio Master v1 (existing draft),UNSURE
FZ-01118-373437-514256,,,,,Portfolio Master v1 (existing draft),UNSURE
FZ-01119-395115-514256,,,,,Portfolio Master v1 (existing draft),UNSURE
FZ-01120-13359-102543,7cbf48ce-b969-46d0-aa51-171deb521777,c7977897-b12a-426d-8397-8fd8a1adf2dc,REVIEW_REQUIRED,REVIEW_REQUIRED,Saudi Companies Directory,UNSURE
FZ-01121-13359-353258,7cbf48ce-b969-46d0-aa51-171deb521777,,REVIEW_REQUIRED,,Saudi Companies Directory,UNSURE
FZ-01122-13359-436587,7cbf48ce-b969-46d0-aa51-171deb521777,,REVIEW_REQUIRED,,Saudi Companies Directory,UNSURE
FZ-01123-102543-353258,c7977897-b12a-426d-8397-8fd8a1adf2dc,,REVIEW_REQUIRED,,Saudi Companies Directory,UNSURE
FZ-01124-102543-436587,c7977897-b12a-426d-8397-8fd8a1adf2dc,,REVIEW_REQUIRED,,Saudi Companies Directory,UNSURE
FZ-01125-106634-440599,c22d0ab7-bc94-4462-bbfa-babcd4223f76,,REVIEW_REQUIRED,,Saudi Companies Directory,UNSURE
FZ-01126-353258-436587,,,,,Portfolio Master v1 (existing draft),UNSURE
FZ-01127-44265-46840,7f8bf3aa-bdc2-4b74-ac11-7bb4162d5750,9288544f-93b6-41ca-8613-6a10fe584b8e,NO_VERIFIABLE_IDENTITY,NO_VERIFIABLE_IDENTITY,Saudi Companies Directory,UNSURE
FZ-01128-311980-563214,8564912a-db90-4551-8a7d-0c1e82818c10,,DETERMINISTIC_SINGLE_SOURCE,,NCNP,ESCALATE
FZ-01129-216885-543454,cec01719-c7ae-4a34-be46-321bab2efc56,,NO_VERIFIABLE_IDENTITY,,Saudi Companies Directory,UNSURE
FZ-01130-16441-356250,47843044-b026-41a8-8431-e8c7f8457c46,,REVIEW_REQUIRED,,Saudi Companies Directory,UNSURE
FZ-01131-13028-72893,ad3f06d9-fdf1-4645-9bf4-8aad8039a28b,1ff7adff-933a-4d05-90d1-12ceb413bf40,REVIEW_REQUIRED,REVIEW_REQUIRED,Saudi Companies Directory,UNSURE
FZ-01132-12512-352418,a6f2a385-c1c3-47e7-a625-aaebe8a6808a,,REVIEW_REQUIRED,,Saudi Companies Directory,UNSURE
FZ-01133-72518-409587,cd9b28b8-4bac-4368-a44f-d7605aaa5ebb,,REVIEW_REQUIRED,,Saudi Companies Directory,UNSURE
FZ-01134-88056-89055,482ce747-6a9c-4237-8800-47cdd0ea3586,5a591d30-4d8c-4486-852d-832f6d0b1bed,REVIEW_REQUIRED,REVIEW_REQUIRED,Saudi Companies Directory,UNSURE
FZ-01135-88056-424715,482ce747-6a9c-4237-8800-47cdd0ea3586,,REVIEW_REQUIRED,,Saudi Companies Directory,UNSURE
FZ-01136-89055-424715,5a591d30-4d8c-4486-852d-832f6d0b1bed,,REVIEW_REQUIRED,,Saudi Companies Directory,UNSURE
FZ-01137-133159-465579,2dd86bfc-5bd1-4105-b9fb-b3fa1bdf8035,,REVIEW_REQUIRED,,Saudi Companies Directory,UNSURE
FZ-01138-157642-488321,50918729-18c4-4166-8f70-006bec067eb0,,REVIEW_REQUIRED,,Saudi Companies Directory,UNSURE
FZ-01139-60032-101975,a559eca7-93bb-4eab-ad08-46c314e55b2e,1f3863b5-a8e3-43c7-bcc0-f2c6b296a61a,REVIEW_REQUIRED,REVIEW_REQUIRED,Saudi Companies Directory,UNSURE
FZ-01140-56053-101306,8e487821-ba13-4913-b096-295f57e352a8,fd77de7d-ca4d-4b99-8ea2-030d1a743bc2,NO_VERIFIABLE_IDENTITY,NO_VERIFIABLE_IDENTITY,Saudi Companies Directory,UNSURE
FZ-01141-56053-394085,8e487821-ba13-4913-b096-295f57e352a8,,NO_VERIFIABLE_IDENTITY,,Saudi Companies Directory,UNSURE
FZ-01142-56053-435696,8e487821-ba13-4913-b096-295f57e352a8,,NO_VERIFIABLE_IDENTITY,,Saudi Companies Directory,UNSURE
FZ-01143-56093-101192,4e861cf5-25e0-41c3-ba6f-76814f8b3173,acbbc960-5023-42d0-b13c-f6ddfa2603e7,REVIEW_REQUIRED,REVIEW_REQUIRED,Saudi Companies Directory,UNSURE
FZ-01144-56093-394122,4e861cf5-25e0-41c3-ba6f-76814f8b3173,,REVIEW_REQUIRED,,Saudi Companies Directory,UNSURE
FZ-01145-56193-101687,bfbe58f6-0acd-4dd4-a52f-c6d18eaf086a,4186a68a-e905-470a-90ce-c50d9c3d0c20,REVIEW_REQUIRED,NO_VERIFIABLE_IDENTITY,Saudi Companies Directory,UNSURE
FZ-01146-56193-101695,bfbe58f6-0acd-4dd4-a52f-c6d18eaf086a,c407d240-20c8-4d31-b8f9-ba5e20fdd78d,REVIEW_REQUIRED,REVIEW_REQUIRED,Saudi Companies Directory,UNSURE
FZ-01147-56318-101701,c246e58e-1590-4909-ae45-cf52242ed7e4,7aebe21d-2401-469c-98e3-33a5cc3f4600,NO_VERIFIABLE_IDENTITY,NO_VERIFIABLE_IDENTITY,Saudi Companies Directory,UNSURE
FZ-01148-60080-60197,3bf46ce6-edfd-4d3e-906a-3b6269a2eeee,826f614a-e7a5-4bfb-8685-1fd358222d9c,NO_VERIFIABLE_IDENTITY,NO_VERIFIABLE_IDENTITY,Saudi Companies Directory,UNSURE
FZ-01149-60348-398168,98ce58ae-5939-4fb7-b845-f31da5045fe3,,REVIEW_REQUIRED,,Saudi Companies Directory,UNSURE
FZ-01150-101192-394122,acbbc960-5023-42d0-b13c-f6ddfa2603e7,,REVIEW_REQUIRED,,Saudi Companies Directory,UNSURE
FZ-01151-101306-394085,fd77de7d-ca4d-4b99-8ea2-030d1a743bc2,,NO_VERIFIABLE_IDENTITY,,Saudi Companies Directory,UNSURE
FZ-01152-101306-435696,fd77de7d-ca4d-4b99-8ea2-030d1a743bc2,,NO_VERIFIABLE_IDENTITY,,Saudi Companies Directory,UNSURE
FZ-01153-101638-101698,8e9e2421-66d6-47e5-bcd4-bc2017aed724,36ddab5f-8fe0-49fc-a6a9-cc8363b586bd,NO_VERIFIABLE_IDENTITY,NO_VERIFIABLE_IDENTITY,Saudi Companies Directory,UNSURE
FZ-01154-101687-101695,4186a68a-e905-470a-90ce-c50d9c3d0c20,c407d240-20c8-4d31-b8f9-ba5e20fdd78d,NO_VERIFIABLE_IDENTITY,REVIEW_REQUIRED,Saudi Companies Directory,UNSURE
FZ-01155-101872-101873,d1c5895b-9191-4e2b-bb09-e0be5e00e975,a4379da5-88f8-43c6-8874-b90ec1250dcf,NO_VERIFIABLE_IDENTITY,NO_VERIFIABLE_IDENTITY,Saudi Companies Directory,UNSURE
FZ-01156-394085-435696,,,,,Portfolio Master v1 (existing draft),UNSURE
FZ-01157-184055-185991,6e5eb05c-3c7d-4120-bd64-cb6802dfded7,f7add8b3-e1a1-4f07-97eb-c52871705542,NO_VERIFIABLE_IDENTITY,NO_VERIFIABLE_IDENTITY,Saudi Companies Directory,UNSURE
FZ-01158-49263-387622,9d92854a-ab09-4f32-b278-4ae5d00df91b,,REVIEW_REQUIRED,,Saudi Companies Directory,UNSURE
FZ-01159-79432-79824,8297fc09-0d0d-411f-aa05-8f8aa4de52c1,799afd06-ed65-41ba-aa3f-c883baac4bf0,NO_VERIFIABLE_IDENTITY,NO_VERIFIABLE_IDENTITY,Saudi Companies Directory,UNSURE
FZ-01160-1823-138565,a7c4c31a-9506-4558-a74c-36c61b9e8ad5,8873aa4d-55ff-48f9-b8b9-1498d542683f,REVIEW_REQUIRED,NO_VERIFIABLE_IDENTITY,Saudi Companies Directory,UNSURE
FZ-01161-1823-470481,a7c4c31a-9506-4558-a74c-36c61b9e8ad5,,REVIEW_REQUIRED,,Saudi Companies Directory,UNSURE
FZ-01162-138565-470481,8873aa4d-55ff-48f9-b8b9-1498d542683f,,NO_VERIFIABLE_IDENTITY,,Saudi Companies Directory,UNSURE
FZ-01163-195555-523462,a6f2ef4d-77e7-438a-a9c0-00a3798b57da,,REVIEW_REQUIRED,,Saudi Companies Directory,UNSURE
FZ-01164-163776-187714,a03a07f1-57d9-402f-881b-c92fd217822f,b43da265-d08a-4d44-a1db-330929fea952,NO_VERIFIABLE_IDENTITY,REVIEW_REQUIRED,Saudi Companies Directory,UNSURE
FZ-01165-13057-62925,d6d34ba6-de00-4b84-b097-9bde3741a2bd,caedbc02-3b6a-458f-b6a7-6b2b0da02774,NO_VERIFIABLE_IDENTITY,REVIEW_REQUIRED,Saudi Companies Directory,UNSURE
FZ-01166-106355-440324,19a87302-d7b2-465d-bd0d-20406f4226d2,,REVIEW_REQUIRED,,Saudi Companies Directory,UNSURE
FZ-01167-203653-531042,e48b84a7-8e1e-467b-94b9-700e55eef81a,,NO_VERIFIABLE_IDENTITY,,Saudi Companies Directory,UNSURE
FZ-01168-12603-42025,1ea8ff40-eee9-47b0-ae12-dcea71da619e,736f6d69-ad35-4b91-ab65-27b2ea3e6bec,NO_VERIFIABLE_IDENTITY,NO_VERIFIABLE_IDENTITY,Saudi Companies Directory,UNSURE
FZ-01169-12603-380689,1ea8ff40-eee9-47b0-ae12-dcea71da619e,,NO_VERIFIABLE_IDENTITY,,Saudi Companies Directory,UNSURE
FZ-01170-42025-380689,736f6d69-ad35-4b91-ab65-27b2ea3e6bec,,NO_VERIFIABLE_IDENTITY,,Saudi Companies Directory,UNSURE
FZ-01171-13885-65975,79f11b4e-bff8-4b9b-ad60-975ce946500b,3ff3dbf7-8eda-4f3c-8d27-3793476f8a10,NO_VERIFIABLE_IDENTITY,REVIEW_REQUIRED,Saudi Companies Directory,UNSURE
FZ-01172-13885-174010,79f11b4e-bff8-4b9b-ad60-975ce946500b,443c88ab-c9a4-4684-b68a-f0e1941f5a64,NO_VERIFIABLE_IDENTITY,NO_VERIFIABLE_IDENTITY,Saudi Companies Directory,UNSURE
FZ-01173-13885-204593,79f11b4e-bff8-4b9b-ad60-975ce946500b,a99f649d-a986-49c0-908c-6ca6304b44eb,NO_VERIFIABLE_IDENTITY,REVIEW_REQUIRED,Saudi Companies Directory,UNSURE
FZ-01174-13885-353766,79f11b4e-bff8-4b9b-ad60-975ce946500b,,NO_VERIFIABLE_IDENTITY,,Saudi Companies Directory,UNSURE
FZ-01175-13885-403452,79f11b4e-bff8-4b9b-ad60-975ce946500b,,NO_VERIFIABLE_IDENTITY,,Saudi Companies Directory,UNSURE
FZ-01176-13885-503846,79f11b4e-bff8-4b9b-ad60-975ce946500b,,NO_VERIFIABLE_IDENTITY,,Saudi Companies Directory,UNSURE
FZ-01177-13885-531893,79f11b4e-bff8-4b9b-ad60-975ce946500b,,NO_VERIFIABLE_IDENTITY,,Saudi Companies Directory,UNSURE
FZ-01178-27002-195571,d7898c77-cab1-48c7-babc-ff987c0a7474,c2e8965e-9cef-4533-adf2-eb94c5156848,REVIEW_REQUIRED,REVIEW_REQUIRED,Saudi Companies Directory,UNSURE
FZ-01179-27002-366392,d7898c77-cab1-48c7-babc-ff987c0a7474,,REVIEW_REQUIRED,,Saudi Companies Directory,UNSURE
FZ-01180-27002-523477,d7898c77-cab1-48c7-babc-ff987c0a7474,,REVIEW_REQUIRED,,Saudi Companies Directory,UNSURE
FZ-01181-65975-174010,3ff3dbf7-8eda-4f3c-8d27-3793476f8a10,443c88ab-c9a4-4684-b68a-f0e1941f5a64,REVIEW_REQUIRED,NO_VERIFIABLE_IDENTITY,Saudi Companies Directory,UNSURE
FZ-01182-65975-204593,3ff3dbf7-8eda-4f3c-8d27-3793476f8a10,a99f649d-a986-49c0-908c-6ca6304b44eb,REVIEW_REQUIRED,REVIEW_REQUIRED,Saudi Companies Directory,UNSURE
FZ-01183-65975-353766,3ff3dbf7-8eda-4f3c-8d27-3793476f8a10,,REVIEW_REQUIRED,,Saudi Companies Directory,UNSURE
FZ-01184-65975-403452,3ff3dbf7-8eda-4f3c-8d27-3793476f8a10,,REVIEW_REQUIRED,,Saudi Companies Directory,UNSURE
FZ-01185-65975-503846,3ff3dbf7-8eda-4f3c-8d27-3793476f8a10,,REVIEW_REQUIRED,,Saudi Companies Directory,UNSURE
FZ-01186-65975-531893,3ff3dbf7-8eda-4f3c-8d27-3793476f8a10,,REVIEW_REQUIRED,,Saudi Companies Directory,UNSURE
FZ-01187-170060-500034,6101551d-a289-4785-a51c-695181ec614d,,REVIEW_REQUIRED,,Saudi Companies Directory,UNSURE
FZ-01188-174010-204593,443c88ab-c9a4-4684-b68a-f0e1941f5a64,a99f649d-a986-49c0-908c-6ca6304b44eb,NO_VERIFIABLE_IDENTITY,REVIEW_REQUIRED,Saudi Companies Directory,UNSURE
FZ-01189-174010-353766,443c88ab-c9a4-4684-b68a-f0e1941f5a64,,NO_VERIFIABLE_IDENTITY,,Saudi Companies Directory,UNSURE
FZ-01190-174010-403452,443c88ab-c9a4-4684-b68a-f0e1941f5a64,,NO_VERIFIABLE_IDENTITY,,Saudi Companies Directory,UNSURE
FZ-01191-174010-503846,443c88ab-c9a4-4684-b68a-f0e1941f5a64,,NO_VERIFIABLE_IDENTITY,,Saudi Companies Directory,UNSURE
FZ-01192-174010-531893,443c88ab-c9a4-4684-b68a-f0e1941f5a64,,NO_VERIFIABLE_IDENTITY,,Saudi Companies Directory,UNSURE
FZ-01193-195571-366392,c2e8965e-9cef-4533-adf2-eb94c5156848,,REVIEW_REQUIRED,,Saudi Companies Directory,UNSURE
FZ-01194-195571-523477,c2e8965e-9cef-4533-adf2-eb94c5156848,,REVIEW_REQUIRED,,Saudi Companies Directory,UNSURE
FZ-01195-204593-353766,a99f649d-a986-49c0-908c-6ca6304b44eb,,REVIEW_REQUIRED,,Saudi Companies Directory,UNSURE
FZ-01196-204593-403452,a99f649d-a986-49c0-908c-6ca6304b44eb,,REVIEW_REQUIRED,,Saudi Companies Directory,UNSURE
FZ-01197-204593-503846,a99f649d-a986-49c0-908c-6ca6304b44eb,,REVIEW_REQUIRED,,Saudi Companies Directory,UNSURE
FZ-01198-204593-531893,a99f649d-a986-49c0-908c-6ca6304b44eb,,REVIEW_REQUIRED,,Saudi Companies Directory,UNSURE
FZ-01199-220574-546094,dae4156a-77c2-4e3d-9c9e-778397df51d2,,REVIEW_REQUIRED,,Saudi Companies Directory,UNSURE
FZ-01200-220762-546255,f0e4f746-f65a-4c5a-b606-528288bf0f3e,,NO_VERIFIABLE_IDENTITY,,Saudi Companies Directory,UNSURE
FZ-01201-353766-403452,,,,,Portfolio Master v1 (existing draft),UNSURE
FZ-01202-353766-503846,,,,,Portfolio Master v1 (existing draft),UNSURE
FZ-01203-353766-531893,,,,,Portfolio Master v1 (existing draft),UNSURE
FZ-01204-366392-523477,,,,,Portfolio Master v1 (existing draft),UNSURE
FZ-01205-403452-503846,,,,,Portfolio Master v1 (existing draft),UNSURE
FZ-01206-403452-531893,,,,,Portfolio Master v1 (existing draft),UNSURE
FZ-01207-503846-531893,,,,,Portfolio Master v1 (existing draft),UNSURE
FZ-01208-11299-11374,dc2c0bf6-a8aa-419d-aadd-5692935d441a,67c534ae-cc73-4c61-8674-4e10d209d02b,NO_VERIFIABLE_IDENTITY,NO_VERIFIABLE_IDENTITY,Saudi Companies Directory,UNSURE
FZ-01209-32150-32352,f047ac86-b9f5-4711-9dac-119d2ade8bb5,72fe5675-15b0-4103-888c-71f09001a4bb,NO_VERIFIABLE_IDENTITY,NO_VERIFIABLE_IDENTITY,Saudi Companies Directory,UNSURE
FZ-01210-161257-491507,1ecf7b63-909a-4e25-98ee-f52ce202d6fb,,REVIEW_REQUIRED,,Saudi Companies Directory,UNSURE
FZ-01211-17527-190376,bf7dbf05-4147-4a3f-817d-c22588e3790d,6e13bcc1-147d-4a52-b67d-34d57d7f4a6c,NO_VERIFIABLE_IDENTITY,NO_VERIFIABLE_IDENTITY,Saudi Companies Directory,UNSURE
FZ-01212-17527-190757,bf7dbf05-4147-4a3f-817d-c22588e3790d,ccb1ee7e-4b94-409a-9bcf-c6d2262afe94,NO_VERIFIABLE_IDENTITY,NO_VERIFIABLE_IDENTITY,Saudi Companies Directory,UNSURE
FZ-01213-17527-518767,bf7dbf05-4147-4a3f-817d-c22588e3790d,,NO_VERIFIABLE_IDENTITY,,Saudi Companies Directory,UNSURE
FZ-01214-17527-519087,bf7dbf05-4147-4a3f-817d-c22588e3790d,,NO_VERIFIABLE_IDENTITY,,Saudi Companies Directory,UNSURE
FZ-01215-190376-190757,6e13bcc1-147d-4a52-b67d-34d57d7f4a6c,ccb1ee7e-4b94-409a-9bcf-c6d2262afe94,NO_VERIFIABLE_IDENTITY,NO_VERIFIABLE_IDENTITY,Saudi Companies Directory,UNSURE
FZ-01216-190376-518767,6e13bcc1-147d-4a52-b67d-34d57d7f4a6c,,NO_VERIFIABLE_IDENTITY,,Saudi Companies Directory,UNSURE
FZ-01217-190376-519087,6e13bcc1-147d-4a52-b67d-34d57d7f4a6c,,NO_VERIFIABLE_IDENTITY,,Saudi Companies Directory,UNSURE
FZ-01218-190757-518767,ccb1ee7e-4b94-409a-9bcf-c6d2262afe94,,NO_VERIFIABLE_IDENTITY,,Saudi Companies Directory,UNSURE
FZ-01219-190757-519087,ccb1ee7e-4b94-409a-9bcf-c6d2262afe94,,NO_VERIFIABLE_IDENTITY,,Saudi Companies Directory,UNSURE
FZ-01220-518767-519087,,,,,Portfolio Master v1 (existing draft),UNSURE
FZ-01221-51314-138661,efa44389-33c0-4cc2-aec5-7e9b8d6ab739,96857f27-b58c-4ae8-a824-12d86dbe266d,REVIEW_REQUIRED,REVIEW_REQUIRED,Saudi Companies Directory,UNSURE
FZ-01222-51314-389533,efa44389-33c0-4cc2-aec5-7e9b8d6ab739,,REVIEW_REQUIRED,,Saudi Companies Directory,UNSURE
FZ-01223-51314-470559,efa44389-33c0-4cc2-aec5-7e9b8d6ab739,,REVIEW_REQUIRED,,Saudi Companies Directory,UNSURE
FZ-01224-121573-208074,b7ec6d4c-0ccd-4691-886a-a79fcdcf112d,932ac1f9-0f9c-48c0-8a9e-6cd73d0d5511,REVIEW_REQUIRED,NO_VERIFIABLE_IDENTITY,Saudi Companies Directory,UNSURE
FZ-01225-121573-454632,b7ec6d4c-0ccd-4691-886a-a79fcdcf112d,,REVIEW_REQUIRED,,Saudi Companies Directory,UNSURE
FZ-01226-121573-535119,b7ec6d4c-0ccd-4691-886a-a79fcdcf112d,,REVIEW_REQUIRED,,Saudi Companies Directory,UNSURE
FZ-01227-133132-465555,ca3d68f3-9f80-4ce1-ae7f-a0868d4b01c2,,REVIEW_REQUIRED,,Saudi Companies Directory,UNSURE
FZ-01228-135745-135796,323f78aa-67f6-4345-9487-d5519a17370b,e1a3f145-0b38-4f9a-b854-03e08049d9f0,NO_VERIFIABLE_IDENTITY,REVIEW_REQUIRED,Saudi Companies Directory,UNSURE
FZ-01229-135745-467808,323f78aa-67f6-4345-9487-d5519a17370b,,NO_VERIFIABLE_IDENTITY,,Saudi Companies Directory,UNSURE
FZ-01230-135745-467856,323f78aa-67f6-4345-9487-d5519a17370b,,NO_VERIFIABLE_IDENTITY,,Saudi Companies Directory,UNSURE
FZ-01231-135796-467808,e1a3f145-0b38-4f9a-b854-03e08049d9f0,,REVIEW_REQUIRED,,Saudi Companies Directory,UNSURE
FZ-01232-135796-467856,e1a3f145-0b38-4f9a-b854-03e08049d9f0,,REVIEW_REQUIRED,,Saudi Companies Directory,UNSURE
FZ-01233-138661-389533,96857f27-b58c-4ae8-a824-12d86dbe266d,,REVIEW_REQUIRED,,Saudi Companies Directory,UNSURE
FZ-01234-138661-470559,96857f27-b58c-4ae8-a824-12d86dbe266d,,REVIEW_REQUIRED,,Saudi Companies Directory,UNSURE
FZ-01235-208074-454632,932ac1f9-0f9c-48c0-8a9e-6cd73d0d5511,,NO_VERIFIABLE_IDENTITY,,Saudi Companies Directory,UNSURE
FZ-01236-208074-535119,932ac1f9-0f9c-48c0-8a9e-6cd73d0d5511,,NO_VERIFIABLE_IDENTITY,,Saudi Companies Directory,UNSURE
FZ-01237-389533-470559,,,,,Portfolio Master v1 (existing draft),UNSURE
FZ-01238-454632-535119,,,,,Portfolio Master v1 (existing draft),UNSURE
FZ-01239-467808-467856,,,,,Portfolio Master v1 (existing draft),UNSURE
FZ-01240-10655-350626,01176b0a-b8bb-4c27-ad74-04d1d5813d49,,NO_VERIFIABLE_IDENTITY,,Saudi Companies Directory,UNSURE
FZ-01241-19665-359359,0a58ebd3-3fb3-4c69-8e16-f60c5df691ab,,REVIEW_REQUIRED,,Saudi Companies Directory,UNSURE
FZ-01242-38945-136419,1c6f3738-09a3-4088-860d-ff978642934e,fd45261f-c8c3-4200-a8f4-2b4d500f78b3,REVIEW_REQUIRED,REVIEW_REQUIRED,Saudi Companies Directory,UNSURE
FZ-01243-38945-377668,1c6f3738-09a3-4088-860d-ff978642934e,,REVIEW_REQUIRED,,Saudi Companies Directory,UNSURE
FZ-01244-38945-468449,1c6f3738-09a3-4088-860d-ff978642934e,,REVIEW_REQUIRED,,Saudi Companies Directory,UNSURE
FZ-01245-104840-438840,b4760d2d-78de-40ac-a726-166ad611e387,,REVIEW_REQUIRED,,Saudi Companies Directory,UNSURE
FZ-01246-135438-148527,333cef04-de63-4a77-aed8-9ee1d394d9c2,0586fe4d-0a44-4871-9023-78cc112ed629,REVIEW_REQUIRED,REVIEW_REQUIRED,Saudi Companies Directory,UNSURE
FZ-01247-135438-467509,333cef04-de63-4a77-aed8-9ee1d394d9c2,,REVIEW_REQUIRED,,Saudi Companies Directory,UNSURE
FZ-01248-136419-377668,fd45261f-c8c3-4200-a8f4-2b4d500f78b3,,REVIEW_REQUIRED,,Saudi Companies Directory,UNSURE
FZ-01249-136419-468449,fd45261f-c8c3-4200-a8f4-2b4d500f78b3,,REVIEW_REQUIRED,,Saudi Companies Directory,UNSURE
FZ-01250-148527-467509,0586fe4d-0a44-4871-9023-78cc112ed629,,REVIEW_REQUIRED,,Saudi Companies Directory,UNSURE
FZ-01251-377668-468449,,,,,Portfolio Master v1 (existing draft),UNSURE
FZ-01252-20450-360122,e1bf16c3-5028-4be8-a77c-0ca15fa56731,,NO_VERIFIABLE_IDENTITY,,Saudi Companies Directory,UNSURE
FZ-01253-121171-161544,16297d28-ce8f-4448-a770-d48e2ea61206,186a2755-14c7-442c-a0eb-8930ffe2871e,REVIEW_REQUIRED,NO_VERIFIABLE_IDENTITY,Saudi Companies Directory,UNSURE
FZ-01254-121171-454247,16297d28-ce8f-4448-a770-d48e2ea61206,,REVIEW_REQUIRED,,Saudi Companies Directory,UNSURE
FZ-01255-121171-491782,16297d28-ce8f-4448-a770-d48e2ea61206,,REVIEW_REQUIRED,,Saudi Companies Directory,UNSURE
FZ-01256-154769-211015,1e2e0fb1-1e59-4eb8-aa72-9dfbf4d8a17e,72e6aa0e-a231-4273-9adc-4be3740f96d0,REVIEW_REQUIRED,NO_VERIFIABLE_IDENTITY,Saudi Companies Directory,UNSURE
FZ-01257-154769-211016,1e2e0fb1-1e59-4eb8-aa72-9dfbf4d8a17e,df138b0d-6c34-4a7c-a670-c09a6fd70d2e,REVIEW_REQUIRED,NO_VERIFIABLE_IDENTITY,Saudi Companies Directory,UNSURE
FZ-01258-154769-485570,1e2e0fb1-1e59-4eb8-aa72-9dfbf4d8a17e,,REVIEW_REQUIRED,,Saudi Companies Directory,UNSURE
FZ-01259-161544-454247,186a2755-14c7-442c-a0eb-8930ffe2871e,,NO_VERIFIABLE_IDENTITY,,Saudi Companies Directory,UNSURE
FZ-01260-161544-491782,186a2755-14c7-442c-a0eb-8930ffe2871e,,NO_VERIFIABLE_IDENTITY,,Saudi Companies Directory,UNSURE
FZ-01261-211015-211016,72e6aa0e-a231-4273-9adc-4be3740f96d0,df138b0d-6c34-4a7c-a670-c09a6fd70d2e,NO_VERIFIABLE_IDENTITY,NO_VERIFIABLE_IDENTITY,Saudi Companies Directory,UNSURE
FZ-01262-211015-485570,72e6aa0e-a231-4273-9adc-4be3740f96d0,,NO_VERIFIABLE_IDENTITY,,Saudi Companies Directory,UNSURE
FZ-01263-211016-485570,df138b0d-6c34-4a7c-a670-c09a6fd70d2e,,NO_VERIFIABLE_IDENTITY,,Saudi Companies Directory,UNSURE
FZ-01264-454247-491782,,,,,Portfolio Master v1 (existing draft),UNSURE
FZ-01265-1488-341656,343d02a7-8908-453b-a1b0-41defca31dd5,,REVIEW_REQUIRED,,Saudi Companies Directory,UNSURE
FZ-01266-74629-217837,eac70f45-b59d-4a5f-a1ce-5bf758b9e33b,b6383b99-048f-4732-92e9-76a811f12d89,REVIEW_REQUIRED,REVIEW_REQUIRED,Saudi Companies Directory,UNSURE
FZ-01267-148383-479456,9af363e0-e478-4710-9f90-d93b109bc226,,REVIEW_REQUIRED,,Saudi Companies Directory,UNSURE
FZ-01268-154346-175094,3ac9de18-0a75-4006-adcc-7479d47f2e0c,c5a64036-0788-42db-a44c-343f97dc4ec0,REVIEW_REQUIRED,NO_VERIFIABLE_IDENTITY,Saudi Companies Directory,UNSURE
FZ-01269-154346-485160,3ac9de18-0a75-4006-adcc-7479d47f2e0c,,REVIEW_REQUIRED,,Saudi Companies Directory,UNSURE
FZ-01270-154346-504865,3ac9de18-0a75-4006-adcc-7479d47f2e0c,,REVIEW_REQUIRED,,Saudi Companies Directory,UNSURE
FZ-01271-175094-485160,c5a64036-0788-42db-a44c-343f97dc4ec0,,NO_VERIFIABLE_IDENTITY,,Saudi Companies Directory,UNSURE
FZ-01272-175094-504865,c5a64036-0788-42db-a44c-343f97dc4ec0,,NO_VERIFIABLE_IDENTITY,,Saudi Companies Directory,UNSURE
FZ-01273-485160-504865,,,,,Portfolio Master v1 (existing draft),UNSURE
FZ-01274-144213-475545,7f011a71-3b0b-43b7-8ed0-8b71d501a860,,REVIEW_REQUIRED,,Saudi Companies Directory,UNSURE
FZ-01275-19890-70215,e9571128-e923-48dd-8b97-0c64c584edfe,a4837085-438e-4162-b427-0d6335f08eeb,REVIEW_REQUIRED,REVIEW_REQUIRED,Saudi Companies Directory,UNSURE
FZ-01276-19890-105712,e9571128-e923-48dd-8b97-0c64c584edfe,145c6591-84ad-4823-9e20-aa9f4225678f,REVIEW_REQUIRED,NO_VERIFIABLE_IDENTITY,Saudi Companies Directory,UNSURE
FZ-01277-19890-189141,e9571128-e923-48dd-8b97-0c64c584edfe,665acf11-051e-44ba-bfb0-efaa342c7949,REVIEW_REQUIRED,NO_VERIFIABLE_IDENTITY,Saudi Companies Directory,UNSURE
FZ-01278-19890-220901,e9571128-e923-48dd-8b97-0c64c584edfe,576264ef-ac94-4d2b-9d79-7a52421058b3,REVIEW_REQUIRED,NO_VERIFIABLE_IDENTITY,Saudi Companies Directory,UNSURE
FZ-01279-19890-359580,e9571128-e923-48dd-8b97-0c64c584edfe,,REVIEW_REQUIRED,,Saudi Companies Directory,UNSURE
FZ-01280-19890-439697,e9571128-e923-48dd-8b97-0c64c584edfe,,REVIEW_REQUIRED,,Saudi Companies Directory,UNSURE
FZ-01281-19890-546382,e9571128-e923-48dd-8b97-0c64c584edfe,,REVIEW_REQUIRED,,Saudi Companies Directory,UNSURE
FZ-01282-26116-145167,681fbd5d-26fd-4cd8-85b9-4293d9eac6a0,d3bf39a4-1d29-4338-b760-a3904215c681,REVIEW_REQUIRED,REVIEW_REQUIRED,Saudi Companies Directory,UNSURE
FZ-01283-26116-168836,681fbd5d-26fd-4cd8-85b9-4293d9eac6a0,c89c9012-eb73-4264-aefe-9b87ab6076af,REVIEW_REQUIRED,NO_VERIFIABLE_IDENTITY,Saudi Companies Directory,UNSURE
FZ-01284-26116-365549,681fbd5d-26fd-4cd8-85b9-4293d9eac6a0,,REVIEW_REQUIRED,,Saudi Companies Directory,UNSURE
FZ-01285-26116-476406,681fbd5d-26fd-4cd8-85b9-4293d9eac6a0,,REVIEW_REQUIRED,,Saudi Companies Directory,UNSURE
FZ-01286-26116-498838,681fbd5d-26fd-4cd8-85b9-4293d9eac6a0,,REVIEW_REQUIRED,,Saudi Companies Directory,UNSURE
FZ-01287-70215-105712,a4837085-438e-4162-b427-0d6335f08eeb,145c6591-84ad-4823-9e20-aa9f4225678f,REVIEW_REQUIRED,NO_VERIFIABLE_IDENTITY,Saudi Companies Directory,UNSURE
FZ-01288-70215-189141,a4837085-438e-4162-b427-0d6335f08eeb,665acf11-051e-44ba-bfb0-efaa342c7949,REVIEW_REQUIRED,NO_VERIFIABLE_IDENTITY,Saudi Companies Directory,UNSURE
FZ-01289-70215-220901,a4837085-438e-4162-b427-0d6335f08eeb,576264ef-ac94-4d2b-9d79-7a52421058b3,REVIEW_REQUIRED,NO_VERIFIABLE_IDENTITY,Saudi Companies Directory,UNSURE
FZ-01290-70215-359580,a4837085-438e-4162-b427-0d6335f08eeb,,REVIEW_REQUIRED,,Saudi Companies Directory,UNSURE
FZ-01291-70215-439697,a4837085-438e-4162-b427-0d6335f08eeb,,REVIEW_REQUIRED,,Saudi Companies Directory,UNSURE
FZ-01292-70215-546382,a4837085-438e-4162-b427-0d6335f08eeb,,REVIEW_REQUIRED,,Saudi Companies Directory,UNSURE
FZ-01293-105712-189141,145c6591-84ad-4823-9e20-aa9f4225678f,665acf11-051e-44ba-bfb0-efaa342c7949,NO_VERIFIABLE_IDENTITY,NO_VERIFIABLE_IDENTITY,Saudi Companies Directory,UNSURE
FZ-01294-105712-220901,145c6591-84ad-4823-9e20-aa9f4225678f,576264ef-ac94-4d2b-9d79-7a52421058b3,NO_VERIFIABLE_IDENTITY,NO_VERIFIABLE_IDENTITY,Saudi Companies Directory,UNSURE
FZ-01295-105712-359580,145c6591-84ad-4823-9e20-aa9f4225678f,,NO_VERIFIABLE_IDENTITY,,Saudi Companies Directory,UNSURE
FZ-01296-105712-439697,145c6591-84ad-4823-9e20-aa9f4225678f,,NO_VERIFIABLE_IDENTITY,,Saudi Companies Directory,UNSURE
FZ-01297-105712-546382,145c6591-84ad-4823-9e20-aa9f4225678f,,NO_VERIFIABLE_IDENTITY,,Saudi Companies Directory,UNSURE
FZ-01298-145167-168836,d3bf39a4-1d29-4338-b760-a3904215c681,c89c9012-eb73-4264-aefe-9b87ab6076af,REVIEW_REQUIRED,NO_VERIFIABLE_IDENTITY,Saudi Companies Directory,UNSURE
FZ-01299-145167-365549,d3bf39a4-1d29-4338-b760-a3904215c681,,REVIEW_REQUIRED,,Saudi Companies Directory,UNSURE
FZ-01300-145167-476406,d3bf39a4-1d29-4338-b760-a3904215c681,,REVIEW_REQUIRED,,Saudi Companies Directory,UNSURE
FZ-01301-145167-498838,d3bf39a4-1d29-4338-b760-a3904215c681,,REVIEW_REQUIRED,,Saudi Companies Directory,UNSURE
FZ-01302-168836-365549,c89c9012-eb73-4264-aefe-9b87ab6076af,,NO_VERIFIABLE_IDENTITY,,Saudi Companies Directory,UNSURE
FZ-01303-168836-476406,c89c9012-eb73-4264-aefe-9b87ab6076af,,NO_VERIFIABLE_IDENTITY,,Saudi Companies Directory,UNSURE
FZ-01304-168836-498838,c89c9012-eb73-4264-aefe-9b87ab6076af,,NO_VERIFIABLE_IDENTITY,,Saudi Companies Directory,UNSURE
FZ-01305-189141-220901,665acf11-051e-44ba-bfb0-efaa342c7949,576264ef-ac94-4d2b-9d79-7a52421058b3,NO_VERIFIABLE_IDENTITY,NO_VERIFIABLE_IDENTITY,Saudi Companies Directory,UNSURE
FZ-01306-189141-359580,665acf11-051e-44ba-bfb0-efaa342c7949,,NO_VERIFIABLE_IDENTITY,,Saudi Companies Directory,UNSURE
FZ-01307-189141-439697,665acf11-051e-44ba-bfb0-efaa342c7949,,NO_VERIFIABLE_IDENTITY,,Saudi Companies Directory,UNSURE
FZ-01308-189141-546382,665acf11-051e-44ba-bfb0-efaa342c7949,,NO_VERIFIABLE_IDENTITY,,Saudi Companies Directory,UNSURE
FZ-01309-220901-359580,576264ef-ac94-4d2b-9d79-7a52421058b3,,NO_VERIFIABLE_IDENTITY,,Saudi Companies Directory,UNSURE
FZ-01310-220901-439697,576264ef-ac94-4d2b-9d79-7a52421058b3,,NO_VERIFIABLE_IDENTITY,,Saudi Companies Directory,UNSURE
FZ-01311-220901-546382,576264ef-ac94-4d2b-9d79-7a52421058b3,,NO_VERIFIABLE_IDENTITY,,Saudi Companies Directory,UNSURE
FZ-01312-359580-439697,,,,,Portfolio Master v1 (existing draft),UNSURE
FZ-01313-359580-546382,,,,,Portfolio Master v1 (existing draft),UNSURE
FZ-01314-365549-476406,,,,,Portfolio Master v1 (existing draft),UNSURE
FZ-01315-365549-498838,,,,,Portfolio Master v1 (existing draft),UNSURE
FZ-01316-439697-546382,,,,,Portfolio Master v1 (existing draft),UNSURE
FZ-01317-476406-498838,,,,,Portfolio Master v1 (existing draft),UNSURE
FZ-01318-578-340747,820d1c80-0f75-4f91-a172-47b6db6781ab,,REVIEW_REQUIRED,,Saudi Companies Directory,UNSURE
FZ-01319-3159-67158,b74c9f93-72ba-493b-9393-3126e98784ef,e0d7d7e9-712c-45ef-b2ae-96e2c3d87102,REVIEW_REQUIRED,REVIEW_REQUIRED,Saudi Companies Directory,UNSURE
FZ-01320-3159-120737,b74c9f93-72ba-493b-9393-3126e98784ef,d0ba1135-0691-47b8-b261-199e092040df,REVIEW_REQUIRED,NO_VERIFIABLE_IDENTITY,Saudi Companies Directory,UNSURE
FZ-01321-3159-453871,b74c9f93-72ba-493b-9393-3126e98784ef,,REVIEW_REQUIRED,,Saudi Companies Directory,UNSURE
FZ-01322-11391-122991,0514c3c6-d0b6-49f0-a786-2d96351ec04e,19da6a59-126b-46d6-8921-a1039080131c,REVIEW_REQUIRED,REVIEW_REQUIRED,Saudi Companies Directory,UNSURE
FZ-01323-11391-351337,0514c3c6-d0b6-49f0-a786-2d96351ec04e,,REVIEW_REQUIRED,,Saudi Companies Directory,UNSURE
FZ-01324-18198-206666,5c96ea65-82a9-4d43-bdb7-97070942558f,89712dec-80ba-4d63-be73-886656f3f7f2,REVIEW_REQUIRED,NO_VERIFIABLE_IDENTITY,Saudi Companies Directory,UNSURE
FZ-01325-18198-533853,5c96ea65-82a9-4d43-bdb7-97070942558f,,REVIEW_REQUIRED,,Saudi Companies Directory,UNSURE
FZ-01326-67158-120737,e0d7d7e9-712c-45ef-b2ae-96e2c3d87102,d0ba1135-0691-47b8-b261-199e092040df,REVIEW_REQUIRED,NO_VERIFIABLE_IDENTITY,Saudi Companies Directory,UNSURE
FZ-01327-67158-453871,e0d7d7e9-712c-45ef-b2ae-96e2c3d87102,,REVIEW_REQUIRED,,Saudi Companies Directory,UNSURE
FZ-01328-67404-209281,aaa4bfa4-7122-43f9-b7f2-eecc32bafa35,6cbb872a-35b3-4153-8684-ab5c245ee942,REVIEW_REQUIRED,REVIEW_REQUIRED,Saudi Companies Directory,UNSURE
FZ-01329-67404-536267,aaa4bfa4-7122-43f9-b7f2-eecc32bafa35,,REVIEW_REQUIRED,,Saudi Companies Directory,UNSURE
FZ-01330-120737-453871,d0ba1135-0691-47b8-b261-199e092040df,,NO_VERIFIABLE_IDENTITY,,Saudi Companies Directory,UNSURE
FZ-01331-122991-351337,19da6a59-126b-46d6-8921-a1039080131c,,REVIEW_REQUIRED,,Saudi Companies Directory,UNSURE
FZ-01332-137638-469609,4e9f3ac2-6b6b-416f-b887-3c4185616bf5,,REVIEW_REQUIRED,,Saudi Companies Directory,UNSURE
FZ-01333-160632-490956,2bc35c74-92fb-42fc-9ee1-f333a92a32a0,,REVIEW_REQUIRED,,Saudi Companies Directory,UNSURE
FZ-01334-169056-499054,c8338385-4f94-455d-855c-4d8b756f7682,,REVIEW_REQUIRED,,Saudi Companies Directory,UNSURE
FZ-01335-206666-533853,89712dec-80ba-4d63-be73-886656f3f7f2,,NO_VERIFIABLE_IDENTITY,,Saudi Companies Directory,UNSURE
FZ-01336-209281-536267,6cbb872a-35b3-4153-8684-ab5c245ee942,,REVIEW_REQUIRED,,Saudi Companies Directory,UNSURE
FZ-01337-149775-199098,40cb720a-0adf-45f7-a052-e6e0ed8dcb59,ce695c0b-3516-4f68-bf50-f1a31a017470,NO_VERIFIABLE_IDENTITY,REVIEW_REQUIRED,Saudi Companies Directory,UNSURE
FZ-01338-149775-480800,40cb720a-0adf-45f7-a052-e6e0ed8dcb59,,NO_VERIFIABLE_IDENTITY,,Saudi Companies Directory,UNSURE
FZ-01339-149775-526754,40cb720a-0adf-45f7-a052-e6e0ed8dcb59,,NO_VERIFIABLE_IDENTITY,,Saudi Companies Directory,UNSURE
FZ-01340-149955-196582,b1ccb49c-4095-4e3f-a94d-9f3c6587e7e6,34469a52-553b-490d-a52d-aed47dc01149,REVIEW_REQUIRED,NO_VERIFIABLE_IDENTITY,Saudi Companies Directory,UNSURE
FZ-01341-149955-480968,b1ccb49c-4095-4e3f-a94d-9f3c6587e7e6,,REVIEW_REQUIRED,,Saudi Companies Directory,UNSURE
FZ-01342-149955-524417,b1ccb49c-4095-4e3f-a94d-9f3c6587e7e6,,REVIEW_REQUIRED,,Saudi Companies Directory,UNSURE
FZ-01343-196582-480968,34469a52-553b-490d-a52d-aed47dc01149,,NO_VERIFIABLE_IDENTITY,,Saudi Companies Directory,UNSURE
FZ-01344-196582-524417,34469a52-553b-490d-a52d-aed47dc01149,,NO_VERIFIABLE_IDENTITY,,Saudi Companies Directory,UNSURE
FZ-01345-199098-480800,ce695c0b-3516-4f68-bf50-f1a31a017470,,REVIEW_REQUIRED,,Saudi Companies Directory,UNSURE
FZ-01346-199098-526754,ce695c0b-3516-4f68-bf50-f1a31a017470,,REVIEW_REQUIRED,,Saudi Companies Directory,UNSURE
FZ-01347-480800-526754,,,,,Portfolio Master v1 (existing draft),UNSURE
FZ-01348-480968-524417,,,,,Portfolio Master v1 (existing draft),UNSURE
FZ-01349-4055-344148,654a8c41-5268-4303-b8b8-8f9f285af5a3,,REVIEW_REQUIRED,,Saudi Companies Directory,UNSURE
FZ-01350-161326-491572,fac5a4ff-1a6d-4387-88b0-0b3ad4c5a30a,,REVIEW_REQUIRED,,Saudi Companies Directory,UNSURE
FZ-01351-150031-150032,cf43736f-824c-48e8-96f8-0d1ac5dfdbc5,d3835296-9004-4968-9497-cfe594fb0374,NO_VERIFIABLE_IDENTITY,NO_VERIFIABLE_IDENTITY,Saudi Companies Directory,UNSURE
FZ-01352-64374-220573,eb2229e8-9ea2-4617-a557-288130c21a4b,bc238c22-e63c-4bec-ae78-a3cb856fc57f,REVIEW_REQUIRED,REVIEW_REQUIRED,Saudi Companies Directory,UNSURE
FZ-01353-64374-546093,eb2229e8-9ea2-4617-a557-288130c21a4b,,REVIEW_REQUIRED,,Saudi Companies Directory,UNSURE
FZ-01354-220573-546093,bc238c22-e63c-4bec-ae78-a3cb856fc57f,,REVIEW_REQUIRED,,Saudi Companies Directory,UNSURE
FZ-01355-29653-87693,522cb70f-0480-426f-a8d0-34eba8b30bec,4a4ad4d3-fafa-49a4-8b03-d52ef918e80e,NO_VERIFIABLE_IDENTITY,NO_VERIFIABLE_IDENTITY,Saudi Companies Directory,UNSURE
FZ-01356-29807-123828,0ce258cc-7a87-4969-b6b5-477546d793c8,4224bb42-bc27-46df-9339-7a735be4bad3,REVIEW_REQUIRED,REVIEW_REQUIRED,Saudi Companies Directory,UNSURE
FZ-01357-29807-175798,0ce258cc-7a87-4969-b6b5-477546d793c8,e4643d5c-bbdd-4ee9-b538-071656e19a60,REVIEW_REQUIRED,NO_VERIFIABLE_IDENTITY,Saudi Companies Directory,UNSURE
FZ-01358-29807-369086,0ce258cc-7a87-4969-b6b5-477546d793c8,,REVIEW_REQUIRED,,Saudi Companies Directory,UNSURE
FZ-01359-29807-505552,0ce258cc-7a87-4969-b6b5-477546d793c8,,REVIEW_REQUIRED,,Saudi Companies Directory,UNSURE
FZ-01360-123828-175798,4224bb42-bc27-46df-9339-7a735be4bad3,e4643d5c-bbdd-4ee9-b538-071656e19a60,REVIEW_REQUIRED,NO_VERIFIABLE_IDENTITY,Saudi Companies Directory,UNSURE
FZ-01361-123828-369086,4224bb42-bc27-46df-9339-7a735be4bad3,,REVIEW_REQUIRED,,Saudi Companies Directory,UNSURE
FZ-01362-123828-505552,4224bb42-bc27-46df-9339-7a735be4bad3,,REVIEW_REQUIRED,,Saudi Companies Directory,UNSURE
FZ-01363-123858-456779,1ac6d64e-76ee-4d85-8de4-5163b2b4bea0,,REVIEW_REQUIRED,,Saudi Companies Directory,UNSURE
FZ-01364-175798-369086,e4643d5c-bbdd-4ee9-b538-071656e19a60,,NO_VERIFIABLE_IDENTITY,,Saudi Companies Directory,UNSURE
FZ-01365-175798-505552,e4643d5c-bbdd-4ee9-b538-071656e19a60,,NO_VERIFIABLE_IDENTITY,,Saudi Companies Directory,UNSURE
FZ-01366-369086-505552,,,,,Portfolio Master v1 (existing draft),UNSURE
FZ-01367-51914-390080,74d5860b-0089-4a50-b467-f49d709a5b7b,,REVIEW_REQUIRED,,Saudi Companies Directory,UNSURE
FZ-01368-150258-481252,d6372bcf-b867-4610-9ad9-7387237dcfef,,NO_VERIFIABLE_IDENTITY,,Saudi Companies Directory,UNSURE
FZ-01369-73014-189828,a22447a2-3d6c-4b42-bde7-4f383b12230d,bef3acb0-f18f-45b8-a577-73c300ebea1d,REVIEW_REQUIRED,NO_VERIFIABLE_IDENTITY,Saudi Companies Directory,UNSURE
FZ-01370-73014-518297,a22447a2-3d6c-4b42-bde7-4f383b12230d,,REVIEW_REQUIRED,,Saudi Companies Directory,UNSURE
FZ-01371-102440-436485,ecb16a89-9d11-418a-a7a1-dd7c06b00734,,REVIEW_REQUIRED,,Saudi Companies Directory,UNSURE
FZ-01372-152438-483318,376ad309-76a1-4657-98b7-7a2f12812e5e,,REVIEW_REQUIRED,,Saudi Companies Directory,UNSURE
FZ-01373-189828-518297,bef3acb0-f18f-45b8-a577-73c300ebea1d,,NO_VERIFIABLE_IDENTITY,,Saudi Companies Directory,UNSURE
FZ-01374-103562-437589,8677a9b5-eb20-48ec-b6aa-5fce1421e090,,REVIEW_REQUIRED,,Saudi Companies Directory,UNSURE
FZ-01375-77832-414462,3f9aa710-964d-4bca-94f0-a37ac0d1555c,,REVIEW_REQUIRED,,Saudi Companies Directory,UNSURE
FZ-01376-73442-410423,b3b97699-e2bb-483c-8bdd-5998494a2050,,NO_VERIFIABLE_IDENTITY,,Saudi Companies Directory,UNSURE
FZ-01377-196451-524296,40c4dd82-5481-4acf-8eb9-6e7355d35111,,NO_VERIFIABLE_IDENTITY,,Saudi Companies Directory,UNSURE
FZ-01378-695-160515,90b56ea3-c9ce-48fc-be01-8e5eb00f8337,9b1fd995-900e-44b3-80f5-eb4365bda03e,REVIEW_REQUIRED,REVIEW_REQUIRED,Saudi Companies Directory,UNSURE
FZ-01379-76057-412845,c1b90e59-fd17-4dff-9bec-cc769099dbe5,,REVIEW_REQUIRED,,Saudi Companies Directory,UNSURE
FZ-01380-24958-25220,6c3fbbc7-861b-4ee5-8073-b776b4f9bee1,e0061c25-d6d3-4bad-83fe-4548ddaa6cfd,REVIEW_REQUIRED,REVIEW_REQUIRED,Saudi Companies Directory,UNSURE
FZ-01381-24959-25220,0385703a-03d2-4e63-b02b-746fb27c5dc5,e0061c25-d6d3-4bad-83fe-4548ddaa6cfd,REVIEW_REQUIRED,REVIEW_REQUIRED,Saudi Companies Directory,UNSURE
FZ-01382-25220-56483,e0061c25-d6d3-4bad-83fe-4548ddaa6cfd,efef6bf3-22e6-4a49-997e-2cc82280a319,REVIEW_REQUIRED,REVIEW_REQUIRED,Saudi Companies Directory,UNSURE
FZ-01383-199617-527264,c2b1fa1d-af43-4cf5-bc87-47be8785d390,,NO_VERIFIABLE_IDENTITY,,Saudi Companies Directory,UNSURE
FZ-01384-20410-360082,67e7a3fd-fdc7-4c88-8ff6-5bb5c8c89628,,NO_VERIFIABLE_IDENTITY,,Saudi Companies Directory,UNSURE
FZ-01385-58444-396327,f01513a4-f897-41ee-be25-39c8940a3a1e,,NO_VERIFIABLE_IDENTITY,,Saudi Companies Directory,UNSURE
FZ-01386-6924-161359,9d34301c-27e2-48b7-b0ae-ff541bb3fb34,1467d3d4-31dc-4c40-aae7-279d727f83b0,NO_VERIFIABLE_IDENTITY,NO_VERIFIABLE_IDENTITY,Saudi Companies Directory,UNSURE
FZ-01387-102313-436360,3e85ec5a-510e-4891-9e38-44712031c112,,REVIEW_REQUIRED,,Saudi Companies Directory,UNSURE
FZ-01388-31340-71812,e0cca0b5-93a1-4f3b-a82c-7244a4c6f99e,1eca6414-835e-4e10-ba10-d762f15a351f,NO_VERIFIABLE_IDENTITY,NO_VERIFIABLE_IDENTITY,Saudi Companies Directory,UNSURE
FZ-01389-31340-71837,e0cca0b5-93a1-4f3b-a82c-7244a4c6f99e,e865ec1b-11bf-4d3e-8480-b2324d3c7504,NO_VERIFIABLE_IDENTITY,NO_VERIFIABLE_IDENTITY,Saudi Companies Directory,UNSURE
FZ-01390-31340-126368,e0cca0b5-93a1-4f3b-a82c-7244a4c6f99e,57ab2f1f-ad22-478d-9507-7a144dd13c1a,NO_VERIFIABLE_IDENTITY,NO_VERIFIABLE_IDENTITY,Saudi Companies Directory,UNSURE
FZ-01391-31340-408942,e0cca0b5-93a1-4f3b-a82c-7244a4c6f99e,,NO_VERIFIABLE_IDENTITY,,Saudi Companies Directory,UNSURE
FZ-01392-31340-408965,e0cca0b5-93a1-4f3b-a82c-7244a4c6f99e,,NO_VERIFIABLE_IDENTITY,,Saudi Companies Directory,UNSURE
FZ-01393-31340-459104,e0cca0b5-93a1-4f3b-a82c-7244a4c6f99e,,NO_VERIFIABLE_IDENTITY,,Saudi Companies Directory,UNSURE
FZ-01394-71812-71837,1eca6414-835e-4e10-ba10-d762f15a351f,e865ec1b-11bf-4d3e-8480-b2324d3c7504,NO_VERIFIABLE_IDENTITY,NO_VERIFIABLE_IDENTITY,Saudi Companies Directory,UNSURE
FZ-01395-71812-126368,1eca6414-835e-4e10-ba10-d762f15a351f,57ab2f1f-ad22-478d-9507-7a144dd13c1a,NO_VERIFIABLE_IDENTITY,NO_VERIFIABLE_IDENTITY,Saudi Companies Directory,UNSURE
FZ-01396-71812-408942,1eca6414-835e-4e10-ba10-d762f15a351f,,NO_VERIFIABLE_IDENTITY,,Saudi Companies Directory,UNSURE
FZ-01397-71812-408965,1eca6414-835e-4e10-ba10-d762f15a351f,,NO_VERIFIABLE_IDENTITY,,Saudi Companies Directory,UNSURE
FZ-01398-71812-459104,1eca6414-835e-4e10-ba10-d762f15a351f,,NO_VERIFIABLE_IDENTITY,,Saudi Companies Directory,UNSURE
FZ-01399-71837-126368,e865ec1b-11bf-4d3e-8480-b2324d3c7504,57ab2f1f-ad22-478d-9507-7a144dd13c1a,NO_VERIFIABLE_IDENTITY,NO_VERIFIABLE_IDENTITY,Saudi Companies Directory,UNSURE
FZ-01400-71837-408942,e865ec1b-11bf-4d3e-8480-b2324d3c7504,,NO_VERIFIABLE_IDENTITY,,Saudi Companies Directory,UNSURE
FZ-01401-71837-408965,e865ec1b-11bf-4d3e-8480-b2324d3c7504,,NO_VERIFIABLE_IDENTITY,,Saudi Companies Directory,UNSURE
FZ-01402-71837-459104,e865ec1b-11bf-4d3e-8480-b2324d3c7504,,NO_VERIFIABLE_IDENTITY,,Saudi Companies Directory,UNSURE
FZ-01403-126368-408942,57ab2f1f-ad22-478d-9507-7a144dd13c1a,,NO_VERIFIABLE_IDENTITY,,Saudi Companies Directory,UNSURE
FZ-01404-126368-408965,57ab2f1f-ad22-478d-9507-7a144dd13c1a,,NO_VERIFIABLE_IDENTITY,,Saudi Companies Directory,UNSURE
FZ-01405-126368-459104,57ab2f1f-ad22-478d-9507-7a144dd13c1a,,NO_VERIFIABLE_IDENTITY,,Saudi Companies Directory,UNSURE
FZ-01406-408942-408965,,,,,Portfolio Master v1 (existing draft),UNSURE
FZ-01407-408942-459104,,,,,Portfolio Master v1 (existing draft),UNSURE
FZ-01408-408965-459104,,,,,Portfolio Master v1 (existing draft),UNSURE
FZ-01409-60412-398230,f34653d5-9894-4a81-a32a-fee9bbb313a3,,REVIEW_REQUIRED,,Saudi Companies Directory,UNSURE
FZ-01410-84870-420884,17b250b4-323f-49af-b997-d540542cad8c,,REVIEW_REQUIRED,,Saudi Companies Directory,UNSURE
FZ-01411-31419-165121,c6b89cb3-269d-441f-b89a-3199f0b8e879,bbce113d-a5b9-4024-adb3-d41b81a5899b,REVIEW_REQUIRED,NO_VERIFIABLE_IDENTITY,Saudi Companies Directory,UNSURE
FZ-01412-31419-495258,c6b89cb3-269d-441f-b89a-3199f0b8e879,,REVIEW_REQUIRED,,Saudi Companies Directory,UNSURE
FZ-01413-165121-495258,bbce113d-a5b9-4024-adb3-d41b81a5899b,,NO_VERIFIABLE_IDENTITY,,Saudi Companies Directory,UNSURE
FZ-01414-9099-36679,b3dbf081-754f-4128-8259-7c0f891fd78c,579df7a0-9463-407c-b028-bf0b9990c554,NO_VERIFIABLE_IDENTITY,REVIEW_REQUIRED,Saudi Companies Directory,UNSURE
FZ-01415-9099-42776,b3dbf081-754f-4128-8259-7c0f891fd78c,8b764a19-dce3-49e5-9c29-0eaa9b3f79c5,NO_VERIFIABLE_IDENTITY,REVIEW_REQUIRED,Saudi Companies Directory,UNSURE
FZ-01416-9099-42953,b3dbf081-754f-4128-8259-7c0f891fd78c,f653b4e6-7a32-4492-8615-3f458402178c,NO_VERIFIABLE_IDENTITY,REVIEW_REQUIRED,Saudi Companies Directory,UNSURE
FZ-01417-9099-175870,b3dbf081-754f-4128-8259-7c0f891fd78c,07663fd3-3155-460e-9115-9484bf2609ec,NO_VERIFIABLE_IDENTITY,NO_VERIFIABLE_IDENTITY,Saudi Companies Directory,UNSURE
FZ-01418-9099-349095,b3dbf081-754f-4128-8259-7c0f891fd78c,,NO_VERIFIABLE_IDENTITY,,Saudi Companies Directory,UNSURE
FZ-01419-9099-375663,b3dbf081-754f-4128-8259-7c0f891fd78c,,NO_VERIFIABLE_IDENTITY,,Saudi Companies Directory,UNSURE
FZ-01420-9099-381416,b3dbf081-754f-4128-8259-7c0f891fd78c,,NO_VERIFIABLE_IDENTITY,,Saudi Companies Directory,UNSURE
FZ-01421-9099-505621,b3dbf081-754f-4128-8259-7c0f891fd78c,,NO_VERIFIABLE_IDENTITY,,Saudi Companies Directory,UNSURE
FZ-01422-36679-42776,579df7a0-9463-407c-b028-bf0b9990c554,8b764a19-dce3-49e5-9c29-0eaa9b3f79c5,REVIEW_REQUIRED,REVIEW_REQUIRED,Saudi Companies Directory,UNSURE
FZ-01423-36679-42953,579df7a0-9463-407c-b028-bf0b9990c554,f653b4e6-7a32-4492-8615-3f458402178c,REVIEW_REQUIRED,REVIEW_REQUIRED,Saudi Companies Directory,UNSURE
FZ-01424-36679-175870,579df7a0-9463-407c-b028-bf0b9990c554,07663fd3-3155-460e-9115-9484bf2609ec,REVIEW_REQUIRED,NO_VERIFIABLE_IDENTITY,Saudi Companies Directory,UNSURE
FZ-01425-36679-349095,579df7a0-9463-407c-b028-bf0b9990c554,,REVIEW_REQUIRED,,Saudi Companies Directory,UNSURE
FZ-01426-36679-375663,579df7a0-9463-407c-b028-bf0b9990c554,,REVIEW_REQUIRED,,Saudi Companies Directory,UNSURE
FZ-01427-36679-381416,579df7a0-9463-407c-b028-bf0b9990c554,,REVIEW_REQUIRED,,Saudi Companies Directory,UNSURE
FZ-01428-36679-505621,579df7a0-9463-407c-b028-bf0b9990c554,,REVIEW_REQUIRED,,Saudi Companies Directory,UNSURE
FZ-01429-42776-42953,8b764a19-dce3-49e5-9c29-0eaa9b3f79c5,f653b4e6-7a32-4492-8615-3f458402178c,REVIEW_REQUIRED,REVIEW_REQUIRED,Saudi Companies Directory,UNSURE
FZ-01430-42776-175870,8b764a19-dce3-49e5-9c29-0eaa9b3f79c5,07663fd3-3155-460e-9115-9484bf2609ec,REVIEW_REQUIRED,NO_VERIFIABLE_IDENTITY,Saudi Companies Directory,UNSURE
FZ-01431-42776-349095,8b764a19-dce3-49e5-9c29-0eaa9b3f79c5,,REVIEW_REQUIRED,,Saudi Companies Directory,UNSURE
FZ-01432-42776-375663,8b764a19-dce3-49e5-9c29-0eaa9b3f79c5,,REVIEW_REQUIRED,,Saudi Companies Directory,UNSURE
FZ-01433-42776-381416,8b764a19-dce3-49e5-9c29-0eaa9b3f79c5,,REVIEW_REQUIRED,,Saudi Companies Directory,UNSURE
FZ-01434-42776-505621,8b764a19-dce3-49e5-9c29-0eaa9b3f79c5,,REVIEW_REQUIRED,,Saudi Companies Directory,UNSURE
FZ-01435-42953-175870,f653b4e6-7a32-4492-8615-3f458402178c,07663fd3-3155-460e-9115-9484bf2609ec,REVIEW_REQUIRED,NO_VERIFIABLE_IDENTITY,Saudi Companies Directory,UNSURE
FZ-01436-42953-349095,f653b4e6-7a32-4492-8615-3f458402178c,,REVIEW_REQUIRED,,Saudi Companies Directory,UNSURE
FZ-01437-42953-375663,f653b4e6-7a32-4492-8615-3f458402178c,,REVIEW_REQUIRED,,Saudi Companies Directory,UNSURE
FZ-01438-42953-381416,f653b4e6-7a32-4492-8615-3f458402178c,,REVIEW_REQUIRED,,Saudi Companies Directory,UNSURE
FZ-01439-42953-505621,f653b4e6-7a32-4492-8615-3f458402178c,,REVIEW_REQUIRED,,Saudi Companies Directory,UNSURE
FZ-01440-175870-349095,07663fd3-3155-460e-9115-9484bf2609ec,,NO_VERIFIABLE_IDENTITY,,Saudi Companies Directory,UNSURE
FZ-01441-175870-375663,07663fd3-3155-460e-9115-9484bf2609ec,,NO_VERIFIABLE_IDENTITY,,Saudi Companies Directory,UNSURE
FZ-01442-175870-381416,07663fd3-3155-460e-9115-9484bf2609ec,,NO_VERIFIABLE_IDENTITY,,Saudi Companies Directory,UNSURE
FZ-01443-175870-505621,07663fd3-3155-460e-9115-9484bf2609ec,,NO_VERIFIABLE_IDENTITY,,Saudi Companies Directory,UNSURE
FZ-01444-349095-375663,,,,,Portfolio Master v1 (existing draft),UNSURE
FZ-01445-349095-381416,,,,,Portfolio Master v1 (existing draft),UNSURE
FZ-01446-349095-505621,,,,,Portfolio Master v1 (existing draft),UNSURE
FZ-01447-375663-381416,,,,,Portfolio Master v1 (existing draft),UNSURE
FZ-01448-375663-505621,,,,,Portfolio Master v1 (existing draft),UNSURE
FZ-01449-381416-505621,,,,,Portfolio Master v1 (existing draft),UNSURE
FZ-01450-168623-498640,c12159a2-2e17-497f-9e56-6f215c9a9080,,NO_VERIFIABLE_IDENTITY,,Saudi Companies Directory,UNSURE
FZ-01451-126127-126785,3c59670f-977b-4a81-88fb-6aa39a43a12b,3e3fbbf4-7d25-4666-b7a6-7499a5a88b01,NO_VERIFIABLE_IDENTITY,NO_VERIFIABLE_IDENTITY,Saudi Companies Directory,UNSURE
FZ-01452-139441-193346,fa434335-a211-4775-aa09-660dd973debb,e106e6d7-3e08-4d3a-b41d-f8ee5278259e,NO_VERIFIABLE_IDENTITY,NO_VERIFIABLE_IDENTITY,Saudi Companies Directory,UNSURE
FZ-01453-32665-88049,3395d5b6-2259-4f61-ba9b-9ebd8d7bfdec,c6c6b11f-0d16-4069-91ca-c192efb4b183,NO_VERIFIABLE_IDENTITY,REVIEW_REQUIRED,Saudi Companies Directory,UNSURE
FZ-01454-32665-103683,3395d5b6-2259-4f61-ba9b-9ebd8d7bfdec,e7eb65ff-4233-4334-b6d3-0bcabd61a287,NO_VERIFIABLE_IDENTITY,REVIEW_REQUIRED,Saudi Companies Directory,UNSURE
FZ-01455-88049-103683,c6c6b11f-0d16-4069-91ca-c192efb4b183,e7eb65ff-4233-4334-b6d3-0bcabd61a287,REVIEW_REQUIRED,REVIEW_REQUIRED,Saudi Companies Directory,UNSURE
FZ-01456-73179-132568,5998d19f-9d90-402a-9878-d7aab42655c2,1feb4f36-8ba2-4e5e-a41b-897931a8d0d4,NO_VERIFIABLE_IDENTITY,NO_VERIFIABLE_IDENTITY,Saudi Companies Directory,UNSURE
FZ-01457-73179-465046,5998d19f-9d90-402a-9878-d7aab42655c2,,NO_VERIFIABLE_IDENTITY,,Saudi Companies Directory,UNSURE
FZ-01458-132568-465046,1feb4f36-8ba2-4e5e-a41b-897931a8d0d4,,NO_VERIFIABLE_IDENTITY,,Saudi Companies Directory,UNSURE
FZ-01459-129142-461803,a1b4ff69-9951-47d8-9e14-45de8ed8ce46,,REVIEW_REQUIRED,,Saudi Companies Directory,UNSURE
FZ-01460-118603-451911,73071607-a1f2-4ead-8c69-8fe4026fb6e9,,REVIEW_REQUIRED,,Saudi Companies Directory,UNSURE
FZ-01461-104578-438581,b63a0577-4180-4985-a98a-30d8eb55d7cc,,REVIEW_REQUIRED,,Saudi Companies Directory,UNSURE
FZ-01462-129426-462084,8a9eb6ff-78b9-4e19-b2f1-b662325c65c3,,REVIEW_REQUIRED,,Saudi Companies Directory,UNSURE
FZ-01463-292481-552386,db72398d-aec8-4e36-830d-35e60389b7a1,,DETERMINISTIC_SINGLE_SOURCE,,SFDA,ESCALATE
FZ-01464-292519-552409,54a3f735-a96e-4cd5-b210-8893767c4270,,DETERMINISTIC_SINGLE_SOURCE,,SFDA,ESCALATE
FZ-01465-246455-263616,a186d305-a350-443f-968f-d955337ced4d,53fd3f49-274d-4cba-99f3-092c255c82dc,REVIEW_REQUIRED,NO_VERIFIABLE_IDENTITY,Contractors,UNSURE
FZ-01466-226929-251986,0d7e1797-3727-4942-82fe-fb9fe3d13c94,1b951f96-73c2-4d95-a2cd-11af56290e10,NO_VERIFIABLE_IDENTITY,NO_VERIFIABLE_IDENTITY,Contractors,UNSURE
FZ-01467-262897-266539,f43b465c-3ecc-4f29-a25d-774d89b45c01,82ceccff-0c28-4b58-8aa8-a7c23bbd9c56,NO_VERIFIABLE_IDENTITY,NO_VERIFIABLE_IDENTITY,Contractors,UNSURE
FZ-01468-315166-317983,dd0628aa-2937-4b4b-9867-696be843d34b,994000f4-919c-4222-9b7b-888361fc6434,REVIEW_REQUIRED,REVIEW_REQUIRED,Balady,UNSURE
FZ-01469-315166-566653,dd0628aa-2937-4b4b-9867-696be843d34b,,REVIEW_REQUIRED,,Balady,UNSURE
FZ-01470-317983-566653,994000f4-919c-4222-9b7b-888361fc6434,,REVIEW_REQUIRED,,Balady,UNSURE
FZ-01471-253856-262520,f6108780-858d-4b92-8b0a-39a2031f7037,d2b17a11-2515-45c7-9af4-eee8a38676cc,NO_VERIFIABLE_IDENTITY,NO_VERIFIABLE_IDENTITY,Contractors,UNSURE
FZ-01472-250160-276646,8a134ec6-9e0d-4e5c-b1fe-aca6da28afe1,c105dca8-ccfd-4218-8e93-4a2c083a00db,NO_VERIFIABLE_IDENTITY,NO_VERIFIABLE_IDENTITY,Contractors,UNSURE
FZ-01473-234771-252751,d7d2218e-860e-43df-b664-e811ce165e27,ddf206c6-d57b-428a-93e8-b66621f2fc10,NO_VERIFIABLE_IDENTITY,NO_VERIFIABLE_IDENTITY,Contractors,UNSURE
FZ-01474-234771-254888,d7d2218e-860e-43df-b664-e811ce165e27,d6232639-eb12-4ca6-8f18-fb04a5445104,NO_VERIFIABLE_IDENTITY,NO_VERIFIABLE_IDENTITY,Contractors,UNSURE
FZ-01475-234771-271052,d7d2218e-860e-43df-b664-e811ce165e27,97e01e51-118f-4cfb-86a4-ab19601afe61,NO_VERIFIABLE_IDENTITY,NO_VERIFIABLE_IDENTITY,Contractors,UNSURE
FZ-01476-234771-278122,d7d2218e-860e-43df-b664-e811ce165e27,6ac3ac84-cb29-42a2-9f33-3ca340119fb9,NO_VERIFIABLE_IDENTITY,NO_VERIFIABLE_IDENTITY,Contractors,UNSURE
FZ-01477-240129-254888,9d879b7b-21fb-475e-bb1b-51def5d15dad,d6232639-eb12-4ca6-8f18-fb04a5445104,NO_VERIFIABLE_IDENTITY,NO_VERIFIABLE_IDENTITY,Contractors,UNSURE
FZ-01478-240129-260952,9d879b7b-21fb-475e-bb1b-51def5d15dad,62428b24-9284-483e-ada6-847b4e29f5f2,NO_VERIFIABLE_IDENTITY,NO_VERIFIABLE_IDENTITY,Contractors,UNSURE
FZ-01479-241813-278122,07989215-95b9-48d1-a367-eee386157869,6ac3ac84-cb29-42a2-9f33-3ca340119fb9,NO_VERIFIABLE_IDENTITY,NO_VERIFIABLE_IDENTITY,Contractors,UNSURE
FZ-01480-252751-254888,ddf206c6-d57b-428a-93e8-b66621f2fc10,d6232639-eb12-4ca6-8f18-fb04a5445104,NO_VERIFIABLE_IDENTITY,NO_VERIFIABLE_IDENTITY,Contractors,UNSURE
FZ-01481-252751-271052,ddf206c6-d57b-428a-93e8-b66621f2fc10,97e01e51-118f-4cfb-86a4-ab19601afe61,NO_VERIFIABLE_IDENTITY,NO_VERIFIABLE_IDENTITY,Contractors,UNSURE
FZ-01482-254888-260952,d6232639-eb12-4ca6-8f18-fb04a5445104,62428b24-9284-483e-ada6-847b4e29f5f2,NO_VERIFIABLE_IDENTITY,NO_VERIFIABLE_IDENTITY,Contractors,UNSURE
FZ-01483-254888-271052,d6232639-eb12-4ca6-8f18-fb04a5445104,97e01e51-118f-4cfb-86a4-ab19601afe61,NO_VERIFIABLE_IDENTITY,NO_VERIFIABLE_IDENTITY,Contractors,UNSURE
FZ-01484-260952-271052,62428b24-9284-483e-ada6-847b4e29f5f2,97e01e51-118f-4cfb-86a4-ab19601afe61,NO_VERIFIABLE_IDENTITY,NO_VERIFIABLE_IDENTITY,Contractors,UNSURE
FZ-01485-300273-555689,bc31a7fa-b0d6-4927-a06f-0768a6eb63aa,,DETERMINISTIC_SINGLE_SOURCE,,SFDA,ESCALATE
FZ-01486-286741-549857,6635646f-9b29-4e3a-a4f8-e616828d31a0,,DETERMINISTIC_SINGLE_SOURCE,,SFDA,ESCALATE
FZ-01487-299928-555512,6018aca3-0479-463b-8af4-710f407b8166,,DETERMINISTIC_SINGLE_SOURCE,,SFDA,ESCALATE
FZ-01488-287241-550029,8e6badfe-7f1a-404b-87ea-abaeeae4a6d8,,DETERMINISTIC_SINGLE_SOURCE,,SFDA,ESCALATE
FZ-01489-297080-554329,f38020a8-f0e7-4b7d-a01b-09592b948be0,,DETERMINISTIC_SINGLE_SOURCE,,SFDA,ESCALATE
FZ-01490-265468-277140,9928789d-5b75-4d52-b284-755801f9c140,1eb87974-c338-4f7d-9a5d-b1ff8682679b,NO_VERIFIABLE_IDENTITY,NO_VERIFIABLE_IDENTITY,Contractors,UNSURE
FZ-01491-221953-547287,7d05c8a4-fede-4e4a-83f7-868a3ecfab3a,,REVIEW_REQUIRED,,Saudi Companies Directory,UNSURE
FZ-01492-250440-253799,e7d7714a-a1c9-46e4-beae-a2f19fc15be6,02f8972b-b184-41d3-b402-743eda7cfc26,NO_VERIFIABLE_IDENTITY,NO_VERIFIABLE_IDENTITY,Contractors,UNSURE
FZ-01493-226479-229568,0079dc0a-d22b-478b-ae41-c0fd3a1bffbb,0608d57e-c88d-446f-981f-9eb55c15d071,NO_VERIFIABLE_IDENTITY,NO_VERIFIABLE_IDENTITY,Contractors,UNSURE
FZ-01494-243191-267111,5fe20187-f56f-4f85-ba0b-2f49b96ea474,e99c1a06-26ea-47cc-94eb-4ee6ddbe3125,NO_VERIFIABLE_IDENTITY,NO_VERIFIABLE_IDENTITY,Contractors,UNSURE
FZ-01495-260648-276858,4a62e3ef-81f0-49ca-939c-b6e2f89cecdf,5415b80d-f4c7-428e-80ef-7ab686182efa,NO_VERIFIABLE_IDENTITY,NO_VERIFIABLE_IDENTITY,Contractors,UNSURE
FZ-01496-275529-280090,c2e0ed17-6953-4d9a-9a06-0146e266e1dc,1cc9104f-7a1d-4a07-9e73-e28f420d413e,NO_VERIFIABLE_IDENTITY,REVIEW_REQUIRED,Contractors,UNSURE
FZ-01497-236717-272765,7cee9757-2247-487c-ad0b-79b6210d3f02,7ec379fe-83be-40fd-a29e-23213ef4078e,NO_VERIFIABLE_IDENTITY,NO_VERIFIABLE_IDENTITY,Contractors,UNSURE
FZ-01498-231240-270817,9a494337-0a4d-4d89-986e-fb3037a9279b,8b155478-8d26-45b3-9271-005b191db8ef,NO_VERIFIABLE_IDENTITY,NO_VERIFIABLE_IDENTITY,Contractors,UNSURE
FZ-01499-232406-267210,75070dd2-2179-452d-a937-baff6d436639,93838160-577e-4aed-9565-d01ec99cd084,NO_VERIFIABLE_IDENTITY,NO_VERIFIABLE_IDENTITY,Contractors,UNSURE
FZ-01500-282755-282808,523c69ee-83d0-4b0a-b942-25a7f93de97b,f29e2242-3185-47c9-b6e8-a58ec42da061,REVIEW_REQUIRED,REVIEW_REQUIRED,Suppliers,UNSURE
FZ-01501-240321-265435,4b1cd7ce-94cb-4d60-9437-0936bcb64ac0,ed42e455-2c26-4da8-aa1b-2f1c4f8d7e51,NO_VERIFIABLE_IDENTITY,NO_VERIFIABLE_IDENTITY,Contractors,UNSURE
FZ-01502-230573-248266,0b0fbb2c-3f6b-41f4-b45c-15537d904b01,557e85d3-b462-411b-b783-01f49e631645,NO_VERIFIABLE_IDENTITY,NO_VERIFIABLE_IDENTITY,Contractors,UNSURE
FZ-01503-225613-262765,49936dd5-54ad-40cd-a3cf-9ab4e2a70de6,b19e4a2e-cc6e-42ee-a998-61bc25ca8c3c,NO_VERIFIABLE_IDENTITY,NO_VERIFIABLE_IDENTITY,Contractors,UNSURE
FZ-01504-304388-557403,3e780a35-4ec4-4108-a2c6-1ecf2d6f3647,,DETERMINISTIC_SINGLE_SOURCE,,SFDA,ESCALATE
FZ-01505-228792-238280,9ef6592b-f628-4d46-8449-85f8f3b5971f,760f4b8a-c777-4a47-a62c-3f1de979c510,NO_VERIFIABLE_IDENTITY,NO_VERIFIABLE_IDENTITY,Contractors,UNSURE
FZ-01506-228792-279514,9ef6592b-f628-4d46-8449-85f8f3b5971f,3d225107-5e99-4c63-b4fa-feae42a4487e,NO_VERIFIABLE_IDENTITY,NO_VERIFIABLE_IDENTITY,Contractors,UNSURE
FZ-01507-227937-280125,10a0a266-e08c-4071-9cbb-088c25b82bda,105c64be-4c4b-42ec-b71b-c4905c941242,NO_VERIFIABLE_IDENTITY,NO_VERIFIABLE_IDENTITY,Contractors,UNSURE
FZ-01508-247374-274157,503915ad-bc39-407f-83fc-7a006c88b29f,dbe46497-9496-4919-90f3-6694294718c7,NO_VERIFIABLE_IDENTITY,NO_VERIFIABLE_IDENTITY,Contractors,UNSURE
FZ-01509-315807-318624,7111769d-cd3f-4763-b9fe-5d844fa8878b,2b525a0a-4b2c-410d-8e32-795b8a6bc594,REVIEW_REQUIRED,REVIEW_REQUIRED,Balady,UNSURE
FZ-01510-315807-567133,7111769d-cd3f-4763-b9fe-5d844fa8878b,,REVIEW_REQUIRED,,Balady,UNSURE
FZ-01511-318624-567133,2b525a0a-4b2c-410d-8e32-795b8a6bc594,,REVIEW_REQUIRED,,Balady,UNSURE
FZ-01512-304999-557667,7ee2a08e-2bd4-48ad-b603-053af47a69e1,,DETERMINISTIC_SINGLE_SOURCE,,SFDA,ESCALATE
FZ-01513-565756-565785,,,,,Portfolio Master v1 (existing draft),UNSURE
FZ-01514-565756-565896,,,,,Portfolio Master v1 (existing draft),UNSURE
FZ-01515-565756-565945,,,,,Portfolio Master v1 (existing draft),UNSURE
FZ-01516-565785-565896,,,,,Portfolio Master v1 (existing draft),UNSURE
FZ-01517-565785-565945,,,,,Portfolio Master v1 (existing draft),UNSURE
FZ-01518-565896-565945,,,,,Portfolio Master v1 (existing draft),UNSURE
FZ-01519-292488-552393,eec2f3d6-998e-4727-9db1-cda54b784aa3,,DETERMINISTIC_SINGLE_SOURCE,,SFDA,ESCALATE
FZ-01520-241533-259555,2b76c9f3-dcad-476b-bddd-248ad46c1c8a,c073ee38-85c5-4227-9263-22ef159f5495,NO_VERIFIABLE_IDENTITY,NO_VERIFIABLE_IDENTITY,Contractors,UNSURE
FZ-01521-277465-278720,d512dc84-44b3-4fe3-807b-aea532508cce,87816a01-40b1-4d3e-b932-641e605f8b49,NO_VERIFIABLE_IDENTITY,NO_VERIFIABLE_IDENTITY,Contractors,UNSURE
FZ-01522-245400-271805,7b0a1266-2c39-42a2-96a0-a30e37dd4c79,076ab292-3168-42e1-adb1-2803d6c9128a,NO_VERIFIABLE_IDENTITY,NO_VERIFIABLE_IDENTITY,Contractors,UNSURE
FZ-01523-300854-555903,5351602b-f24c-4920-ac88-9716581e052c,,DETERMINISTIC_SINGLE_SOURCE,,SFDA,ESCALATE
FZ-01524-314734-317550,1b1b1781-e142-4e58-94c7-fb08241a6148,0f50b877-bb63-4083-99de-032c40c091be,NO_VERIFIABLE_IDENTITY,NO_VERIFIABLE_IDENTITY,Balady,UNSURE
FZ-01525-290511-551320,9f2a78d3-f201-4f64-8d6c-21d7c8ba9cf0,,DETERMINISTIC_SINGLE_SOURCE,,SFDA,ESCALATE
FZ-01526-283896-410030,3fcb517a-786d-48be-be74-dcdbb21a0b4d,,REVIEW_REQUIRED,,Suppliers,UNSURE
FZ-01527-301068-555985,6b137dd5-7c9c-4e1a-bfef-3f6b2469546e,,DETERMINISTIC_SINGLE_SOURCE,,SFDA,ESCALATE
FZ-01528-288205-550469,fb2d5c18-0841-4f45-b33d-f1f9a860b5af,,DETERMINISTIC_SINGLE_SOURCE,,SFDA,ESCALATE
FZ-01529-288251-550492,c1d72bb2-54ed-4bbe-9296-06bc73f12d71,,DETERMINISTIC_SINGLE_SOURCE,,SFDA,ESCALATE
FZ-01530-302711-556671,60c7a462-49dc-4056-a7e3-d82b2c9ad983,,DETERMINISTIC_SINGLE_SOURCE,,SFDA,ESCALATE
FZ-01531-288401-298731,c18e0f74-a76c-4a09-9c39-3acd21cf612c,4b2bc23d-15dc-4826-b95d-3e377bad1b5a,DETERMINISTIC_SINGLE_SOURCE,DETERMINISTIC_SINGLE_SOURCE,SFDA,HIGH_SEPARATE_CANDIDATE
FZ-01532-291800-551966,7dc4fb40-4676-4bfc-a757-b89f37a296c6,,DETERMINISTIC_SINGLE_SOURCE,,SFDA,ESCALATE
FZ-01533-300448-555726,dfbb3f1d-2db9-46f7-b2f4-af5a5557f46b,,DETERMINISTIC_SINGLE_SOURCE,,SFDA,ESCALATE
FZ-01534-267898-273937,5c635319-fd74-4ddd-904f-02e162c4f72f,374b5579-468f-4528-aaf5-7a3f3de2c228,NO_VERIFIABLE_IDENTITY,NO_VERIFIABLE_IDENTITY,Contractors,UNSURE
FZ-01535-299735-555418,d90e28b9-0af5-4e6c-b063-ab7dc493296a,,DETERMINISTIC_SINGLE_SOURCE,,SFDA,ESCALATE
FZ-01536-293479-552856,a8d661fe-954b-490b-8756-fd07cad3c3be,,DETERMINISTIC_SINGLE_SOURCE,,SFDA,ESCALATE
FZ-01537-293480-552857,26458ad7-a048-4c12-949e-b600f977614f,,DETERMINISTIC_SINGLE_SOURCE,,SFDA,ESCALATE
FZ-01538-237971-268877,1fc3206d-9d80-46cf-a4b7-60b246b6c407,59b9c50e-6269-4697-abd8-b550e25ea5ab,NO_VERIFIABLE_IDENTITY,NO_VERIFIABLE_IDENTITY,Contractors,UNSURE
FZ-01539-295175-553611,d718e965-bf72-471c-a4a6-82e6b1ccde73,,DETERMINISTIC_SINGLE_SOURCE,,SFDA,ESCALATE
FZ-01540-298449-554877,c1813ee5-61d9-460b-ad9d-b2f341ea7c7e,,DETERMINISTIC_SINGLE_SOURCE,,SFDA,ESCALATE
FZ-01541-235522-264909,fbead3c1-6a14-4bb4-a5fb-8a894d4d7017,53e63a99-4e97-408a-95d2-270fe1e47e6b,NO_VERIFIABLE_IDENTITY,NO_VERIFIABLE_IDENTITY,Contractors,UNSURE
FZ-01542-235522-264932,fbead3c1-6a14-4bb4-a5fb-8a894d4d7017,9a024309-33d1-4012-ab46-9b72b6924b8f,NO_VERIFIABLE_IDENTITY,NO_VERIFIABLE_IDENTITY,Contractors,UNSURE
FZ-01543-243908-280819,c8b542bf-3cb2-4bda-a28f-161c9fb263e1,46c160c6-3c7f-4106-8ba7-1737738a57c2,NO_VERIFIABLE_IDENTITY,NO_VERIFIABLE_IDENTITY,Contractors,UNSURE
FZ-01544-249188-264932,af9de00b-68d1-4d65-ae83-3206fd491582,9a024309-33d1-4012-ab46-9b72b6924b8f,NO_VERIFIABLE_IDENTITY,NO_VERIFIABLE_IDENTITY,Contractors,UNSURE
FZ-01545-252724-264918,30bbd3e1-baff-411f-b275-78a997177259,bd5325a6-b702-4704-95ef-d0696d23099d,NO_VERIFIABLE_IDENTITY,NO_VERIFIABLE_IDENTITY,Contractors,UNSURE
FZ-01546-256558-281125,f2bddde0-4e44-4461-8028-f937b68e5d1c,3dbb3c34-5e4e-40e2-8c87-02bd23e5c990,NO_VERIFIABLE_IDENTITY,NO_VERIFIABLE_IDENTITY,Contractors,UNSURE
FZ-01547-264977-280819,e9a0f0fe-ed92-424a-85e1-e8abfbd95c8c,46c160c6-3c7f-4106-8ba7-1737738a57c2,NO_VERIFIABLE_IDENTITY,NO_VERIFIABLE_IDENTITY,Contractors,UNSURE
FZ-01548-286401-286407,cf8a2fbc-419f-4979-be31-22332aae1168,d6777b34-3e6b-49c6-8a1c-40dd669aac18,DETERMINISTIC_SINGLE_SOURCE,DETERMINISTIC_SINGLE_SOURCE,SFDA,HIGH_SEPARATE_CANDIDATE
FZ-01549-286401-549729,cf8a2fbc-419f-4979-be31-22332aae1168,,DETERMINISTIC_SINGLE_SOURCE,,SFDA,ESCALATE
FZ-01550-286401-549734,cf8a2fbc-419f-4979-be31-22332aae1168,,DETERMINISTIC_SINGLE_SOURCE,,SFDA,ESCALATE
FZ-01551-286407-549729,d6777b34-3e6b-49c6-8a1c-40dd669aac18,,DETERMINISTIC_SINGLE_SOURCE,,SFDA,ESCALATE
FZ-01552-286407-549734,d6777b34-3e6b-49c6-8a1c-40dd669aac18,,DETERMINISTIC_SINGLE_SOURCE,,SFDA,ESCALATE
FZ-01553-549729-549734,,,,,Portfolio Master v1 (existing draft),UNSURE
FZ-01554-267380-271326,1286c97b-d64c-4745-99ea-decc818cf80f,4650e176-5dbf-4d5f-a381-e6a6fc9507a8,NO_VERIFIABLE_IDENTITY,NO_VERIFIABLE_IDENTITY,Contractors,UNSURE
FZ-01555-296699-554106,d59d8421-1148-49f9-be3b-bc42a9eb6892,,DETERMINISTIC_SINGLE_SOURCE,,SFDA,ESCALATE
FZ-01556-271008-274049,8ce6b420-02f8-407c-8646-795a757fa4e2,f2118f92-061d-4b62-bd4c-12c4b0c4be84,NO_VERIFIABLE_IDENTITY,NO_VERIFIABLE_IDENTITY,Contractors,UNSURE
FZ-01557-297613-554574,aba366af-4108-4a60-b02a-35ecb7ac0abf,,DETERMINISTIC_SINGLE_SOURCE,,SFDA,ESCALATE
FZ-01558-234553-238202,b906de71-dd78-4cf6-b83e-6db18f7287b8,f7acc62d-40da-4c97-9498-e0107e83de42,NO_VERIFIABLE_IDENTITY,REVIEW_REQUIRED,Contractors,UNSURE
FZ-01559-270265-279062,98daff2c-8656-4b19-82f9-5c4ed85a373e,08f21e8f-085a-4251-9192-65141890c1ab,NO_VERIFIABLE_IDENTITY,NO_VERIFIABLE_IDENTITY,Contractors,UNSURE
FZ-01560-296484-554000,3c4e952e-b9a2-4852-abb9-a60d9553c637,,DETERMINISTIC_SINGLE_SOURCE,,SFDA,ESCALATE
FZ-01561-305013-557674,f24774db-3af1-41ef-aa29-3c47148e684c,,DETERMINISTIC_SINGLE_SOURCE,,SFDA,ESCALATE
FZ-01562-295026-553535,d838888f-2c1a-4334-be2c-16e4763e8465,,DETERMINISTIC_SINGLE_SOURCE,,SFDA,ESCALATE
FZ-01563-297074-554324,b592e0bf-7f62-459a-b6d4-e4f6dcd4853a,,DETERMINISTIC_SINGLE_SOURCE,,SFDA,ESCALATE
FZ-01564-304389-557404,c1d601f0-a4eb-4031-ab32-5834cd294e86,,DETERMINISTIC_SINGLE_SOURCE,,SFDA,ESCALATE
FZ-01565-237990-259313,19231250-7d88-43da-b6bf-675359472db9,14930887-4a78-4261-9e74-f6a5ccb6bec5,NO_VERIFIABLE_IDENTITY,NO_VERIFIABLE_IDENTITY,Contractors,UNSURE
FZ-01566-227232-243907,c6c4a1dd-529f-473c-9fea-d4395b682106,86ad63d8-34d9-40d4-9005-d5d69f498b94,NO_VERIFIABLE_IDENTITY,NO_VERIFIABLE_IDENTITY,Contractors,UNSURE
FZ-01567-255983-277259,35397b3e-bb04-4f96-b735-b377a376feac,4683c3a5-7952-427e-a761-5d52f965f697,NO_VERIFIABLE_IDENTITY,NO_VERIFIABLE_IDENTITY,Contractors,UNSURE
FZ-01568-225245-278101,e00c2915-5378-4b89-8779-f19203fc75d9,cea722d6-f839-465a-a01b-df7495a83384,NO_VERIFIABLE_IDENTITY,NO_VERIFIABLE_IDENTITY,Contractors,UNSURE
FZ-01569-240560-281202,e1b01ab7-aacb-4b1d-8e7a-69407831dc6a,44dc8fd7-76f1-4cff-9b85-35195a5a4d68,NO_VERIFIABLE_IDENTITY,NO_VERIFIABLE_IDENTITY,Contractors,UNSURE
FZ-01570-246789-270234,57cf7fd0-5759-4f7a-be4d-fe24f25845e9,ddb24155-c86c-469e-b93b-e2579a232cd2,NO_VERIFIABLE_IDENTITY,REVIEW_REQUIRED,Contractors,UNSURE
FZ-01571-282494-284968,a758f379-39c0-418f-b60e-c4ae2e9e326d,c84de134-de09-4920-b596-e317e4359888,REVIEW_REQUIRED,REVIEW_REQUIRED,Suppliers,UNSURE
FZ-01572-315147-316833,e3fa76a1-f4fe-46c4-a83a-bbbda88b1218,9ce27316-4dd2-43ed-9732-63401489e59e,REVIEW_REQUIRED,NO_VERIFIABLE_IDENTITY,Balady,UNSURE
FZ-01573-315147-317964,e3fa76a1-f4fe-46c4-a83a-bbbda88b1218,02476d94-8208-4fe7-8582-67c812ce75bc,REVIEW_REQUIRED,REVIEW_REQUIRED,Balady,UNSURE
FZ-01574-315147-319650,e3fa76a1-f4fe-46c4-a83a-bbbda88b1218,3b5dc306-115d-4a20-ae1a-67e44322776c,REVIEW_REQUIRED,NO_VERIFIABLE_IDENTITY,Balady,UNSURE
FZ-01575-316833-317964,9ce27316-4dd2-43ed-9732-63401489e59e,02476d94-8208-4fe7-8582-67c812ce75bc,NO_VERIFIABLE_IDENTITY,REVIEW_REQUIRED,Balady,UNSURE
FZ-01576-316833-319650,9ce27316-4dd2-43ed-9732-63401489e59e,3b5dc306-115d-4a20-ae1a-67e44322776c,NO_VERIFIABLE_IDENTITY,NO_VERIFIABLE_IDENTITY,Balady,UNSURE
FZ-01577-317964-319650,02476d94-8208-4fe7-8582-67c812ce75bc,3b5dc306-115d-4a20-ae1a-67e44322776c,REVIEW_REQUIRED,NO_VERIFIABLE_IDENTITY,Balady,UNSURE
FZ-01578-321050-321733,44594898-bb9b-48a8-8955-cf29b9338d73,31d01c0a-b810-4810-8953-f8d0883fc789,REVIEW_REQUIRED,REVIEW_REQUIRED,Balady,UNSURE
FZ-01579-320504-320935,d7a0e42d-5ef6-4e2b-ade4-32cabee9fbf2,8d14397b-b0ea-4760-9f51-33e8ba875503,NO_VERIFIABLE_IDENTITY,NO_VERIFIABLE_IDENTITY,Balady,UNSURE
FZ-01580-321341-321931,5ccd2cfe-3cd9-499c-994f-2108bef96229,ce1fcb9f-e09c-440b-bc91-c7cc7704cf7f,NO_VERIFIABLE_IDENTITY,REVIEW_REQUIRED,Balady,UNSURE
FZ-01581-314997-317813,b3925419-9580-4c8a-bde6-5a9f34ae0abb,3c8b2a08-ec3e-461d-a6aa-25c540fe6ef5,NO_VERIFIABLE_IDENTITY,NO_VERIFIABLE_IDENTITY,Balady,UNSURE
FZ-01582-314997-320532,b3925419-9580-4c8a-bde6-5a9f34ae0abb,96824f8d-f0bc-465c-904c-ca1af641264f,NO_VERIFIABLE_IDENTITY,REVIEW_REQUIRED,Balady,UNSURE
FZ-01583-317813-320532,3c8b2a08-ec3e-461d-a6aa-25c540fe6ef5,96824f8d-f0bc-465c-904c-ca1af641264f,NO_VERIFIABLE_IDENTITY,REVIEW_REQUIRED,Balady,UNSURE
FZ-01584-320396-320565,95725d14-1ac0-4829-a229-a520108394b8,a4af7b13-4b2e-4269-bc8d-e2f56e92c0ec,NO_VERIFIABLE_IDENTITY,NO_VERIFIABLE_IDENTITY,Balady,UNSURE
FZ-01585-319951-320514,7843ef40-c8ce-4500-9a1e-41965945230f,7061577e-4aac-4253-b7af-098b3b580fbd,NO_VERIFIABLE_IDENTITY,NO_VERIFIABLE_IDENTITY,Balady,UNSURE
FZ-01586-319951-321241,7843ef40-c8ce-4500-9a1e-41965945230f,cc66c348-7a53-4882-8615-cf6ba61737df,NO_VERIFIABLE_IDENTITY,NO_VERIFIABLE_IDENTITY,Balady,UNSURE
FZ-01587-320514-321241,7061577e-4aac-4253-b7af-098b3b580fbd,cc66c348-7a53-4882-8615-cf6ba61737df,NO_VERIFIABLE_IDENTITY,NO_VERIFIABLE_IDENTITY,Balady,UNSURE
FZ-01588-321346-321551,d9c12766-09a7-4f33-8413-7bbdd23bca38,960515b4-f7d6-4a95-8df5-519178c332a8,NO_VERIFIABLE_IDENTITY,NO_VERIFIABLE_IDENTITY,Balady,UNSURE
FZ-01589-315571-315987,b6f67506-f9e0-4cb1-b155-fa4dab67ecbd,88227329-671c-4423-ba4f-53b33b217fb0,REVIEW_REQUIRED,REVIEW_REQUIRED,Balady,UNSURE
FZ-01590-315571-318388,b6f67506-f9e0-4cb1-b155-fa4dab67ecbd,b21c8bb5-0c33-45b2-8d56-f7a2b475d42f,REVIEW_REQUIRED,REVIEW_REQUIRED,Balady,UNSURE
FZ-01591-315571-318804,b6f67506-f9e0-4cb1-b155-fa4dab67ecbd,2e29a78d-8fbf-4300-bfa4-559951d5c079,REVIEW_REQUIRED,REVIEW_REQUIRED,Balady,UNSURE
FZ-01592-315571-321869,b6f67506-f9e0-4cb1-b155-fa4dab67ecbd,8412c78b-067e-4d20-8a27-e3bd954e0577,REVIEW_REQUIRED,REVIEW_REQUIRED,Balady,UNSURE
FZ-01593-315834-318651,c33eaeb1-e3e7-4db6-832e-022ba54444c1,8318a8f0-266b-46a1-b1b4-a7470295f0aa,REVIEW_REQUIRED,REVIEW_REQUIRED,Balady,UNSURE
FZ-01594-315834-567155,c33eaeb1-e3e7-4db6-832e-022ba54444c1,,REVIEW_REQUIRED,,Balady,UNSURE
FZ-01595-315834-568233,c33eaeb1-e3e7-4db6-832e-022ba54444c1,,REVIEW_REQUIRED,,Balady,UNSURE
FZ-01596-315987-318388,88227329-671c-4423-ba4f-53b33b217fb0,b21c8bb5-0c33-45b2-8d56-f7a2b475d42f,REVIEW_REQUIRED,REVIEW_REQUIRED,Balady,UNSURE
FZ-01597-315987-318804,88227329-671c-4423-ba4f-53b33b217fb0,2e29a78d-8fbf-4300-bfa4-559951d5c079,REVIEW_REQUIRED,REVIEW_REQUIRED,Balady,UNSURE
FZ-01598-315987-321869,88227329-671c-4423-ba4f-53b33b217fb0,8412c78b-067e-4d20-8a27-e3bd954e0577,REVIEW_REQUIRED,REVIEW_REQUIRED,Balady,UNSURE
FZ-01599-318388-318804,b21c8bb5-0c33-45b2-8d56-f7a2b475d42f,2e29a78d-8fbf-4300-bfa4-559951d5c079,REVIEW_REQUIRED,REVIEW_REQUIRED,Balady,UNSURE
FZ-01600-318388-321869,b21c8bb5-0c33-45b2-8d56-f7a2b475d42f,8412c78b-067e-4d20-8a27-e3bd954e0577,REVIEW_REQUIRED,REVIEW_REQUIRED,Balady,UNSURE
FZ-01601-318651-567155,8318a8f0-266b-46a1-b1b4-a7470295f0aa,,REVIEW_REQUIRED,,Balady,UNSURE
FZ-01602-318651-568233,8318a8f0-266b-46a1-b1b4-a7470295f0aa,,REVIEW_REQUIRED,,Balady,UNSURE
FZ-01603-318804-321869,2e29a78d-8fbf-4300-bfa4-559951d5c079,8412c78b-067e-4d20-8a27-e3bd954e0577,REVIEW_REQUIRED,REVIEW_REQUIRED,Balady,UNSURE
FZ-01604-567155-568233,,,,,Portfolio Master v1 (existing draft),UNSURE
FZ-01605-316584-319401,1774b769-0c16-40de-88e1-286d2e53a9e9,7a838391-95dc-4f3f-a817-8862357f858e,NO_VERIFIABLE_IDENTITY,NO_VERIFIABLE_IDENTITY,Balady,UNSURE
FZ-01606-316584-567722,1774b769-0c16-40de-88e1-286d2e53a9e9,,NO_VERIFIABLE_IDENTITY,,Balady,UNSURE
FZ-01607-319401-567722,7a838391-95dc-4f3f-a817-8862357f858e,,NO_VERIFIABLE_IDENTITY,,Balady,UNSURE
FZ-01608-315929-318746,159501e9-4997-467f-b543-9bd6bb4d2306,22dc865f-8c8f-45e8-8fb2-c93e4a05bdb4,REVIEW_REQUIRED,REVIEW_REQUIRED,Balady,UNSURE
FZ-01609-552256-552265,,,,,Portfolio Master v1 (existing draft),UNSURE
FZ-01610-292490-552395,4149d89e-8769-4366-8fac-30c0e9b5e70f,,DETERMINISTIC_SINGLE_SOURCE,,SFDA,ESCALATE
FZ-01611-226517-233300,09e1ef0a-4c82-41b3-ac25-721a874aec98,8a3596ac-f436-4a38-9335-ed8f716a42ed,NO_VERIFIABLE_IDENTITY,NO_VERIFIABLE_IDENTITY,Contractors,UNSURE
FZ-01612-226517-270776,09e1ef0a-4c82-41b3-ac25-721a874aec98,4a19abc6-3dc0-468b-b7cb-7db0c8063e9b,NO_VERIFIABLE_IDENTITY,NO_VERIFIABLE_IDENTITY,Contractors,UNSURE
FZ-01613-232298-270776,7c4b2772-fb82-4fb5-a4b6-71ae9a5d1179,4a19abc6-3dc0-468b-b7cb-7db0c8063e9b,NO_VERIFIABLE_IDENTITY,NO_VERIFIABLE_IDENTITY,Contractors,UNSURE
FZ-01614-234948-253231,2af0676d-e75c-4fb9-ba60-d95a4acec31e,ef6dd1e2-101d-4be6-a9d5-697ccc7915c2,NO_VERIFIABLE_IDENTITY,NO_VERIFIABLE_IDENTITY,Contractors,UNSURE
FZ-01615-241259-247981,f8fb821d-9091-468b-abad-538dc528baab,07c28567-aeb8-48dd-baa8-0a5247a28c63,NO_VERIFIABLE_IDENTITY,NO_VERIFIABLE_IDENTITY,Contractors,UNSURE
FZ-01616-284007-284019,efdcb71b-2237-4dac-b47b-3ac7132407b0,aa515d1a-2c67-45ca-9cb7-3ef854a61b13,REVIEW_REQUIRED,REVIEW_REQUIRED,Suppliers,UNSURE
FZ-01617-284007-284739,efdcb71b-2237-4dac-b47b-3ac7132407b0,19ecdc66-b239-4d38-9056-af1b04c4d412,REVIEW_REQUIRED,REVIEW_REQUIRED,Suppliers,UNSURE
FZ-01618-284019-284739,aa515d1a-2c67-45ca-9cb7-3ef854a61b13,19ecdc66-b239-4d38-9056-af1b04c4d412,REVIEW_REQUIRED,REVIEW_REQUIRED,Suppliers,UNSURE
FZ-01619-248568-268578,8ce1d7f8-b789-432f-b635-b04911f777d8,1c5f43bc-8438-49d9-ad2b-cfc77348cae9,NO_VERIFIABLE_IDENTITY,NO_VERIFIABLE_IDENTITY,Contractors,UNSURE
FZ-01620-290512-551321,cba28041-2202-4add-9ab3-2f0827ec5e88,,DETERMINISTIC_SINGLE_SOURCE,,SFDA,ESCALATE
FZ-01621-236897-239335,a3cf95c5-9e84-47f1-9a74-16e1b4bc3b0d,85fa1f83-caac-4038-8e48-a967b38015bf,NO_VERIFIABLE_IDENTITY,NO_VERIFIABLE_IDENTITY,Contractors,UNSURE
FZ-01622-287801-550294,1bc4f513-fc4f-4d7a-be12-e43a041980a8,,DETERMINISTIC_SINGLE_SOURCE,,SFDA,ESCALATE
FZ-01623-291496-551824,aefc36aa-5714-4c60-8755-34ce18546790,,DETERMINISTIC_SINGLE_SOURCE,,SFDA,ESCALATE
FZ-01624-284416-287715,db07eb02-255e-4d15-b6ff-fbf6bb910f67,6d4f3210-360b-452c-a3cb-fdff8a94d46d,REVIEW_REQUIRED,DETERMINISTIC_SINGLE_SOURCE,Suppliers,ESCALATE
FZ-01625-284416-489712,db07eb02-255e-4d15-b6ff-fbf6bb910f67,,REVIEW_REQUIRED,,Suppliers,UNSURE
FZ-01626-287715-489712,6d4f3210-360b-452c-a3cb-fdff8a94d46d,,DETERMINISTIC_SINGLE_SOURCE,,SFDA,ESCALATE
FZ-01627-273347-490883,541d4f72-3b5b-4fec-aac7-c6b59d2e5c50,,REVIEW_REQUIRED,,Contractors,UNSURE
FZ-01628-294085-553082,321f9a04-64ce-453d-a737-c66999663ada,,DETERMINISTIC_SINGLE_SOURCE,,SFDA,ESCALATE
FZ-01629-265613-550763,46e46dbf-6fa2-46b2-a12e-08072ea67973,,REVIEW_REQUIRED,,Contractors,UNSURE
FZ-01630-230718-279098,9bbd9e8b-e624-45e0-8e86-5934236bbadd,7518282c-be33-48d0-a240-2198da74376a,NO_VERIFIABLE_IDENTITY,NO_VERIFIABLE_IDENTITY,Contractors,UNSURE
FZ-01631-230718-280328,9bbd9e8b-e624-45e0-8e86-5934236bbadd,f2e29a74-a2c6-451e-b2b8-491cedcdd20d,NO_VERIFIABLE_IDENTITY,NO_VERIFIABLE_IDENTITY,Contractors,UNSURE
FZ-01632-249003-253176,d6e8ede4-a1c7-4337-a30f-5f67f40cff0f,cd86280b-2420-42ce-ae90-eccb890e3551,NO_VERIFIABLE_IDENTITY,NO_VERIFIABLE_IDENTITY,Contractors,UNSURE
FZ-01633-253176-263095,cd86280b-2420-42ce-ae90-eccb890e3551,ce35517c-2d59-4b38-b678-e0ded256094f,NO_VERIFIABLE_IDENTITY,NO_VERIFIABLE_IDENTITY,Contractors,UNSURE
FZ-01634-263095-273253,ce35517c-2d59-4b38-b678-e0ded256094f,20b0e1d2-674d-4bc7-8bbb-175f1cd1e9dc,NO_VERIFIABLE_IDENTITY,NO_VERIFIABLE_IDENTITY,Contractors,UNSURE
FZ-01635-291218-401955,696549c4-ea8c-43d9-ac12-9019bf1ee265,,DETERMINISTIC_SINGLE_SOURCE,,SFDA,ESCALATE
FZ-01636-287948-550359,67b5c7e2-f466-4109-880a-9bb3caada8b4,,DETERMINISTIC_SINGLE_SOURCE,,SFDA,ESCALATE
FZ-01637-286748-549864,23120620-cc4f-4ab3-aff3-976cef2a87b6,,DETERMINISTIC_SINGLE_SOURCE,,SFDA,ESCALATE
FZ-01638-302560-556627,4f5be92e-65f6-4fdd-814b-ac337c705338,,DETERMINISTIC_SINGLE_SOURCE,,SFDA,ESCALATE
FZ-01639-281601-452435,4af6eb99-06bc-410e-b5ee-ba41bf21b24e,,REVIEW_REQUIRED,,Suppliers,UNSURE
FZ-01640-282407-454107,99f7489f-f970-4a12-8b55-58da5b007345,,REVIEW_REQUIRED,,Suppliers,UNSURE
FZ-01641-287033-549968,7550063d-8def-4814-b6fa-b9a97e9f7caf,,DETERMINISTIC_SINGLE_SOURCE,,SFDA,ESCALATE
FZ-01642-282125-450463,106aa8b4-05b0-4878-ac06-08f9020c6473,,REVIEW_REQUIRED,,Suppliers,UNSURE
FZ-01643-245702-258970,9688b172-0f7a-4f2c-b706-0fada679f811,35812949-c40a-42c2-bfea-9c6a10f818cc,REVIEW_REQUIRED,NO_VERIFIABLE_IDENTITY,Contractors,UNSURE
FZ-01644-250405-280301,66d991ce-41a9-4aa7-9139-51b0a63eac6d,ce3b2442-e2e7-4037-a6c7-2927a82286b4,NO_VERIFIABLE_IDENTITY,NO_VERIFIABLE_IDENTITY,Contractors,UNSURE
FZ-01645-287130-531212,767afc4b-4bb5-4278-acba-644635a8c1f8,,DETERMINISTIC_SINGLE_SOURCE,,SFDA,ESCALATE
FZ-01646-283048-488832,47b697d5-9dbe-4d02-928e-3572d949231c,,REVIEW_REQUIRED,,Suppliers,UNSURE
FZ-01647-283128-469569,97f8189a-6244-4e8b-a6af-607a0faee650,,REVIEW_REQUIRED,,Suppliers,UNSURE
FZ-01648-288112-550423,274e94d1-1cf2-44b3-869b-e44c36743d6b,,DETERMINISTIC_SINGLE_SOURCE,,SFDA,ESCALATE
FZ-01649-288120-550426,96468b3a-6510-4e71-98cf-fa90f683e5b3,,DETERMINISTIC_SINGLE_SOURCE,,SFDA,ESCALATE
FZ-01650-239487-252203,51b5c482-c48a-45d0-9b9b-8b25fdbc7518,f38e4fac-3b1d-47d3-abfe-59bc110d5402,NO_VERIFIABLE_IDENTITY,NO_VERIFIABLE_IDENTITY,Contractors,UNSURE
FZ-01651-241180-281073,a97d68a8-c857-4ab6-95f0-6f2f022a4a6e,2243bbb6-51de-4cef-ba87-c6b6173c993d,REVIEW_REQUIRED,REVIEW_REQUIRED,Contractors,UNSURE
FZ-01652-288624-550647,29d64715-ab92-467c-a3bc-f8a2aac9a07d,,DETERMINISTIC_SINGLE_SOURCE,,SFDA,ESCALATE
FZ-01653-227807-278064,f787eb2e-626c-4d6f-9a77-27ded249bf62,f7d3f508-215e-4be4-9003-56383ae4e91b,REVIEW_REQUIRED,NO_VERIFIABLE_IDENTITY,Contractors,UNSURE
FZ-01654-250473-261387,797e8126-cdad-4910-88ea-adbdcf36c519,694badb3-b940-48a1-9bd9-c74475394d85,NO_VERIFIABLE_IDENTITY,NO_VERIFIABLE_IDENTITY,Contractors,UNSURE
FZ-01655-261036-284031,31f1174e-8178-416b-bf26-06514e13f8a8,f33d22fa-a16c-470f-98ac-4212ebd9bcb6,REVIEW_REQUIRED,REVIEW_REQUIRED,Contractors,UNSURE
FZ-01656-240462-249078,73866a66-09c9-42d0-9267-6c3c7ed8ca2a,66332ed5-33c0-48c0-b362-9cf25bb06f00,NO_VERIFIABLE_IDENTITY,NO_VERIFIABLE_IDENTITY,Contractors,UNSURE
FZ-01657-230541-250350,b3fa3239-d8a1-4641-ba1b-d08d9c3027e6,6206551d-9b0a-4256-960b-b1035e6fc541,NO_VERIFIABLE_IDENTITY,NO_VERIFIABLE_IDENTITY,Contractors,UNSURE
FZ-01658-247754-253315,a1b5697d-1413-4c8e-b5ae-d7b27c0a8990,061248e5-c80d-4393-a31b-a950e181393d,NO_VERIFIABLE_IDENTITY,NO_VERIFIABLE_IDENTITY,Contractors,UNSURE
FZ-01659-552865-556097,,,,,Portfolio Master v1 (existing draft),UNSURE
FZ-01660-289869-551066,e872b310-c852-4757-ad44-c41774b768b5,,DETERMINISTIC_SINGLE_SOURCE,,SFDA,ESCALATE
FZ-01661-289933-551098,9c5bc1cd-d466-4dec-b782-49468df5a49f,,DETERMINISTIC_SINGLE_SOURCE,,SFDA,ESCALATE
FZ-01662-290637-523091,9c07464a-5d96-49c8-ab1c-daba965827cf,,DETERMINISTIC_SINGLE_SOURCE,,SFDA,ESCALATE
FZ-01663-252406-484907,d07a6a1c-fdb9-4f4f-b53d-bb4c6ea9c87d,,REVIEW_REQUIRED,,Contractors,UNSURE
FZ-01664-255674-263149,8b19b902-c0e8-4a8c-aa52-5399ccc12646,3efa7cc4-9f6c-492a-a746-23f2a011a56d,NO_VERIFIABLE_IDENTITY,NO_VERIFIABLE_IDENTITY,Contractors,UNSURE
FZ-01665-226990-254520,30c7c1a1-1f05-4c09-9ed1-c924529edd9b,cd48fcd0-4990-4d2b-b9bb-705a354e3c67,NO_VERIFIABLE_IDENTITY,REVIEW_REQUIRED,Contractors,UNSURE
FZ-01666-242954-352870,5167f02d-3df4-49aa-964e-89112e8cd7db,,REVIEW_REQUIRED,,Contractors,UNSURE
FZ-01667-242156-245943,c278a4e3-8acf-40d8-88da-4ef24a8d6a46,9fee5d51-5a5e-42f6-a9d7-ffc7d31093d2,NO_VERIFIABLE_IDENTITY,NO_VERIFIABLE_IDENTITY,Contractors,UNSURE
FZ-01668-300265-555682,8d777b7c-9a6e-4eae-8433-1a332523738b,,DETERMINISTIC_SINGLE_SOURCE,,SFDA,ESCALATE
FZ-01669-299977-555546,068875de-388b-48e5-a176-9d755340f32f,,DETERMINISTIC_SINGLE_SOURCE,,SFDA,ESCALATE
FZ-01670-266874-274076,47e6d307-c031-4a96-b31d-a194a445cff6,44e300a4-3c51-4c2d-9290-a3198ea2b199,NO_VERIFIABLE_IDENTITY,NO_VERIFIABLE_IDENTITY,Contractors,UNSURE
FZ-01671-305020-557675,dd2e330b-2f79-49fa-bc39-47f22c33ea2a,,DETERMINISTIC_SINGLE_SOURCE,,SFDA,ESCALATE
FZ-01672-292747-552518,6954e12e-24ce-49b9-97a4-060dcdf3a4e1,,DETERMINISTIC_SINGLE_SOURCE,,SFDA,ESCALATE
FZ-01673-245027-252510,9d0097bb-db1a-491b-81d6-6894750eb777,649dd8dd-cb23-461b-af68-d0a10a3599a9,NO_VERIFIABLE_IDENTITY,NO_VERIFIABLE_IDENTITY,Contractors,UNSURE
FZ-01674-265071-276545,aef82b1e-af72-4c2f-8968-6f438d87030c,21440f1c-7fa8-413e-b8dc-2c591f089ae0,NO_VERIFIABLE_IDENTITY,NO_VERIFIABLE_IDENTITY,Contractors,UNSURE
FZ-01675-228425-250989,bfc45807-8bb2-4d73-a3bc-3013f8ff3f32,3ea20c2a-0939-4ffe-be0b-69383ba075f4,NO_VERIFIABLE_IDENTITY,NO_VERIFIABLE_IDENTITY,Contractors,UNSURE
FZ-01676-237053-265283,60614170-6304-4e9b-bbc6-33b40617e28d,ad4101e6-baed-46d6-83ba-637e032a5042,NO_VERIFIABLE_IDENTITY,NO_VERIFIABLE_IDENTITY,Contractors,UNSURE
FZ-01677-289675-551042,9625bf3c-a778-4af8-b69a-318424b14843,,DETERMINISTIC_SINGLE_SOURCE,,SFDA,ESCALATE
FZ-01678-276220-278104,fe0d6d3a-5f93-4b50-b644-89dae958ca3d,5039160a-85d9-4440-9173-3c60c8d7427e,REVIEW_REQUIRED,NO_VERIFIABLE_IDENTITY,Contractors,UNSURE
FZ-01679-237886-246301,96440696-e09d-4d94-8741-c093bf0dfb04,072cd2a1-9df2-483a-9493-7ca0aecc8c40,NO_VERIFIABLE_IDENTITY,NO_VERIFIABLE_IDENTITY,Contractors,UNSURE
FZ-01680-238649-261930,8b95053d-e52e-48b7-8f42-fe4644445c87,c449eda5-d7ce-4a82-89b6-84fc13810fd4,NO_VERIFIABLE_IDENTITY,NO_VERIFIABLE_IDENTITY,Contractors,UNSURE
FZ-01681-261930-271217,c449eda5-d7ce-4a82-89b6-84fc13810fd4,92dfa06e-b197-4fa2-a13c-2c158a370725,NO_VERIFIABLE_IDENTITY,NO_VERIFIABLE_IDENTITY,Contractors,UNSURE
FZ-01682-246753-280456,15e32d66-f794-4c31-97a1-607c55693134,8e9e4a5e-9782-4026-bcd5-085dd80352ef,NO_VERIFIABLE_IDENTITY,NO_VERIFIABLE_IDENTITY,Contractors,UNSURE
FZ-01683-303565-557043,6457f0d5-28c4-4cfd-b74f-c7be06e680f5,,DETERMINISTIC_SINGLE_SOURCE,,SFDA,ESCALATE
FZ-01684-228462-255047,f1909ffe-e3f1-4a2b-b931-f9c032e019a4,3363ceb2-6fe0-46d1-adab-a244a202d1c5,NO_VERIFIABLE_IDENTITY,NO_VERIFIABLE_IDENTITY,Contractors,UNSURE
FZ-01685-235771-255047,545aaf70-e6ec-4b41-af46-bc249f85cdff,3363ceb2-6fe0-46d1-adab-a244a202d1c5,NO_VERIFIABLE_IDENTITY,NO_VERIFIABLE_IDENTITY,Contractors,UNSURE
FZ-01686-267310-271583,23dba76c-45c6-448d-ac11-d67962b32852,6cf942b9-4f94-43fd-98c3-627c12fc43cc,NO_VERIFIABLE_IDENTITY,NO_VERIFIABLE_IDENTITY,Contractors,UNSURE
FZ-01687-299574-555345,2b918a6f-7fca-4398-9458-2a7d722be408,,DETERMINISTIC_SINGLE_SOURCE,,SFDA,ESCALATE
FZ-01688-299574-555350,2b918a6f-7fca-4398-9458-2a7d722be408,,DETERMINISTIC_SINGLE_SOURCE,,SFDA,ESCALATE
FZ-01689-555345-555350,,,,,Portfolio Master v1 (existing draft),UNSURE
FZ-01690-230527-274478,be92c355-b602-4345-9c07-548cd362070c,769047f3-1ebd-443b-b402-3014be26c583,NO_VERIFIABLE_IDENTITY,NO_VERIFIABLE_IDENTITY,Contractors,UNSURE
FZ-01691-228646-276674,b9068dbf-1754-402b-b761-a7d70fa3c868,f8354f19-8bbf-4567-94ef-9ce4bbd7fa59,NO_VERIFIABLE_IDENTITY,NO_VERIFIABLE_IDENTITY,Contractors,UNSURE
FZ-01692-240842-273540,1c6bdc29-5038-487c-b9ec-c3d1440b6172,5bf6cb60-a6b3-4973-8388-75c77fb50d1f,NO_VERIFIABLE_IDENTITY,NO_VERIFIABLE_IDENTITY,Contractors,UNSURE
FZ-01693-269083-271673,96a9abbc-89a6-4f34-b619-77258511aa1c,5306c9b4-a4e5-42eb-b3fa-ec6961fd9f61,NO_VERIFIABLE_IDENTITY,NO_VERIFIABLE_IDENTITY,Contractors,UNSURE
FZ-01694-225778-260896,a9392f5b-c647-42d1-ae76-f20ad6529a79,27cd1cbc-2893-4eed-90dd-c54bf4a0a6f8,NO_VERIFIABLE_IDENTITY,REVIEW_REQUIRED,Contractors,UNSURE
FZ-01695-272519-274170,f76f6494-fb55-4415-aede-04bda818a181,220432c4-1558-41b6-a7d5-d8b40469b740,NO_VERIFIABLE_IDENTITY,NO_VERIFIABLE_IDENTITY,Contractors,UNSURE
FZ-01696-230245-253418,1c777d55-597a-4304-b840-c3aee9c37df6,cefdaffe-4756-42a8-be18-07ad07e33280,NO_VERIFIABLE_IDENTITY,NO_VERIFIABLE_IDENTITY,Contractors,UNSURE
FZ-01697-240249-299346,a30f2b51-ffd8-45c1-b370-409fbc897726,86ce973b-0eaa-468b-86b0-50bb0b734df7,REVIEW_REQUIRED,DETERMINISTIC_SINGLE_SOURCE,Contractors,ESCALATE
FZ-01698-244509-266783,0149c465-d0f6-4885-8808-7f8723f4fc51,0ac6dbe5-7e1b-4d24-bc0d-acf425aab980,NO_VERIFIABLE_IDENTITY,REVIEW_REQUIRED,Contractors,UNSURE
FZ-01699-258186-262719,f3b5a947-99e1-4327-b7a9-b9a2a4f6f0bb,735d7c95-7f95-4dfa-b0db-64d1a6362388,NO_VERIFIABLE_IDENTITY,NO_VERIFIABLE_IDENTITY,Contractors,UNSURE
FZ-01700-238096-278339,f24eb1a2-a474-4336-b0dd-3ad13865d834,10ca23f7-23ea-4c89-8d3f-681b4d8717fd,REVIEW_REQUIRED,REVIEW_REQUIRED,Contractors,UNSURE
FZ-01701-230320-254960,afefa5d2-c18f-41a5-9f1e-152eb048f8f2,df7bfc1e-cb7d-45cb-813b-9e40e903dd6c,NO_VERIFIABLE_IDENTITY,NO_VERIFIABLE_IDENTITY,Contractors,UNSURE
FZ-01702-251450-251806,33471dd4-d41c-409a-81c0-708439c33092,b944c0bd-fc44-4f13-8179-12ffda6b1a0e,NO_VERIFIABLE_IDENTITY,NO_VERIFIABLE_IDENTITY,Contractors,UNSURE
FZ-01703-231354-252175,c12fcf08-f4da-4900-8487-9a052d8d928a,1a5fc71b-2e7e-49b1-86aa-c3c53c9ccb88,NO_VERIFIABLE_IDENTITY,NO_VERIFIABLE_IDENTITY,Contractors,UNSURE
FZ-01704-238583-258041,622981e2-8416-4738-a1a9-bdd92440f21f,95b5efaf-d217-4610-a321-ef531bb8138c,NO_VERIFIABLE_IDENTITY,NO_VERIFIABLE_IDENTITY,Contractors,UNSURE
FZ-01705-241151-263569,f62a7f52-58f3-4d78-86d5-47f82d590e88,63531c66-a36b-481c-8c41-6b0556bc9eda,NO_VERIFIABLE_IDENTITY,NO_VERIFIABLE_IDENTITY,Contractors,UNSURE
FZ-01706-249439-262790,10ba781e-5a7a-439c-8e36-79c8426a0bb2,fbfecb22-2059-4bd3-bbb3-52824fbd4b4a,NO_VERIFIABLE_IDENTITY,NO_VERIFIABLE_IDENTITY,Contractors,UNSURE
FZ-01707-232558-243278,59af8951-8e01-4609-88f2-55000ceb70b4,078efb2f-d956-4047-8c3c-a6ea1111d920,NO_VERIFIABLE_IDENTITY,NO_VERIFIABLE_IDENTITY,Contractors,UNSURE
FZ-01708-227062-247156,d4580d1d-e7d0-429d-a56a-0f2ce6bf8c9e,98059b0f-fb17-49d9-be63-fce2daa08ffa,NO_VERIFIABLE_IDENTITY,NO_VERIFIABLE_IDENTITY,Contractors,UNSURE
FZ-01709-240747-252508,d12ba819-5a4b-4c49-aada-02742b284af3,35300dfe-876f-4269-8bd9-1743a9361eca,NO_VERIFIABLE_IDENTITY,NO_VERIFIABLE_IDENTITY,Contractors,UNSURE
FZ-01710-252508-278984,35300dfe-876f-4269-8bd9-1743a9361eca,04476e34-d4c0-42fb-b722-a23f378fb16a,NO_VERIFIABLE_IDENTITY,NO_VERIFIABLE_IDENTITY,Contractors,UNSURE
FZ-01711-238191-253411,8d4e121e-f221-49c4-9d8d-f3a4ead780b3,a656db40-c9c6-4309-ba4f-0c95cc21c1d4,NO_VERIFIABLE_IDENTITY,NO_VERIFIABLE_IDENTITY,Contractors,UNSURE
FZ-01712-235377-280061,e1194a09-90cc-46a8-afa1-caacdc239a92,c4716e96-f7df-4cfe-9106-eec1e91687b3,NO_VERIFIABLE_IDENTITY,NO_VERIFIABLE_IDENTITY,Contractors,UNSURE
FZ-01713-261163-273851,ddf1dd97-4705-4071-a398-6e20539cfbe3,b77450d0-4a28-41a4-a681-cd3bf495f46a,NO_VERIFIABLE_IDENTITY,NO_VERIFIABLE_IDENTITY,Contractors,UNSURE
FZ-01714-273261-277524,e7dbaa17-0a52-4e21-8f0e-30f3d88e3582,0a729aea-0b3d-4f0a-991d-0b60840db925,NO_VERIFIABLE_IDENTITY,NO_VERIFIABLE_IDENTITY,Contractors,UNSURE
FZ-01715-249033-274003,154f02d5-8918-41dd-870e-28254dc3b4f6,df8e66e5-f2de-4631-b558-068c7c945686,NO_VERIFIABLE_IDENTITY,NO_VERIFIABLE_IDENTITY,Contractors,UNSURE
FZ-01716-273745-281196,32140b16-ddae-45fa-be5c-5a48a15de8c8,2e12a1e8-d173-480d-a772-e0a72d2965ff,NO_VERIFIABLE_IDENTITY,NO_VERIFIABLE_IDENTITY,Contractors,UNSURE
FZ-01717-243116-249510,e96c0a84-0b73-4043-964c-f76b7f8d6bbd,4790b911-2b8f-4000-99bf-24c74d6504ad,NO_VERIFIABLE_IDENTITY,NO_VERIFIABLE_IDENTITY,Contractors,UNSURE
FZ-01718-248756-253681,6b78339d-6195-4d1a-9ace-8fec3f3fb2e0,f011fd1c-9742-4605-8ea9-1d2231231101,NO_VERIFIABLE_IDENTITY,NO_VERIFIABLE_IDENTITY,Contractors,UNSURE
FZ-01719-251169-277739,51cd1ca2-6353-4673-826a-c7c3ed1630e3,fa951dbe-17a8-4f84-a71a-c8c9d032a1e3,NO_VERIFIABLE_IDENTITY,NO_VERIFIABLE_IDENTITY,Contractors,UNSURE
FZ-01720-261412-268135,edc8b448-6434-441a-97ff-8b994e322a98,2e254266-e4c7-4194-8f72-324c4ff4ea19,NO_VERIFIABLE_IDENTITY,NO_VERIFIABLE_IDENTITY,Contractors,UNSURE
FZ-01721-235937-271340,2d8e16a1-5888-40ce-9292-7043a15dd102,99537c5f-541d-48e3-958a-3859dd83c7fa,NO_VERIFIABLE_IDENTITY,NO_VERIFIABLE_IDENTITY,Contractors,UNSURE
FZ-01722-236291-271340,514e1919-09aa-4b4b-bb0c-9f35863b8cd3,99537c5f-541d-48e3-958a-3859dd83c7fa,NO_VERIFIABLE_IDENTITY,NO_VERIFIABLE_IDENTITY,Contractors,UNSURE
FZ-01723-301466-556145,d7357df0-21c4-4f73-a86d-6b1d2f81e3fd,,DETERMINISTIC_SINGLE_SOURCE,,SFDA,ESCALATE
FZ-01724-298499-554893,4ec1c696-baee-40af-bfdd-f6898a307565,,DETERMINISTIC_SINGLE_SOURCE,,SFDA,ESCALATE
FZ-01725-290079-551142,0b68b6d4-f9d4-4ab6-b2f7-edecd074007d,,DETERMINISTIC_SINGLE_SOURCE,,SFDA,ESCALATE
FZ-01726-231711-243873,3ed73820-b7f7-4e2d-bc64-f8f57bcce786,0d48452c-8521-4e57-8c9c-ada1fcd800f1,NO_VERIFIABLE_IDENTITY,NO_VERIFIABLE_IDENTITY,Contractors,UNSURE
FZ-01727-229520-254160,0a3e6177-1a77-4ab9-8a0a-4935472c2322,925ffff0-1dd5-4a9c-b10d-c1aca188480b,NO_VERIFIABLE_IDENTITY,NO_VERIFIABLE_IDENTITY,Contractors,UNSURE
FZ-01728-237412-270734,2f78dcf3-e8bb-4da8-a208-03c2405b8664,615df0ba-5671-4dc3-a0ac-b9bbb8f6b39f,REVIEW_REQUIRED,NO_VERIFIABLE_IDENTITY,Contractors,UNSURE
FZ-01729-262998-268074,c3b97068-b04f-4659-91a6-ac067d6fc6d1,1cae2d58-9fb5-49a4-b335-de74d8204db4,REVIEW_REQUIRED,REVIEW_REQUIRED,Contractors,UNSURE
FZ-01730-261593-262327,a2c73686-2aab-43e0-941f-2c4468d5b6a2,84414ac6-a413-4a0f-9bc3-cdb7245d0cff,NO_VERIFIABLE_IDENTITY,NO_VERIFIABLE_IDENTITY,Contractors,UNSURE
FZ-01731-262642-266977,4a01acfb-8619-4102-81b8-66e4b582d618,ca2ddc85-0cf6-49aa-8fcc-bfbccac150af,NO_VERIFIABLE_IDENTITY,NO_VERIFIABLE_IDENTITY,Contractors,UNSURE
FZ-01732-265872-275907,a424cd1c-5453-430b-bb1e-7fe5ce39e0ce,61116ddc-0e3e-41a4-be54-bf314cbd53e1,NO_VERIFIABLE_IDENTITY,NO_VERIFIABLE_IDENTITY,Contractors,UNSURE
FZ-01733-235850-269750,92fe02e9-93e5-4fe7-b98b-b4ba251aef87,a08d4e3e-d8d3-4dcc-9eca-c54f48ca3923,NO_VERIFIABLE_IDENTITY,NO_VERIFIABLE_IDENTITY,Contractors,UNSURE
FZ-01734-294593-553297,9c2adfe3-4ed5-41e6-bc3e-4d183f85a6fd,,DETERMINISTIC_SINGLE_SOURCE,,SFDA,ESCALATE
FZ-01735-292359-483389,512070ea-835d-407f-be26-b6fdba9c77d6,,DETERMINISTIC_SINGLE_SOURCE,,SFDA,ESCALATE
FZ-01736-301028-555962,313a6e39-9e64-4e85-9ecb-924bea2531ac,,DETERMINISTIC_SINGLE_SOURCE,,SFDA,ESCALATE
FZ-01737-304279-557369,72e5517d-b92b-4d3a-92e3-c0bf746a8469,,DETERMINISTIC_SINGLE_SOURCE,,SFDA,ESCALATE
FZ-01738-234058-252124,db234734-bee8-4d06-af0d-d04918e366aa,1eec6444-1ead-4e81-a550-06a0a58716ce,NO_VERIFIABLE_IDENTITY,NO_VERIFIABLE_IDENTITY,Contractors,UNSURE
FZ-01739-276576-279970,7ccfc00f-4a65-4a2b-86b1-7735d44796c2,288b6d41-95b3-4d7c-8f63-28d7389210b7,NO_VERIFIABLE_IDENTITY,NO_VERIFIABLE_IDENTITY,Contractors,UNSURE
FZ-01740-241743-282566,52e4aaed-22da-44e8-8b68-5c251049f6b8,a56c41fb-f322-4012-9b06-6107b3e4de4a,REVIEW_REQUIRED,REVIEW_REQUIRED,Contractors,UNSURE
FZ-01741-295544-553759,31a21701-74b6-4be3-84c0-f229cd25d05f,,DETERMINISTIC_SINGLE_SOURCE,,SFDA,ESCALATE
FZ-01742-237831-276586,982c5183-e2b9-4ffb-a4d3-675281f4529a,2d042a7a-8fcb-48b0-bd12-fb456e9abcc9,NO_VERIFIABLE_IDENTITY,NO_VERIFIABLE_IDENTITY,Contractors,UNSURE
FZ-01743-254134-258799,44549efa-2029-4572-8010-4a77cdb4fbe0,b80ad60a-5139-4e8e-a869-8385914e3026,NO_VERIFIABLE_IDENTITY,NO_VERIFIABLE_IDENTITY,Contractors,UNSURE
FZ-01744-287482-550133,c8ed89f0-fdac-4013-9d7a-c4373dd871f9,,DETERMINISTIC_SINGLE_SOURCE,,SFDA,ESCALATE
FZ-01745-300616-555780,4c69bc34-43df-48c2-ba11-5d3e3e6a8e9b,,DETERMINISTIC_SINGLE_SOURCE,,SFDA,ESCALATE
FZ-01746-225734-245852,f2c5080d-2d8d-41ab-b89f-e3f981734d1b,86fafdaa-1669-4f42-b100-1f0eefb6b46b,NO_VERIFIABLE_IDENTITY,NO_VERIFIABLE_IDENTITY,Contractors,UNSURE
FZ-01747-237980-273363,ff3ccae0-0714-49e0-a1de-a39068f42e12,3fb1ab72-97d1-4ed8-911b-1d1d4d25eb59,NO_VERIFIABLE_IDENTITY,NO_VERIFIABLE_IDENTITY,Contractors,UNSURE
FZ-01748-242588-263170,ac258c1f-b9cd-4464-99c4-e3c51e980d71,92d9e3bd-e018-40c9-94e4-b610ad83f1fa,NO_VERIFIABLE_IDENTITY,NO_VERIFIABLE_IDENTITY,Contractors,UNSURE
FZ-01749-245852-273363,86fafdaa-1669-4f42-b100-1f0eefb6b46b,3fb1ab72-97d1-4ed8-911b-1d1d4d25eb59,NO_VERIFIABLE_IDENTITY,NO_VERIFIABLE_IDENTITY,Contractors,UNSURE
FZ-01750-252140-261783,6f8d9796-9ef1-4a3a-8c40-22f668c53790,716ba97d-d023-4439-a0f9-cb7a708f830d,NO_VERIFIABLE_IDENTITY,NO_VERIFIABLE_IDENTITY,Contractors,UNSURE
FZ-01751-255734-261020,9cbe9775-1535-4951-90e8-4b2e6ef64827,0119224e-7091-4854-a6fe-63b936b0d982,NO_VERIFIABLE_IDENTITY,NO_VERIFIABLE_IDENTITY,Contractors,UNSURE
FZ-01752-230593-233894,e1a900a3-afc8-4362-b7ce-9a1ac73626e8,93e853b7-caf6-42e8-8533-443f7d1154c5,NO_VERIFIABLE_IDENTITY,NO_VERIFIABLE_IDENTITY,Contractors,UNSURE
FZ-01753-234144-252310,3d52ea98-b258-466b-b41c-3ca1c7591862,4bdf6ff7-4150-43c7-834f-7478195c9b2e,NO_VERIFIABLE_IDENTITY,NO_VERIFIABLE_IDENTITY,Contractors,UNSURE
FZ-01754-234822-273313,3d517a72-cbaf-4f8e-bb4f-784d23aa7625,47d0b06a-4091-4bbe-8fe0-3c49e652fb50,NO_VERIFIABLE_IDENTITY,NO_VERIFIABLE_IDENTITY,Contractors,UNSURE
FZ-01755-226092-267909,1f52082c-cc29-484d-accf-4b3eaad26339,ec579926-07d5-4bb8-93fc-71b33b370877,NO_VERIFIABLE_IDENTITY,NO_VERIFIABLE_IDENTITY,Contractors,UNSURE
FZ-01756-295337-553672,6efa8558-5a36-46be-928e-2e823250d64f,,DETERMINISTIC_SINGLE_SOURCE,,SFDA,ESCALATE
FZ-01757-299313-555211,945932ff-cf24-4064-a3a1-12a76b772620,,DETERMINISTIC_SINGLE_SOURCE,,SFDA,ESCALATE
FZ-01758-239318-245988,90dc1961-75c5-42b5-aaa1-856b5fd96c40,0c024593-55d3-4c51-87fd-9de550789674,NO_VERIFIABLE_IDENTITY,NO_VERIFIABLE_IDENTITY,Contractors,UNSURE
FZ-01759-296416-553976,81eb9856-5084-4a40-9f22-f9975ae62ee1,,DETERMINISTIC_SINGLE_SOURCE,,SFDA,ESCALATE
FZ-01760-295376-485175,cf71ade5-7a9b-4e78-8279-97d708728b70,,DETERMINISTIC_SINGLE_SOURCE,,SFDA,ESCALATE
FZ-01761-299540-555336,4925effd-e0a1-4332-8118-83276ef00841,,DETERMINISTIC_SINGLE_SOURCE,,SFDA,ESCALATE
FZ-01762-301439-556132,cbe02c77-0392-4a38-9201-43f5c0e732b6,,DETERMINISTIC_SINGLE_SOURCE,,SFDA,ESCALATE
FZ-01763-302022-556369,93a83231-93e9-4524-b3eb-0974861272ea,,DETERMINISTIC_SINGLE_SOURCE,,SFDA,ESCALATE
FZ-01764-565541-565551,,,,,Portfolio Master v1 (existing draft),UNSURE
FZ-01765-565541-565553,,,,,Portfolio Master v1 (existing draft),UNSURE
FZ-01766-565541-565556,,,,,Portfolio Master v1 (existing draft),UNSURE
FZ-01767-565541-565559,,,,,Portfolio Master v1 (existing draft),UNSURE
FZ-01768-565541-565565,,,,,Portfolio Master v1 (existing draft),UNSURE
FZ-01769-565541-565587,,,,,Portfolio Master v1 (existing draft),UNSURE
FZ-01770-565541-565590,,,,,Portfolio Master v1 (existing draft),UNSURE
FZ-01771-565541-565611,,,,,Portfolio Master v1 (existing draft),UNSURE
FZ-01772-565541-565613,,,,,Portfolio Master v1 (existing draft),UNSURE
FZ-01773-565541-565617,,,,,Portfolio Master v1 (existing draft),UNSURE
FZ-01774-565541-565711,,,,,Portfolio Master v1 (existing draft),UNSURE
FZ-01775-565541-565718,,,,,Portfolio Master v1 (existing draft),UNSURE
FZ-01776-565541-565729,,,,,Portfolio Master v1 (existing draft),UNSURE
FZ-01777-565541-565759,,,,,Portfolio Master v1 (existing draft),UNSURE
FZ-01778-565541-565761,,,,,Portfolio Master v1 (existing draft),UNSURE
FZ-01779-565541-565788,,,,,Portfolio Master v1 (existing draft),UNSURE
FZ-01780-565541-565791,,,,,Portfolio Master v1 (existing draft),UNSURE
FZ-01781-565541-565801,,,,,Portfolio Master v1 (existing draft),UNSURE
FZ-01782-565541-565810,,,,,Portfolio Master v1 (existing draft),UNSURE
FZ-01783-565541-565813,,,,,Portfolio Master v1 (existing draft),UNSURE
FZ-01784-565541-565814,,,,,Portfolio Master v1 (existing draft),UNSURE
FZ-01785-565541-565841,,,,,Portfolio Master v1 (existing draft),UNSURE
FZ-01786-565541-565853,,,,,Portfolio Master v1 (existing draft),UNSURE
FZ-01787-565541-565878,,,,,Portfolio Master v1 (existing draft),UNSURE
FZ-01788-565541-565882,,,,,Portfolio Master v1 (existing draft),UNSURE
FZ-01789-565541-565906,,,,,Portfolio Master v1 (existing draft),UNSURE
FZ-01790-565541-565927,,,,,Portfolio Master v1 (existing draft),UNSURE
FZ-01791-565541-565947,,,,,Portfolio Master v1 (existing draft),UNSURE
FZ-01792-565541-565969,,,,,Portfolio Master v1 (existing draft),UNSURE
FZ-01793-565541-565974,,,,,Portfolio Master v1 (existing draft),UNSURE
FZ-01794-565541-565978,,,,,Portfolio Master v1 (existing draft),UNSURE
FZ-01795-565541-565986,,,,,Portfolio Master v1 (existing draft),UNSURE
FZ-01796-565541-565994,,,,,Portfolio Master v1 (existing draft),UNSURE
FZ-01797-565551-565553,,,,,Portfolio Master v1 (existing draft),UNSURE
FZ-01798-565551-565556,,,,,Portfolio Master v1 (existing draft),UNSURE
FZ-01799-565551-565559,,,,,Portfolio Master v1 (existing draft),UNSURE
FZ-01800-565551-565565,,,,,Portfolio Master v1 (existing draft),UNSURE
FZ-01801-565551-565587,,,,,Portfolio Master v1 (existing draft),UNSURE
FZ-01802-565551-565590,,,,,Portfolio Master v1 (existing draft),UNSURE
FZ-01803-565551-565611,,,,,Portfolio Master v1 (existing draft),UNSURE
FZ-01804-565551-565613,,,,,Portfolio Master v1 (existing draft),UNSURE
FZ-01805-565551-565617,,,,,Portfolio Master v1 (existing draft),UNSURE
FZ-01806-565551-565711,,,,,Portfolio Master v1 (existing draft),UNSURE
FZ-01807-565551-565718,,,,,Portfolio Master v1 (existing draft),UNSURE
FZ-01808-565551-565729,,,,,Portfolio Master v1 (existing draft),UNSURE
FZ-01809-565551-565759,,,,,Portfolio Master v1 (existing draft),UNSURE
FZ-01810-565551-565761,,,,,Portfolio Master v1 (existing draft),UNSURE
FZ-01811-565551-565788,,,,,Portfolio Master v1 (existing draft),UNSURE
FZ-01812-565551-565791,,,,,Portfolio Master v1 (existing draft),UNSURE
FZ-01813-565551-565801,,,,,Portfolio Master v1 (existing draft),UNSURE
FZ-01814-565551-565810,,,,,Portfolio Master v1 (existing draft),UNSURE
FZ-01815-565551-565813,,,,,Portfolio Master v1 (existing draft),UNSURE
FZ-01816-565551-565814,,,,,Portfolio Master v1 (existing draft),UNSURE
FZ-01817-565551-565841,,,,,Portfolio Master v1 (existing draft),UNSURE
FZ-01818-565551-565853,,,,,Portfolio Master v1 (existing draft),UNSURE
FZ-01819-565551-565878,,,,,Portfolio Master v1 (existing draft),UNSURE
FZ-01820-565551-565882,,,,,Portfolio Master v1 (existing draft),UNSURE
FZ-01821-565551-565906,,,,,Portfolio Master v1 (existing draft),UNSURE
FZ-01822-565551-565927,,,,,Portfolio Master v1 (existing draft),UNSURE
FZ-01823-565551-565947,,,,,Portfolio Master v1 (existing draft),UNSURE
FZ-01824-565551-565969,,,,,Portfolio Master v1 (existing draft),UNSURE
FZ-01825-565551-565974,,,,,Portfolio Master v1 (existing draft),UNSURE
FZ-01826-565551-565978,,,,,Portfolio Master v1 (existing draft),UNSURE
FZ-01827-565551-565986,,,,,Portfolio Master v1 (existing draft),UNSURE
FZ-01828-565551-565994,,,,,Portfolio Master v1 (existing draft),UNSURE
FZ-01829-565553-565556,,,,,Portfolio Master v1 (existing draft),UNSURE
FZ-01830-565553-565559,,,,,Portfolio Master v1 (existing draft),UNSURE
FZ-01831-565553-565565,,,,,Portfolio Master v1 (existing draft),UNSURE
FZ-01832-565553-565587,,,,,Portfolio Master v1 (existing draft),UNSURE
FZ-01833-565553-565590,,,,,Portfolio Master v1 (existing draft),UNSURE
FZ-01834-565553-565611,,,,,Portfolio Master v1 (existing draft),UNSURE
FZ-01835-565553-565613,,,,,Portfolio Master v1 (existing draft),UNSURE
FZ-01836-565553-565617,,,,,Portfolio Master v1 (existing draft),UNSURE
FZ-01837-565553-565711,,,,,Portfolio Master v1 (existing draft),UNSURE
FZ-01838-565553-565718,,,,,Portfolio Master v1 (existing draft),UNSURE
FZ-01839-565553-565729,,,,,Portfolio Master v1 (existing draft),UNSURE
FZ-01840-565553-565759,,,,,Portfolio Master v1 (existing draft),UNSURE
FZ-01841-565553-565761,,,,,Portfolio Master v1 (existing draft),UNSURE
FZ-01842-565553-565788,,,,,Portfolio Master v1 (existing draft),UNSURE
FZ-01843-565553-565791,,,,,Portfolio Master v1 (existing draft),UNSURE
FZ-01844-565553-565801,,,,,Portfolio Master v1 (existing draft),UNSURE
FZ-01845-565553-565810,,,,,Portfolio Master v1 (existing draft),UNSURE
FZ-01846-565553-565813,,,,,Portfolio Master v1 (existing draft),UNSURE
FZ-01847-565553-565814,,,,,Portfolio Master v1 (existing draft),UNSURE
FZ-01848-565553-565841,,,,,Portfolio Master v1 (existing draft),UNSURE
FZ-01849-565553-565853,,,,,Portfolio Master v1 (existing draft),UNSURE
FZ-01850-565553-565878,,,,,Portfolio Master v1 (existing draft),UNSURE
FZ-01851-565553-565882,,,,,Portfolio Master v1 (existing draft),UNSURE
FZ-01852-565553-565906,,,,,Portfolio Master v1 (existing draft),UNSURE
FZ-01853-565553-565927,,,,,Portfolio Master v1 (existing draft),UNSURE
FZ-01854-565553-565947,,,,,Portfolio Master v1 (existing draft),UNSURE
FZ-01855-565553-565969,,,,,Portfolio Master v1 (existing draft),UNSURE
FZ-01856-565553-565974,,,,,Portfolio Master v1 (existing draft),UNSURE
FZ-01857-565553-565978,,,,,Portfolio Master v1 (existing draft),UNSURE
FZ-01858-565553-565986,,,,,Portfolio Master v1 (existing draft),UNSURE
FZ-01859-565553-565994,,,,,Portfolio Master v1 (existing draft),UNSURE
FZ-01860-565556-565559,,,,,Portfolio Master v1 (existing draft),UNSURE
FZ-01861-565556-565565,,,,,Portfolio Master v1 (existing draft),UNSURE
FZ-01862-565556-565587,,,,,Portfolio Master v1 (existing draft),UNSURE
FZ-01863-565556-565590,,,,,Portfolio Master v1 (existing draft),UNSURE
FZ-01864-565556-565611,,,,,Portfolio Master v1 (existing draft),UNSURE
FZ-01865-565556-565613,,,,,Portfolio Master v1 (existing draft),UNSURE
FZ-01866-565556-565617,,,,,Portfolio Master v1 (existing draft),UNSURE
FZ-01867-565556-565711,,,,,Portfolio Master v1 (existing draft),UNSURE
FZ-01868-565556-565718,,,,,Portfolio Master v1 (existing draft),UNSURE
FZ-01869-565556-565729,,,,,Portfolio Master v1 (existing draft),UNSURE
FZ-01870-565556-565759,,,,,Portfolio Master v1 (existing draft),UNSURE
FZ-01871-565556-565761,,,,,Portfolio Master v1 (existing draft),UNSURE
FZ-01872-565556-565788,,,,,Portfolio Master v1 (existing draft),UNSURE
FZ-01873-565556-565791,,,,,Portfolio Master v1 (existing draft),UNSURE
FZ-01874-565556-565801,,,,,Portfolio Master v1 (existing draft),UNSURE
FZ-01875-565556-565810,,,,,Portfolio Master v1 (existing draft),UNSURE
FZ-01876-565556-565813,,,,,Portfolio Master v1 (existing draft),UNSURE
FZ-01877-565556-565814,,,,,Portfolio Master v1 (existing draft),UNSURE
FZ-01878-565556-565841,,,,,Portfolio Master v1 (existing draft),UNSURE
FZ-01879-565556-565853,,,,,Portfolio Master v1 (existing draft),UNSURE
FZ-01880-565556-565878,,,,,Portfolio Master v1 (existing draft),UNSURE
FZ-01881-565556-565882,,,,,Portfolio Master v1 (existing draft),UNSURE
FZ-01882-565556-565906,,,,,Portfolio Master v1 (existing draft),UNSURE
FZ-01883-565556-565927,,,,,Portfolio Master v1 (existing draft),UNSURE
FZ-01884-565556-565947,,,,,Portfolio Master v1 (existing draft),UNSURE
FZ-01885-565556-565969,,,,,Portfolio Master v1 (existing draft),UNSURE
FZ-01886-565556-565974,,,,,Portfolio Master v1 (existing draft),UNSURE
FZ-01887-565556-565978,,,,,Portfolio Master v1 (existing draft),UNSURE
FZ-01888-565556-565986,,,,,Portfolio Master v1 (existing draft),UNSURE
FZ-01889-565556-565994,,,,,Portfolio Master v1 (existing draft),UNSURE
FZ-01890-565559-565565,,,,,Portfolio Master v1 (existing draft),UNSURE
FZ-01891-565559-565587,,,,,Portfolio Master v1 (existing draft),UNSURE
FZ-01892-565559-565590,,,,,Portfolio Master v1 (existing draft),UNSURE
FZ-01893-565559-565611,,,,,Portfolio Master v1 (existing draft),UNSURE
FZ-01894-565559-565613,,,,,Portfolio Master v1 (existing draft),UNSURE
FZ-01895-565559-565617,,,,,Portfolio Master v1 (existing draft),UNSURE
FZ-01896-565559-565711,,,,,Portfolio Master v1 (existing draft),UNSURE
FZ-01897-565559-565718,,,,,Portfolio Master v1 (existing draft),UNSURE
FZ-01898-565559-565729,,,,,Portfolio Master v1 (existing draft),UNSURE
FZ-01899-565559-565759,,,,,Portfolio Master v1 (existing draft),UNSURE
FZ-01900-565559-565761,,,,,Portfolio Master v1 (existing draft),UNSURE
FZ-01901-565559-565788,,,,,Portfolio Master v1 (existing draft),UNSURE
FZ-01902-565559-565791,,,,,Portfolio Master v1 (existing draft),UNSURE
FZ-01903-565559-565801,,,,,Portfolio Master v1 (existing draft),UNSURE
FZ-01904-565559-565810,,,,,Portfolio Master v1 (existing draft),UNSURE
FZ-01905-565559-565813,,,,,Portfolio Master v1 (existing draft),UNSURE
FZ-01906-565559-565814,,,,,Portfolio Master v1 (existing draft),UNSURE
FZ-01907-565559-565841,,,,,Portfolio Master v1 (existing draft),UNSURE
FZ-01908-565559-565853,,,,,Portfolio Master v1 (existing draft),UNSURE
FZ-01909-565559-565878,,,,,Portfolio Master v1 (existing draft),UNSURE
FZ-01910-565559-565882,,,,,Portfolio Master v1 (existing draft),UNSURE
FZ-01911-565559-565906,,,,,Portfolio Master v1 (existing draft),UNSURE
FZ-01912-565559-565927,,,,,Portfolio Master v1 (existing draft),UNSURE
FZ-01913-565559-565947,,,,,Portfolio Master v1 (existing draft),UNSURE
FZ-01914-565559-565969,,,,,Portfolio Master v1 (existing draft),UNSURE
FZ-01915-565559-565974,,,,,Portfolio Master v1 (existing draft),UNSURE
FZ-01916-565559-565978,,,,,Portfolio Master v1 (existing draft),UNSURE
FZ-01917-565559-565986,,,,,Portfolio Master v1 (existing draft),UNSURE
FZ-01918-565559-565994,,,,,Portfolio Master v1 (existing draft),UNSURE
FZ-01919-565565-565587,,,,,Portfolio Master v1 (existing draft),UNSURE
FZ-01920-565565-565590,,,,,Portfolio Master v1 (existing draft),UNSURE
FZ-01921-565565-565611,,,,,Portfolio Master v1 (existing draft),UNSURE
FZ-01922-565565-565613,,,,,Portfolio Master v1 (existing draft),UNSURE
FZ-01923-565565-565617,,,,,Portfolio Master v1 (existing draft),UNSURE
FZ-01924-565565-565711,,,,,Portfolio Master v1 (existing draft),UNSURE
FZ-01925-565565-565718,,,,,Portfolio Master v1 (existing draft),UNSURE
FZ-01926-565565-565729,,,,,Portfolio Master v1 (existing draft),UNSURE
FZ-01927-565565-565759,,,,,Portfolio Master v1 (existing draft),UNSURE
FZ-01928-565565-565761,,,,,Portfolio Master v1 (existing draft),UNSURE
FZ-01929-565565-565788,,,,,Portfolio Master v1 (existing draft),UNSURE
FZ-01930-565565-565791,,,,,Portfolio Master v1 (existing draft),UNSURE
FZ-01931-565565-565801,,,,,Portfolio Master v1 (existing draft),UNSURE
FZ-01932-565565-565810,,,,,Portfolio Master v1 (existing draft),UNSURE
FZ-01933-565565-565813,,,,,Portfolio Master v1 (existing draft),UNSURE
FZ-01934-565565-565814,,,,,Portfolio Master v1 (existing draft),UNSURE
FZ-01935-565565-565841,,,,,Portfolio Master v1 (existing draft),UNSURE
FZ-01936-565565-565853,,,,,Portfolio Master v1 (existing draft),UNSURE
FZ-01937-565565-565878,,,,,Portfolio Master v1 (existing draft),UNSURE
FZ-01938-565565-565882,,,,,Portfolio Master v1 (existing draft),UNSURE
FZ-01939-565565-565906,,,,,Portfolio Master v1 (existing draft),UNSURE
FZ-01940-565565-565927,,,,,Portfolio Master v1 (existing draft),UNSURE
FZ-01941-565565-565947,,,,,Portfolio Master v1 (existing draft),UNSURE
FZ-01942-565565-565969,,,,,Portfolio Master v1 (existing draft),UNSURE
FZ-01943-565565-565974,,,,,Portfolio Master v1 (existing draft),UNSURE
FZ-01944-565565-565978,,,,,Portfolio Master v1 (existing draft),UNSURE
FZ-01945-565565-565986,,,,,Portfolio Master v1 (existing draft),UNSURE
FZ-01946-565565-565994,,,,,Portfolio Master v1 (existing draft),UNSURE
FZ-01947-565587-565590,,,,,Portfolio Master v1 (existing draft),UNSURE
FZ-01948-565587-565611,,,,,Portfolio Master v1 (existing draft),UNSURE
FZ-01949-565587-565613,,,,,Portfolio Master v1 (existing draft),UNSURE
FZ-01950-565587-565617,,,,,Portfolio Master v1 (existing draft),UNSURE
FZ-01951-565587-565711,,,,,Portfolio Master v1 (existing draft),UNSURE
FZ-01952-565587-565718,,,,,Portfolio Master v1 (existing draft),UNSURE
FZ-01953-565587-565729,,,,,Portfolio Master v1 (existing draft),UNSURE
FZ-01954-565587-565759,,,,,Portfolio Master v1 (existing draft),UNSURE
FZ-01955-565587-565761,,,,,Portfolio Master v1 (existing draft),UNSURE
FZ-01956-565587-565788,,,,,Portfolio Master v1 (existing draft),UNSURE
FZ-01957-565587-565791,,,,,Portfolio Master v1 (existing draft),UNSURE
FZ-01958-565587-565801,,,,,Portfolio Master v1 (existing draft),UNSURE
FZ-01959-565587-565810,,,,,Portfolio Master v1 (existing draft),UNSURE
FZ-01960-565587-565813,,,,,Portfolio Master v1 (existing draft),UNSURE
FZ-01961-565587-565814,,,,,Portfolio Master v1 (existing draft),UNSURE
FZ-01962-565587-565841,,,,,Portfolio Master v1 (existing draft),UNSURE
FZ-01963-565587-565853,,,,,Portfolio Master v1 (existing draft),UNSURE
FZ-01964-565587-565878,,,,,Portfolio Master v1 (existing draft),UNSURE
FZ-01965-565587-565882,,,,,Portfolio Master v1 (existing draft),UNSURE
FZ-01966-565587-565906,,,,,Portfolio Master v1 (existing draft),UNSURE
FZ-01967-565587-565927,,,,,Portfolio Master v1 (existing draft),UNSURE
FZ-01968-565587-565947,,,,,Portfolio Master v1 (existing draft),UNSURE
FZ-01969-565587-565969,,,,,Portfolio Master v1 (existing draft),UNSURE
FZ-01970-565587-565974,,,,,Portfolio Master v1 (existing draft),UNSURE
FZ-01971-565587-565978,,,,,Portfolio Master v1 (existing draft),UNSURE
FZ-01972-565587-565986,,,,,Portfolio Master v1 (existing draft),UNSURE
FZ-01973-565587-565994,,,,,Portfolio Master v1 (existing draft),UNSURE
FZ-01974-565590-565611,,,,,Portfolio Master v1 (existing draft),UNSURE
FZ-01975-565590-565613,,,,,Portfolio Master v1 (existing draft),UNSURE
FZ-01976-565590-565617,,,,,Portfolio Master v1 (existing draft),UNSURE
FZ-01977-565590-565711,,,,,Portfolio Master v1 (existing draft),UNSURE
FZ-01978-565590-565718,,,,,Portfolio Master v1 (existing draft),UNSURE
FZ-01979-565590-565729,,,,,Portfolio Master v1 (existing draft),UNSURE
FZ-01980-565590-565759,,,,,Portfolio Master v1 (existing draft),UNSURE
FZ-01981-565590-565761,,,,,Portfolio Master v1 (existing draft),UNSURE
FZ-01982-565590-565788,,,,,Portfolio Master v1 (existing draft),UNSURE
FZ-01983-565590-565791,,,,,Portfolio Master v1 (existing draft),UNSURE
FZ-01984-565590-565801,,,,,Portfolio Master v1 (existing draft),UNSURE
FZ-01985-565590-565810,,,,,Portfolio Master v1 (existing draft),UNSURE
FZ-01986-565590-565813,,,,,Portfolio Master v1 (existing draft),UNSURE
FZ-01987-565590-565814,,,,,Portfolio Master v1 (existing draft),UNSURE
FZ-01988-565590-565841,,,,,Portfolio Master v1 (existing draft),UNSURE
FZ-01989-565590-565853,,,,,Portfolio Master v1 (existing draft),UNSURE
FZ-01990-565590-565878,,,,,Portfolio Master v1 (existing draft),UNSURE
FZ-01991-565590-565882,,,,,Portfolio Master v1 (existing draft),UNSURE
FZ-01992-565590-565906,,,,,Portfolio Master v1 (existing draft),UNSURE
FZ-01993-565590-565927,,,,,Portfolio Master v1 (existing draft),UNSURE
FZ-01994-565590-565947,,,,,Portfolio Master v1 (existing draft),UNSURE
FZ-01995-565590-565969,,,,,Portfolio Master v1 (existing draft),UNSURE
FZ-01996-565590-565974,,,,,Portfolio Master v1 (existing draft),UNSURE
FZ-01997-565590-565978,,,,,Portfolio Master v1 (existing draft),UNSURE
FZ-01998-565590-565986,,,,,Portfolio Master v1 (existing draft),UNSURE
FZ-01999-565590-565994,,,,,Portfolio Master v1 (existing draft),UNSURE
FZ-02000-565611-565613,,,,,Portfolio Master v1 (existing draft),UNSURE
FZ-02001-565611-565617,,,,,Portfolio Master v1 (existing draft),UNSURE
FZ-02002-565611-565711,,,,,Portfolio Master v1 (existing draft),UNSURE
FZ-02003-565611-565718,,,,,Portfolio Master v1 (existing draft),UNSURE
FZ-02004-565611-565729,,,,,Portfolio Master v1 (existing draft),UNSURE
FZ-02005-565611-565759,,,,,Portfolio Master v1 (existing draft),UNSURE
FZ-02006-565611-565761,,,,,Portfolio Master v1 (existing draft),UNSURE
FZ-02007-565611-565788,,,,,Portfolio Master v1 (existing draft),UNSURE
FZ-02008-565611-565791,,,,,Portfolio Master v1 (existing draft),UNSURE
FZ-02009-565611-565801,,,,,Portfolio Master v1 (existing draft),UNSURE
FZ-02010-565611-565810,,,,,Portfolio Master v1 (existing draft),UNSURE
FZ-02011-565611-565813,,,,,Portfolio Master v1 (existing draft),UNSURE
FZ-02012-565611-565814,,,,,Portfolio Master v1 (existing draft),UNSURE
FZ-02013-565611-565841,,,,,Portfolio Master v1 (existing draft),UNSURE
FZ-02014-565611-565853,,,,,Portfolio Master v1 (existing draft),UNSURE
FZ-02015-565611-565878,,,,,Portfolio Master v1 (existing draft),UNSURE
FZ-02016-565611-565882,,,,,Portfolio Master v1 (existing draft),UNSURE
FZ-02017-565611-565906,,,,,Portfolio Master v1 (existing draft),UNSURE
FZ-02018-565611-565927,,,,,Portfolio Master v1 (existing draft),UNSURE
FZ-02019-565611-565947,,,,,Portfolio Master v1 (existing draft),UNSURE
FZ-02020-565611-565969,,,,,Portfolio Master v1 (existing draft),UNSURE
FZ-02021-565611-565974,,,,,Portfolio Master v1 (existing draft),UNSURE
FZ-02022-565611-565978,,,,,Portfolio Master v1 (existing draft),UNSURE
FZ-02023-565611-565986,,,,,Portfolio Master v1 (existing draft),UNSURE
FZ-02024-565611-565994,,,,,Portfolio Master v1 (existing draft),UNSURE
FZ-02025-565613-565617,,,,,Portfolio Master v1 (existing draft),UNSURE
FZ-02026-565613-565711,,,,,Portfolio Master v1 (existing draft),UNSURE
FZ-02027-565613-565718,,,,,Portfolio Master v1 (existing draft),UNSURE
FZ-02028-565613-565729,,,,,Portfolio Master v1 (existing draft),UNSURE
FZ-02029-565613-565759,,,,,Portfolio Master v1 (existing draft),UNSURE
FZ-02030-565613-565761,,,,,Portfolio Master v1 (existing draft),UNSURE
FZ-02031-565613-565788,,,,,Portfolio Master v1 (existing draft),UNSURE
FZ-02032-565613-565791,,,,,Portfolio Master v1 (existing draft),UNSURE
FZ-02033-565613-565801,,,,,Portfolio Master v1 (existing draft),UNSURE
FZ-02034-565613-565810,,,,,Portfolio Master v1 (existing draft),UNSURE
FZ-02035-565613-565813,,,,,Portfolio Master v1 (existing draft),UNSURE
FZ-02036-565613-565814,,,,,Portfolio Master v1 (existing draft),UNSURE
FZ-02037-565613-565841,,,,,Portfolio Master v1 (existing draft),UNSURE
FZ-02038-565613-565853,,,,,Portfolio Master v1 (existing draft),UNSURE
FZ-02039-565613-565878,,,,,Portfolio Master v1 (existing draft),UNSURE
FZ-02040-565613-565882,,,,,Portfolio Master v1 (existing draft),UNSURE
FZ-02041-565613-565906,,,,,Portfolio Master v1 (existing draft),UNSURE
FZ-02042-565613-565927,,,,,Portfolio Master v1 (existing draft),UNSURE
FZ-02043-565613-565947,,,,,Portfolio Master v1 (existing draft),UNSURE
FZ-02044-565613-565969,,,,,Portfolio Master v1 (existing draft),UNSURE
FZ-02045-565613-565974,,,,,Portfolio Master v1 (existing draft),UNSURE
FZ-02046-565613-565978,,,,,Portfolio Master v1 (existing draft),UNSURE
FZ-02047-565613-565986,,,,,Portfolio Master v1 (existing draft),UNSURE
FZ-02048-565613-565994,,,,,Portfolio Master v1 (existing draft),UNSURE
FZ-02049-565617-565711,,,,,Portfolio Master v1 (existing draft),UNSURE
FZ-02050-565617-565718,,,,,Portfolio Master v1 (existing draft),UNSURE
FZ-02051-565617-565729,,,,,Portfolio Master v1 (existing draft),UNSURE
FZ-02052-565617-565759,,,,,Portfolio Master v1 (existing draft),UNSURE
FZ-02053-565617-565761,,,,,Portfolio Master v1 (existing draft),UNSURE
FZ-02054-565617-565788,,,,,Portfolio Master v1 (existing draft),UNSURE
FZ-02055-565617-565791,,,,,Portfolio Master v1 (existing draft),UNSURE
FZ-02056-565617-565801,,,,,Portfolio Master v1 (existing draft),UNSURE
FZ-02057-565617-565810,,,,,Portfolio Master v1 (existing draft),UNSURE
FZ-02058-565617-565813,,,,,Portfolio Master v1 (existing draft),UNSURE
FZ-02059-565617-565814,,,,,Portfolio Master v1 (existing draft),UNSURE
FZ-02060-565617-565841,,,,,Portfolio Master v1 (existing draft),UNSURE
FZ-02061-565617-565853,,,,,Portfolio Master v1 (existing draft),UNSURE
FZ-02062-565617-565878,,,,,Portfolio Master v1 (existing draft),UNSURE
FZ-02063-565617-565882,,,,,Portfolio Master v1 (existing draft),UNSURE
FZ-02064-565617-565906,,,,,Portfolio Master v1 (existing draft),UNSURE
FZ-02065-565617-565927,,,,,Portfolio Master v1 (existing draft),UNSURE
FZ-02066-565617-565947,,,,,Portfolio Master v1 (existing draft),UNSURE
FZ-02067-565617-565969,,,,,Portfolio Master v1 (existing draft),UNSURE
FZ-02068-565617-565974,,,,,Portfolio Master v1 (existing draft),UNSURE
FZ-02069-565617-565978,,,,,Portfolio Master v1 (existing draft),UNSURE
FZ-02070-565617-565986,,,,,Portfolio Master v1 (existing draft),UNSURE
FZ-02071-565617-565994,,,,,Portfolio Master v1 (existing draft),UNSURE
FZ-02072-565711-565718,,,,,Portfolio Master v1 (existing draft),UNSURE
FZ-02073-565711-565729,,,,,Portfolio Master v1 (existing draft),UNSURE
FZ-02074-565711-565759,,,,,Portfolio Master v1 (existing draft),UNSURE
FZ-02075-565711-565761,,,,,Portfolio Master v1 (existing draft),UNSURE
FZ-02076-565711-565788,,,,,Portfolio Master v1 (existing draft),UNSURE
FZ-02077-565711-565791,,,,,Portfolio Master v1 (existing draft),UNSURE
FZ-02078-565711-565801,,,,,Portfolio Master v1 (existing draft),UNSURE
FZ-02079-565711-565810,,,,,Portfolio Master v1 (existing draft),UNSURE
FZ-02080-565711-565813,,,,,Portfolio Master v1 (existing draft),UNSURE
FZ-02081-565711-565814,,,,,Portfolio Master v1 (existing draft),UNSURE
FZ-02082-565711-565841,,,,,Portfolio Master v1 (existing draft),UNSURE
FZ-02083-565711-565853,,,,,Portfolio Master v1 (existing draft),UNSURE
FZ-02084-565711-565878,,,,,Portfolio Master v1 (existing draft),UNSURE
FZ-02085-565711-565882,,,,,Portfolio Master v1 (existing draft),UNSURE
FZ-02086-565711-565906,,,,,Portfolio Master v1 (existing draft),UNSURE
FZ-02087-565711-565927,,,,,Portfolio Master v1 (existing draft),UNSURE
FZ-02088-565711-565947,,,,,Portfolio Master v1 (existing draft),UNSURE
FZ-02089-565711-565969,,,,,Portfolio Master v1 (existing draft),UNSURE
FZ-02090-565711-565974,,,,,Portfolio Master v1 (existing draft),UNSURE
FZ-02091-565711-565978,,,,,Portfolio Master v1 (existing draft),UNSURE
FZ-02092-565711-565986,,,,,Portfolio Master v1 (existing draft),UNSURE
FZ-02093-565711-565994,,,,,Portfolio Master v1 (existing draft),UNSURE
FZ-02094-565718-565729,,,,,Portfolio Master v1 (existing draft),UNSURE
FZ-02095-565718-565759,,,,,Portfolio Master v1 (existing draft),UNSURE
FZ-02096-565718-565761,,,,,Portfolio Master v1 (existing draft),UNSURE
FZ-02097-565718-565788,,,,,Portfolio Master v1 (existing draft),UNSURE
FZ-02098-565718-565791,,,,,Portfolio Master v1 (existing draft),UNSURE
FZ-02099-565718-565801,,,,,Portfolio Master v1 (existing draft),UNSURE
FZ-02100-565718-565810,,,,,Portfolio Master v1 (existing draft),UNSURE
FZ-02101-565718-565813,,,,,Portfolio Master v1 (existing draft),UNSURE
FZ-02102-565718-565814,,,,,Portfolio Master v1 (existing draft),UNSURE
FZ-02103-565718-565841,,,,,Portfolio Master v1 (existing draft),UNSURE
FZ-02104-565718-565853,,,,,Portfolio Master v1 (existing draft),UNSURE
FZ-02105-565718-565878,,,,,Portfolio Master v1 (existing draft),UNSURE
FZ-02106-565718-565882,,,,,Portfolio Master v1 (existing draft),UNSURE
FZ-02107-565718-565906,,,,,Portfolio Master v1 (existing draft),UNSURE
FZ-02108-565718-565927,,,,,Portfolio Master v1 (existing draft),UNSURE
FZ-02109-565718-565947,,,,,Portfolio Master v1 (existing draft),UNSURE
FZ-02110-565718-565969,,,,,Portfolio Master v1 (existing draft),UNSURE
FZ-02111-565718-565974,,,,,Portfolio Master v1 (existing draft),UNSURE
FZ-02112-565718-565978,,,,,Portfolio Master v1 (existing draft),UNSURE
FZ-02113-565718-565986,,,,,Portfolio Master v1 (existing draft),UNSURE
FZ-02114-565718-565994,,,,,Portfolio Master v1 (existing draft),UNSURE
FZ-02115-565729-565759,,,,,Portfolio Master v1 (existing draft),UNSURE
FZ-02116-565729-565761,,,,,Portfolio Master v1 (existing draft),UNSURE
FZ-02117-565729-565788,,,,,Portfolio Master v1 (existing draft),UNSURE
FZ-02118-565729-565791,,,,,Portfolio Master v1 (existing draft),UNSURE
FZ-02119-565729-565801,,,,,Portfolio Master v1 (existing draft),UNSURE
FZ-02120-565729-565810,,,,,Portfolio Master v1 (existing draft),UNSURE
FZ-02121-565729-565813,,,,,Portfolio Master v1 (existing draft),UNSURE
FZ-02122-565729-565814,,,,,Portfolio Master v1 (existing draft),UNSURE
FZ-02123-565729-565841,,,,,Portfolio Master v1 (existing draft),UNSURE
FZ-02124-565729-565853,,,,,Portfolio Master v1 (existing draft),UNSURE
FZ-02125-565729-565878,,,,,Portfolio Master v1 (existing draft),UNSURE
FZ-02126-565729-565882,,,,,Portfolio Master v1 (existing draft),UNSURE
FZ-02127-565729-565906,,,,,Portfolio Master v1 (existing draft),UNSURE
FZ-02128-565729-565927,,,,,Portfolio Master v1 (existing draft),UNSURE
FZ-02129-565729-565947,,,,,Portfolio Master v1 (existing draft),UNSURE
FZ-02130-565729-565969,,,,,Portfolio Master v1 (existing draft),UNSURE
FZ-02131-565729-565974,,,,,Portfolio Master v1 (existing draft),UNSURE
FZ-02132-565729-565978,,,,,Portfolio Master v1 (existing draft),UNSURE
FZ-02133-565729-565986,,,,,Portfolio Master v1 (existing draft),UNSURE
FZ-02134-565729-565994,,,,,Portfolio Master v1 (existing draft),UNSURE
FZ-02135-565759-565761,,,,,Portfolio Master v1 (existing draft),UNSURE
FZ-02136-565759-565788,,,,,Portfolio Master v1 (existing draft),UNSURE
FZ-02137-565759-565791,,,,,Portfolio Master v1 (existing draft),UNSURE
FZ-02138-565759-565801,,,,,Portfolio Master v1 (existing draft),UNSURE
FZ-02139-565759-565810,,,,,Portfolio Master v1 (existing draft),UNSURE
FZ-02140-565759-565813,,,,,Portfolio Master v1 (existing draft),UNSURE
FZ-02141-565759-565814,,,,,Portfolio Master v1 (existing draft),UNSURE
FZ-02142-565759-565841,,,,,Portfolio Master v1 (existing draft),UNSURE
FZ-02143-565759-565853,,,,,Portfolio Master v1 (existing draft),UNSURE
FZ-02144-565759-565878,,,,,Portfolio Master v1 (existing draft),UNSURE
FZ-02145-565759-565882,,,,,Portfolio Master v1 (existing draft),UNSURE
FZ-02146-565759-565906,,,,,Portfolio Master v1 (existing draft),UNSURE
FZ-02147-565759-565927,,,,,Portfolio Master v1 (existing draft),UNSURE
FZ-02148-565759-565947,,,,,Portfolio Master v1 (existing draft),UNSURE
FZ-02149-565759-565969,,,,,Portfolio Master v1 (existing draft),UNSURE
FZ-02150-565759-565974,,,,,Portfolio Master v1 (existing draft),UNSURE
FZ-02151-565759-565978,,,,,Portfolio Master v1 (existing draft),UNSURE
FZ-02152-565759-565986,,,,,Portfolio Master v1 (existing draft),UNSURE
FZ-02153-565759-565994,,,,,Portfolio Master v1 (existing draft),UNSURE
FZ-02154-565761-565788,,,,,Portfolio Master v1 (existing draft),UNSURE
FZ-02155-565761-565791,,,,,Portfolio Master v1 (existing draft),UNSURE
FZ-02156-565761-565801,,,,,Portfolio Master v1 (existing draft),UNSURE
FZ-02157-565761-565810,,,,,Portfolio Master v1 (existing draft),UNSURE
FZ-02158-565761-565813,,,,,Portfolio Master v1 (existing draft),UNSURE
FZ-02159-565761-565814,,,,,Portfolio Master v1 (existing draft),UNSURE
FZ-02160-565761-565841,,,,,Portfolio Master v1 (existing draft),UNSURE
FZ-02161-565761-565853,,,,,Portfolio Master v1 (existing draft),UNSURE
FZ-02162-565761-565878,,,,,Portfolio Master v1 (existing draft),UNSURE
FZ-02163-565761-565882,,,,,Portfolio Master v1 (existing draft),UNSURE
FZ-02164-565761-565906,,,,,Portfolio Master v1 (existing draft),UNSURE
FZ-02165-565761-565927,,,,,Portfolio Master v1 (existing draft),UNSURE
FZ-02166-565761-565947,,,,,Portfolio Master v1 (existing draft),UNSURE
FZ-02167-565761-565969,,,,,Portfolio Master v1 (existing draft),UNSURE
FZ-02168-565761-565974,,,,,Portfolio Master v1 (existing draft),UNSURE
FZ-02169-565761-565978,,,,,Portfolio Master v1 (existing draft),UNSURE
FZ-02170-565761-565986,,,,,Portfolio Master v1 (existing draft),UNSURE
FZ-02171-565761-565994,,,,,Portfolio Master v1 (existing draft),UNSURE
FZ-02172-565788-565791,,,,,Portfolio Master v1 (existing draft),UNSURE
FZ-02173-565788-565801,,,,,Portfolio Master v1 (existing draft),UNSURE
FZ-02174-565788-565810,,,,,Portfolio Master v1 (existing draft),UNSURE
FZ-02175-565788-565813,,,,,Portfolio Master v1 (existing draft),UNSURE
FZ-02176-565788-565814,,,,,Portfolio Master v1 (existing draft),UNSURE
FZ-02177-565788-565841,,,,,Portfolio Master v1 (existing draft),UNSURE
FZ-02178-565788-565853,,,,,Portfolio Master v1 (existing draft),UNSURE
FZ-02179-565788-565878,,,,,Portfolio Master v1 (existing draft),UNSURE
FZ-02180-565788-565882,,,,,Portfolio Master v1 (existing draft),UNSURE
FZ-02181-565788-565906,,,,,Portfolio Master v1 (existing draft),UNSURE
FZ-02182-565788-565927,,,,,Portfolio Master v1 (existing draft),UNSURE
FZ-02183-565788-565947,,,,,Portfolio Master v1 (existing draft),UNSURE
FZ-02184-565788-565969,,,,,Portfolio Master v1 (existing draft),UNSURE
FZ-02185-565788-565974,,,,,Portfolio Master v1 (existing draft),UNSURE
FZ-02186-565788-565978,,,,,Portfolio Master v1 (existing draft),UNSURE
FZ-02187-565788-565986,,,,,Portfolio Master v1 (existing draft),UNSURE
FZ-02188-565788-565994,,,,,Portfolio Master v1 (existing draft),UNSURE
FZ-02189-565791-565801,,,,,Portfolio Master v1 (existing draft),UNSURE
FZ-02190-565791-565810,,,,,Portfolio Master v1 (existing draft),UNSURE
FZ-02191-565791-565813,,,,,Portfolio Master v1 (existing draft),UNSURE
FZ-02192-565791-565814,,,,,Portfolio Master v1 (existing draft),UNSURE
FZ-02193-565791-565841,,,,,Portfolio Master v1 (existing draft),UNSURE
FZ-02194-565791-565853,,,,,Portfolio Master v1 (existing draft),UNSURE
FZ-02195-565791-565878,,,,,Portfolio Master v1 (existing draft),UNSURE
FZ-02196-565791-565882,,,,,Portfolio Master v1 (existing draft),UNSURE
FZ-02197-565791-565906,,,,,Portfolio Master v1 (existing draft),UNSURE
FZ-02198-565791-565927,,,,,Portfolio Master v1 (existing draft),UNSURE
FZ-02199-565791-565947,,,,,Portfolio Master v1 (existing draft),UNSURE
FZ-02200-565791-565969,,,,,Portfolio Master v1 (existing draft),UNSURE
FZ-02201-565791-565974,,,,,Portfolio Master v1 (existing draft),UNSURE
FZ-02202-565791-565978,,,,,Portfolio Master v1 (existing draft),UNSURE
FZ-02203-565791-565986,,,,,Portfolio Master v1 (existing draft),UNSURE
FZ-02204-565791-565994,,,,,Portfolio Master v1 (existing draft),UNSURE
FZ-02205-565801-565810,,,,,Portfolio Master v1 (existing draft),UNSURE
FZ-02206-565801-565813,,,,,Portfolio Master v1 (existing draft),UNSURE
FZ-02207-565801-565814,,,,,Portfolio Master v1 (existing draft),UNSURE
FZ-02208-565801-565841,,,,,Portfolio Master v1 (existing draft),UNSURE
FZ-02209-565801-565853,,,,,Portfolio Master v1 (existing draft),UNSURE
FZ-02210-565801-565878,,,,,Portfolio Master v1 (existing draft),UNSURE
FZ-02211-565801-565882,,,,,Portfolio Master v1 (existing draft),UNSURE
FZ-02212-565801-565906,,,,,Portfolio Master v1 (existing draft),UNSURE
FZ-02213-565801-565927,,,,,Portfolio Master v1 (existing draft),UNSURE
FZ-02214-565801-565947,,,,,Portfolio Master v1 (existing draft),UNSURE
FZ-02215-565801-565969,,,,,Portfolio Master v1 (existing draft),UNSURE
FZ-02216-565801-565974,,,,,Portfolio Master v1 (existing draft),UNSURE
FZ-02217-565801-565978,,,,,Portfolio Master v1 (existing draft),UNSURE
FZ-02218-565801-565986,,,,,Portfolio Master v1 (existing draft),UNSURE
FZ-02219-565801-565994,,,,,Portfolio Master v1 (existing draft),UNSURE
FZ-02220-565810-565813,,,,,Portfolio Master v1 (existing draft),UNSURE
FZ-02221-565810-565814,,,,,Portfolio Master v1 (existing draft),UNSURE
FZ-02222-565810-565841,,,,,Portfolio Master v1 (existing draft),UNSURE
FZ-02223-565810-565853,,,,,Portfolio Master v1 (existing draft),UNSURE
FZ-02224-565810-565878,,,,,Portfolio Master v1 (existing draft),UNSURE
FZ-02225-565810-565882,,,,,Portfolio Master v1 (existing draft),UNSURE
FZ-02226-565810-565906,,,,,Portfolio Master v1 (existing draft),UNSURE
FZ-02227-565810-565927,,,,,Portfolio Master v1 (existing draft),UNSURE
FZ-02228-565810-565947,,,,,Portfolio Master v1 (existing draft),UNSURE
FZ-02229-565810-565969,,,,,Portfolio Master v1 (existing draft),UNSURE
FZ-02230-565810-565974,,,,,Portfolio Master v1 (existing draft),UNSURE
FZ-02231-565810-565978,,,,,Portfolio Master v1 (existing draft),UNSURE
FZ-02232-565810-565986,,,,,Portfolio Master v1 (existing draft),UNSURE
FZ-02233-565810-565994,,,,,Portfolio Master v1 (existing draft),UNSURE
FZ-02234-565813-565814,,,,,Portfolio Master v1 (existing draft),UNSURE
FZ-02235-565813-565841,,,,,Portfolio Master v1 (existing draft),UNSURE
FZ-02236-565813-565853,,,,,Portfolio Master v1 (existing draft),UNSURE
FZ-02237-565813-565878,,,,,Portfolio Master v1 (existing draft),UNSURE
FZ-02238-565813-565882,,,,,Portfolio Master v1 (existing draft),UNSURE
FZ-02239-565813-565906,,,,,Portfolio Master v1 (existing draft),UNSURE
FZ-02240-565813-565927,,,,,Portfolio Master v1 (existing draft),UNSURE
FZ-02241-565813-565947,,,,,Portfolio Master v1 (existing draft),UNSURE
FZ-02242-565813-565969,,,,,Portfolio Master v1 (existing draft),UNSURE
FZ-02243-565813-565974,,,,,Portfolio Master v1 (existing draft),UNSURE
FZ-02244-565813-565978,,,,,Portfolio Master v1 (existing draft),UNSURE
FZ-02245-565813-565986,,,,,Portfolio Master v1 (existing draft),UNSURE
FZ-02246-565813-565994,,,,,Portfolio Master v1 (existing draft),UNSURE
FZ-02247-565814-565841,,,,,Portfolio Master v1 (existing draft),UNSURE
FZ-02248-565814-565853,,,,,Portfolio Master v1 (existing draft),UNSURE
FZ-02249-565814-565878,,,,,Portfolio Master v1 (existing draft),UNSURE
FZ-02250-565814-565882,,,,,Portfolio Master v1 (existing draft),UNSURE
FZ-02251-565814-565906,,,,,Portfolio Master v1 (existing draft),UNSURE
FZ-02252-565814-565927,,,,,Portfolio Master v1 (existing draft),UNSURE
FZ-02253-565814-565947,,,,,Portfolio Master v1 (existing draft),UNSURE
FZ-02254-565814-565969,,,,,Portfolio Master v1 (existing draft),UNSURE
FZ-02255-565814-565974,,,,,Portfolio Master v1 (existing draft),UNSURE
FZ-02256-565814-565978,,,,,Portfolio Master v1 (existing draft),UNSURE
FZ-02257-565814-565986,,,,,Portfolio Master v1 (existing draft),UNSURE
FZ-02258-565814-565994,,,,,Portfolio Master v1 (existing draft),UNSURE
FZ-02259-565841-565853,,,,,Portfolio Master v1 (existing draft),UNSURE
FZ-02260-565841-565878,,,,,Portfolio Master v1 (existing draft),UNSURE
FZ-02261-565841-565882,,,,,Portfolio Master v1 (existing draft),UNSURE
FZ-02262-565841-565906,,,,,Portfolio Master v1 (existing draft),UNSURE
FZ-02263-565841-565927,,,,,Portfolio Master v1 (existing draft),UNSURE
FZ-02264-565841-565947,,,,,Portfolio Master v1 (existing draft),UNSURE
FZ-02265-565841-565969,,,,,Portfolio Master v1 (existing draft),UNSURE
FZ-02266-565841-565974,,,,,Portfolio Master v1 (existing draft),UNSURE
FZ-02267-565841-565978,,,,,Portfolio Master v1 (existing draft),UNSURE
FZ-02268-565841-565986,,,,,Portfolio Master v1 (existing draft),UNSURE
FZ-02269-565841-565994,,,,,Portfolio Master v1 (existing draft),UNSURE
FZ-02270-565853-565878,,,,,Portfolio Master v1 (existing draft),UNSURE
FZ-02271-565853-565882,,,,,Portfolio Master v1 (existing draft),UNSURE
FZ-02272-565853-565906,,,,,Portfolio Master v1 (existing draft),UNSURE
FZ-02273-565853-565927,,,,,Portfolio Master v1 (existing draft),UNSURE
FZ-02274-565853-565947,,,,,Portfolio Master v1 (existing draft),UNSURE
FZ-02275-565853-565969,,,,,Portfolio Master v1 (existing draft),UNSURE
FZ-02276-565853-565974,,,,,Portfolio Master v1 (existing draft),UNSURE
FZ-02277-565853-565978,,,,,Portfolio Master v1 (existing draft),UNSURE
FZ-02278-565853-565986,,,,,Portfolio Master v1 (existing draft),UNSURE
FZ-02279-565853-565994,,,,,Portfolio Master v1 (existing draft),UNSURE
FZ-02280-565878-565882,,,,,Portfolio Master v1 (existing draft),UNSURE
FZ-02281-565878-565906,,,,,Portfolio Master v1 (existing draft),UNSURE
FZ-02282-565878-565927,,,,,Portfolio Master v1 (existing draft),UNSURE
FZ-02283-565878-565947,,,,,Portfolio Master v1 (existing draft),UNSURE
FZ-02284-565878-565969,,,,,Portfolio Master v1 (existing draft),UNSURE
FZ-02285-565878-565974,,,,,Portfolio Master v1 (existing draft),UNSURE
FZ-02286-565878-565978,,,,,Portfolio Master v1 (existing draft),UNSURE
FZ-02287-565878-565986,,,,,Portfolio Master v1 (existing draft),UNSURE
FZ-02288-565878-565994,,,,,Portfolio Master v1 (existing draft),UNSURE
FZ-02289-565882-565906,,,,,Portfolio Master v1 (existing draft),UNSURE
FZ-02290-565882-565927,,,,,Portfolio Master v1 (existing draft),UNSURE
FZ-02291-565882-565947,,,,,Portfolio Master v1 (existing draft),UNSURE
FZ-02292-565882-565969,,,,,Portfolio Master v1 (existing draft),UNSURE
FZ-02293-565882-565974,,,,,Portfolio Master v1 (existing draft),UNSURE
FZ-02294-565882-565978,,,,,Portfolio Master v1 (existing draft),UNSURE
FZ-02295-565882-565986,,,,,Portfolio Master v1 (existing draft),UNSURE
FZ-02296-565882-565994,,,,,Portfolio Master v1 (existing draft),UNSURE
FZ-02297-565906-565927,,,,,Portfolio Master v1 (existing draft),UNSURE
FZ-02298-565906-565947,,,,,Portfolio Master v1 (existing draft),UNSURE
FZ-02299-565906-565969,,,,,Portfolio Master v1 (existing draft),UNSURE
FZ-02300-565906-565974,,,,,Portfolio Master v1 (existing draft),UNSURE
FZ-02301-565906-565978,,,,,Portfolio Master v1 (existing draft),UNSURE
FZ-02302-565906-565986,,,,,Portfolio Master v1 (existing draft),UNSURE
FZ-02303-565906-565994,,,,,Portfolio Master v1 (existing draft),UNSURE
FZ-02304-565927-565947,,,,,Portfolio Master v1 (existing draft),UNSURE
FZ-02305-565927-565969,,,,,Portfolio Master v1 (existing draft),UNSURE
FZ-02306-565927-565974,,,,,Portfolio Master v1 (existing draft),UNSURE
FZ-02307-565927-565978,,,,,Portfolio Master v1 (existing draft),UNSURE
FZ-02308-565927-565986,,,,,Portfolio Master v1 (existing draft),UNSURE
FZ-02309-565927-565994,,,,,Portfolio Master v1 (existing draft),UNSURE
FZ-02310-565947-565969,,,,,Portfolio Master v1 (existing draft),UNSURE
FZ-02311-565947-565974,,,,,Portfolio Master v1 (existing draft),UNSURE
FZ-02312-565947-565978,,,,,Portfolio Master v1 (existing draft),UNSURE
FZ-02313-565947-565986,,,,,Portfolio Master v1 (existing draft),UNSURE
FZ-02314-565947-565994,,,,,Portfolio Master v1 (existing draft),UNSURE
FZ-02315-565969-565974,,,,,Portfolio Master v1 (existing draft),UNSURE
FZ-02316-565969-565978,,,,,Portfolio Master v1 (existing draft),UNSURE
FZ-02317-565969-565986,,,,,Portfolio Master v1 (existing draft),UNSURE
FZ-02318-565969-565994,,,,,Portfolio Master v1 (existing draft),UNSURE
FZ-02319-565974-565978,,,,,Portfolio Master v1 (existing draft),UNSURE
FZ-02320-565974-565986,,,,,Portfolio Master v1 (existing draft),UNSURE
FZ-02321-565974-565994,,,,,Portfolio Master v1 (existing draft),UNSURE
FZ-02322-565978-565986,,,,,Portfolio Master v1 (existing draft),UNSURE
FZ-02323-565978-565994,,,,,Portfolio Master v1 (existing draft),UNSURE
FZ-02324-565986-565994,,,,,Portfolio Master v1 (existing draft),UNSURE
FZ-02325-226027-248035,e9ad7772-4cbe-4825-b13e-57bc7e10afc2,c167cf86-7f24-4d9d-b00f-0b8ea8cdc602,NO_VERIFIABLE_IDENTITY,NO_VERIFIABLE_IDENTITY,Contractors,UNSURE
FZ-02326-238387-259318,876ae001-f8ce-463d-9336-4944dcc76e7c,e31758ae-3790-4ccf-957d-4fd087f00757,NO_VERIFIABLE_IDENTITY,NO_VERIFIABLE_IDENTITY,Contractors,UNSURE
FZ-02327-241630-273259,3bdf7d14-829c-4d8c-867c-6e5e42be44e5,b576eac2-90fd-4c8e-93f2-fe502f9ffde0,NO_VERIFIABLE_IDENTITY,NO_VERIFIABLE_IDENTITY,Contractors,UNSURE
FZ-02328-258644-276987,1fd190ab-6027-4834-833f-1618277d2e07,1a71b116-5211-4c00-b922-4d49ae686811,NO_VERIFIABLE_IDENTITY,NO_VERIFIABLE_IDENTITY,Contractors,UNSURE
FZ-02329-281909-436314,835954df-95f6-49ce-b658-73974a5c2a46,,REVIEW_REQUIRED,,Suppliers,UNSURE
FZ-02330-298990-340864,0589a215-927d-4506-87dc-9776900e759c,,DETERMINISTIC_SINGLE_SOURCE,,SFDA,ESCALATE
FZ-02331-253087-271612,a8b542d2-adaa-4a42-a30a-6832fa25eb32,22168050-7f93-4630-9f12-f5835e5b48e4,NO_VERIFIABLE_IDENTITY,NO_VERIFIABLE_IDENTITY,Contractors,UNSURE
FZ-02332-240284-262647,0532e54f-88c8-493c-9b09-18b1a1b3bfc0,004cc3f7-e412-4f3d-96c5-2c7f061f40d4,NO_VERIFIABLE_IDENTITY,NO_VERIFIABLE_IDENTITY,Contractors,UNSURE
FZ-02333-259630-261838,7acb8cfc-9c59-4705-a361-ddf8a8b9a307,6e25e0da-6885-4542-920f-f686992fbb73,NO_VERIFIABLE_IDENTITY,NO_VERIFIABLE_IDENTITY,Contractors,UNSURE
FZ-02334-225274-260346,55c4829b-771f-47a7-bfd7-c9f3fc8bcaba,d3d649a5-bd3e-4439-bed3-04ad0deb0474,NO_VERIFIABLE_IDENTITY,NO_VERIFIABLE_IDENTITY,Contractors,UNSURE
FZ-02335-227249-267294,8a5e46b3-4b53-41ce-8bab-c6ac8eae41f7,ca4bbcf5-899e-4a4f-9c43-f232aeea527c,NO_VERIFIABLE_IDENTITY,NO_VERIFIABLE_IDENTITY,Contractors,UNSURE
FZ-02336-234273-262905,a58496be-1311-4cde-bda3-244f084a3c5e,576ccf1f-d5fe-4d8f-9b57-9a3ed84100c8,NO_VERIFIABLE_IDENTITY,NO_VERIFIABLE_IDENTITY,Contractors,UNSURE
FZ-02337-237305-271547,1e9a0736-5801-466b-9907-cd20fbe854f8,6ee6e0b5-b738-4c11-9a72-6e8830f39d10,NO_VERIFIABLE_IDENTITY,NO_VERIFIABLE_IDENTITY,Contractors,UNSURE
FZ-02338-237305-279269,1e9a0736-5801-466b-9907-cd20fbe854f8,6f12a118-47c8-413d-8e4b-414ceb3d1005,NO_VERIFIABLE_IDENTITY,NO_VERIFIABLE_IDENTITY,Contractors,UNSURE
FZ-02339-246772-253896,6217c5d9-8dc8-4cb5-a2e4-64c9fa2bba72,b541022f-9415-482e-824c-cc9d71cd58bb,NO_VERIFIABLE_IDENTITY,NO_VERIFIABLE_IDENTITY,Contractors,UNSURE
FZ-02340-250113-275732,fe7d7a98-9e59-45fb-a725-4ee54f51e00e,0bdac895-8ff0-4035-b33b-10b876008b90,NO_VERIFIABLE_IDENTITY,NO_VERIFIABLE_IDENTITY,Contractors,UNSURE
FZ-02341-253896-273402,b541022f-9415-482e-824c-cc9d71cd58bb,0e891839-9d29-479b-b73a-3d262b67e703,NO_VERIFIABLE_IDENTITY,NO_VERIFIABLE_IDENTITY,Contractors,UNSURE
FZ-02342-269805-272200,34148dda-95e4-43b6-a0ff-b82236ac5fdb,1eeeb270-daaa-4d5d-a022-592ed998f16e,NO_VERIFIABLE_IDENTITY,NO_VERIFIABLE_IDENTITY,Contractors,UNSURE
FZ-02343-271547-279269,6ee6e0b5-b738-4c11-9a72-6e8830f39d10,6f12a118-47c8-413d-8e4b-414ceb3d1005,NO_VERIFIABLE_IDENTITY,NO_VERIFIABLE_IDENTITY,Contractors,UNSURE
FZ-02344-235530-270072,5601a20c-e9e0-4a81-a598-11a239f4d2ae,20765e6a-cd1e-4983-b265-764c311642e8,NO_VERIFIABLE_IDENTITY,NO_VERIFIABLE_IDENTITY,Contractors,UNSURE
FZ-02345-303180-556873,6e597c5a-aa56-46d1-8408-604edc6aec84,,DETERMINISTIC_SINGLE_SOURCE,,SFDA,ESCALATE
FZ-02346-303277-556914,e3841873-a81e-4114-a7d4-2dfe936d3350,,DETERMINISTIC_SINGLE_SOURCE,,SFDA,ESCALATE
FZ-02347-273337-278316,93e04df8-6445-43d9-9e46-4b71779b29d0,8e7f1561-ad11-4c47-a69d-9f2c53d4d0bc,NO_VERIFIABLE_IDENTITY,NO_VERIFIABLE_IDENTITY,Contractors,UNSURE
FZ-02348-242670-268331,263a4ee1-42bf-4c29-9e17-949feb968069,f31cbdeb-c597-42ea-8455-53f8f38ff29c,REVIEW_REQUIRED,NO_VERIFIABLE_IDENTITY,Contractors,UNSURE
FZ-02349-268331-273186,f31cbdeb-c597-42ea-8455-53f8f38ff29c,dbb813c1-a770-4b36-be44-53b796b689fe,NO_VERIFIABLE_IDENTITY,NO_VERIFIABLE_IDENTITY,Contractors,UNSURE
FZ-02350-235331-246856,f869e98d-e35a-47d9-8c2c-a169a38c50ce,a4967d8d-d30f-43b7-bb72-aad7395a36a5,NO_VERIFIABLE_IDENTITY,NO_VERIFIABLE_IDENTITY,Contractors,UNSURE
FZ-02351-293746-552932,27c6669d-70ea-4fe5-a213-3ff3cef69188,,DETERMINISTIC_SINGLE_SOURCE,,SFDA,ESCALATE
FZ-02352-228742-250215,acdcb653-d1c5-4fbe-9d1f-f5f8fca9efc4,8f5a861e-2dc2-4e74-b015-de5d40f59136,NO_VERIFIABLE_IDENTITY,NO_VERIFIABLE_IDENTITY,Contractors,UNSURE
FZ-02353-233623-242234,767196e9-b785-4bc2-8ea6-9a66bd0c7c21,f871be51-b02c-49b8-bd22-df2677272f1a,NO_VERIFIABLE_IDENTITY,NO_VERIFIABLE_IDENTITY,Contractors,UNSURE
FZ-02354-234931-235472,04da102a-7c58-4931-af29-da312a3ca2cb,608c7ac9-cb42-4b52-96b7-b35850d5fbfb,NO_VERIFIABLE_IDENTITY,NO_VERIFIABLE_IDENTITY,Contractors,UNSURE
FZ-02355-304914-557630,d0faf5f3-59f0-49ef-a854-b84129e0a7c6,,DETERMINISTIC_SINGLE_SOURCE,,SFDA,ESCALATE
FZ-02356-226182-254216,2d4e753f-9b3d-4e03-972b-37d058cffbdd,44e6d616-246d-4103-9ff4-e792f7dfe7f7,NO_VERIFIABLE_IDENTITY,REVIEW_REQUIRED,Contractors,UNSURE
FZ-02357-268886-280068,8230fac2-5741-444d-a9fe-f49904e054c8,5b123cb0-ae19-47fc-8bb2-b8d8683da6f4,NO_VERIFIABLE_IDENTITY,NO_VERIFIABLE_IDENTITY,Contractors,UNSURE
FZ-02358-230831-277415,631490e4-558d-4cb9-940c-6eb5b35ccd8e,5f9b80d3-ed3f-4d1b-baa0-27e59f6b4185,NO_VERIFIABLE_IDENTITY,NO_VERIFIABLE_IDENTITY,Contractors,UNSURE
FZ-02359-251504-260320,643590d6-c22c-4be0-a472-4fa893d56e77,7e1cdb88-7551-424c-960c-8908dfc2a85f,NO_VERIFIABLE_IDENTITY,NO_VERIFIABLE_IDENTITY,Contractors,UNSURE
FZ-02360-315448-318265,ccdf6a6d-e017-453c-8ed2-f948851f3f66,482261fe-cbda-40c1-98d3-0f540e8a985d,REVIEW_REQUIRED,REVIEW_REQUIRED,Balady,UNSURE
FZ-02361-315448-566870,ccdf6a6d-e017-453c-8ed2-f948851f3f66,,REVIEW_REQUIRED,,Balady,UNSURE
FZ-02362-318265-566870,482261fe-cbda-40c1-98d3-0f540e8a985d,,REVIEW_REQUIRED,,Balady,UNSURE
FZ-02363-232999-258771,833b98d4-5d31-4fa2-8bb7-53fb954711ee,52323a2e-5962-412d-a8d4-e247c9f589f5,NO_VERIFIABLE_IDENTITY,NO_VERIFIABLE_IDENTITY,Contractors,UNSURE
FZ-02364-291425-551783,4e4fedd7-b358-4257-8337-1e198f86f801,,DETERMINISTIC_SINGLE_SOURCE,,SFDA,ESCALATE
FZ-02365-282875-283264,a7d852d1-9344-4975-896a-4f797c2b1e01,c7a8ed53-2237-4ac7-aeff-36ec5f58b24f,REVIEW_REQUIRED,REVIEW_REQUIRED,Suppliers,UNSURE
FZ-02366-300830-555891,06cd3b6d-baea-413c-a7e1-40efc42026b5,,DETERMINISTIC_SINGLE_SOURCE,,SFDA,ESCALATE
FZ-02367-315276-318093,b8356077-c951-4ded-99e3-6029bab9232d,5020764d-4314-4d86-b3cd-13c9add960d7,NO_VERIFIABLE_IDENTITY,NO_VERIFIABLE_IDENTITY,Balady,UNSURE
FZ-02368-315276-566739,b8356077-c951-4ded-99e3-6029bab9232d,,NO_VERIFIABLE_IDENTITY,,Balady,UNSURE
FZ-02369-318093-566739,5020764d-4314-4d86-b3cd-13c9add960d7,,NO_VERIFIABLE_IDENTITY,,Balady,UNSURE
FZ-02370-236938-254240,e525bf59-c27f-48a0-b68f-d4d85a675ffc,eff370a1-2cf9-4eb4-8635-a9d3797f5b68,NO_VERIFIABLE_IDENTITY,NO_VERIFIABLE_IDENTITY,Contractors,UNSURE
FZ-02371-249187-279548,4e83f9b8-590c-4f5e-93cd-ff82736e45e3,ddffe528-6cac-4105-a722-2255f3051337,NO_VERIFIABLE_IDENTITY,NO_VERIFIABLE_IDENTITY,Contractors,UNSURE
FZ-02372-242845-268881,371e9334-ea19-4801-9046-2edb41942dcf,efbabd83-8a90-489b-9a94-07f92068e4e3,NO_VERIFIABLE_IDENTITY,NO_VERIFIABLE_IDENTITY,Contractors,UNSURE
FZ-02373-266504-275626,fb46ddac-7b14-4397-9832-84d58598e88a,6855555a-9f28-4b9c-b7e1-f2a2d3fbb8a9,NO_VERIFIABLE_IDENTITY,NO_VERIFIABLE_IDENTITY,Contractors,UNSURE
FZ-02374-269100-280871,c319d1dd-b2a2-45ca-9862-1834e670f539,9ed0f834-172d-42ad-879d-8ab94b9478ad,NO_VERIFIABLE_IDENTITY,NO_VERIFIABLE_IDENTITY,Contractors,UNSURE
FZ-02375-242044-269215,d66a3e74-865d-4599-85e4-0cc6d3bf5a8c,4eafaab0-b59b-40ce-ae43-81dc0eb3f1a9,NO_VERIFIABLE_IDENTITY,NO_VERIFIABLE_IDENTITY,Contractors,UNSURE
FZ-02376-293102-552697,3ae3c606-dc97-4b1b-9db9-b6e47cf36cc7,,DETERMINISTIC_SINGLE_SOURCE,,SFDA,ESCALATE
FZ-02377-283059-283327,6de90722-175d-4587-9ff1-039ad678b832,f65d554c-74fd-480f-a4b1-ece123bb1808,REVIEW_REQUIRED,REVIEW_REQUIRED,Suppliers,UNSURE
FZ-02378-292483-292518,1e69f5c6-f8d8-4508-a29f-8c331720d0c4,15d94e07-9fcb-488f-a325-dd937db827a8,DETERMINISTIC_SINGLE_SOURCE,DETERMINISTIC_SINGLE_SOURCE,SFDA,HIGH_SEPARATE_CANDIDATE
FZ-02379-292483-552388,1e69f5c6-f8d8-4508-a29f-8c331720d0c4,,DETERMINISTIC_SINGLE_SOURCE,,SFDA,ESCALATE
FZ-02380-292483-552408,1e69f5c6-f8d8-4508-a29f-8c331720d0c4,,DETERMINISTIC_SINGLE_SOURCE,,SFDA,ESCALATE
FZ-02381-292518-552388,15d94e07-9fcb-488f-a325-dd937db827a8,,DETERMINISTIC_SINGLE_SOURCE,,SFDA,ESCALATE
FZ-02382-292518-552408,15d94e07-9fcb-488f-a325-dd937db827a8,,DETERMINISTIC_SINGLE_SOURCE,,SFDA,ESCALATE
FZ-02383-552388-552408,,,,,Portfolio Master v1 (existing draft),UNSURE
FZ-02384-225893-264570,15fdeb92-c646-45ae-8892-c5ecfef082d8,60d2e72c-a6c3-4477-9d07-e2f7b3abd14b,NO_VERIFIABLE_IDENTITY,NO_VERIFIABLE_IDENTITY,Contractors,UNSURE
FZ-02385-290538-551339,0d00a858-11d1-45cf-b68f-ccd1bda250c7,,DETERMINISTIC_SINGLE_SOURCE,,SFDA,ESCALATE
FZ-02386-298099-554748,b54b2fb5-9b12-4a3e-af03-c318a52c12fe,,DETERMINISTIC_SINGLE_SOURCE,,SFDA,ESCALATE
FZ-02387-304998-557666,7c5e81ec-ac9f-40b4-afcf-a7db55ae9cf6,,DETERMINISTIC_SINGLE_SOURCE,,SFDA,ESCALATE
FZ-02388-289040-550783,72e928c7-67aa-4bdd-bf11-c0be5afe34c2,,DETERMINISTIC_SINGLE_SOURCE,,SFDA,ESCALATE
FZ-02389-290123-551158,8c665ee7-f15e-4cd5-ac78-db57e1ec957d,,DETERMINISTIC_SINGLE_SOURCE,,SFDA,ESCALATE
FZ-02390-293268-516738,86938b54-9be4-4c6c-b116-53f4a006d93a,,DETERMINISTIC_SINGLE_SOURCE,,SFDA,ESCALATE
FZ-02391-296659-554081,ea91cd59-01ac-4ec1-bb2f-f761a5f49018,,DETERMINISTIC_SINGLE_SOURCE,,SFDA,ESCALATE
FZ-02392-289491-346178,4cb1665d-6e20-411e-9071-217f37bf1bea,,DETERMINISTIC_SINGLE_SOURCE,,SFDA,ESCALATE
FZ-02393-281564-282627,7621ca76-43ca-4ffc-b246-1f4384c65f9a,2da4a29f-50ee-4195-985d-b5b2b2368780,REVIEW_REQUIRED,REVIEW_REQUIRED,Suppliers,UNSURE
FZ-02394-314542-317358,b929749e-1230-479e-b99b-f48244aba43d,1f6dad0e-6e6c-4a39-8a59-402c1012f7c7,NO_VERIFIABLE_IDENTITY,NO_VERIFIABLE_IDENTITY,Balady,UNSURE
FZ-02395-314542-566199,b929749e-1230-479e-b99b-f48244aba43d,,NO_VERIFIABLE_IDENTITY,,Balady,UNSURE
FZ-02396-317358-566199,1f6dad0e-6e6c-4a39-8a59-402c1012f7c7,,NO_VERIFIABLE_IDENTITY,,Balady,UNSURE
FZ-02397-300887-555913,12239b23-85d3-4ec1-ae7c-01cc43bb3e89,,DETERMINISTIC_SINGLE_SOURCE,,SFDA,ESCALATE
FZ-02398-228676-261776,9edd288f-6eeb-4001-b8fd-71417fc16869,040a4b83-bc83-47c5-baaf-cefef84ff45b,NO_VERIFIABLE_IDENTITY,NO_VERIFIABLE_IDENTITY,Contractors,UNSURE
FZ-02399-239268-261156,8bec2153-6477-46a9-b7f2-e41570f9fce9,ee853d5f-6a3b-4d56-ac13-18ef0b3eb4f5,NO_VERIFIABLE_IDENTITY,NO_VERIFIABLE_IDENTITY,Contractors,UNSURE
FZ-02400-294263-553143,21376fd8-d72f-4e2d-8e07-838c214484d0,,DETERMINISTIC_SINGLE_SOURCE,,SFDA,ESCALATE
FZ-02401-298890-555068,3df03305-f481-4216-9481-ee900c19037e,,DETERMINISTIC_SINGLE_SOURCE,,SFDA,ESCALATE
FZ-02402-255655-262811,ddcaca2b-0a56-46e6-be70-4c629b1a4167,aae238c3-e110-40e0-bf3c-c4ff9d411e3d,NO_VERIFIABLE_IDENTITY,NO_VERIFIABLE_IDENTITY,Contractors,UNSURE
FZ-02403-225663-276267,01ddf4cc-ca43-4e5f-bf90-92e69bafbcc6,22e21eef-6fa7-4723-a53b-abe2ba1173a7,REVIEW_REQUIRED,REVIEW_REQUIRED,Contractors,UNSURE
FZ-02404-245310-248340,1591fd95-fe68-40e7-841a-eb95313e9cd7,7968df8b-1d57-4b87-b06c-dd3c697244a2,NO_VERIFIABLE_IDENTITY,NO_VERIFIABLE_IDENTITY,Contractors,UNSURE
FZ-02405-226644-257554,4beee414-9c96-444d-96e9-080d72719863,e24bfcb2-8663-40e0-97d4-daca23ffbee1,NO_VERIFIABLE_IDENTITY,NO_VERIFIABLE_IDENTITY,Contractors,UNSURE
FZ-02406-260993-269813,c4a82f4d-6050-4f32-b973-6b45ebbcb961,ab3264ba-3b61-4de3-b7e1-dcd9216043d3,NO_VERIFIABLE_IDENTITY,REVIEW_REQUIRED,Contractors,UNSURE
FZ-02407-243099-248514,b8fc5e14-bdea-47bb-83e6-997cccefdeb4,50f7f6da-37a2-4134-9f9d-b60332554664,NO_VERIFIABLE_IDENTITY,NO_VERIFIABLE_IDENTITY,Contractors,UNSURE
FZ-02408-293094-552694,97fa89af-e29c-42a5-9e2e-4f425bbb6a4f,,DETERMINISTIC_SINGLE_SOURCE,,SFDA,ESCALATE
FZ-02409-297267-554414,0a338689-740a-4a9d-8c55-6a2ad4a84ee2,,DETERMINISTIC_SINGLE_SOURCE,,SFDA,ESCALATE
FZ-02410-237421-269575,278d7d7c-fd17-4bed-8202-ace4fc1c33c2,974565c5-a6a8-430f-ab35-f95fa777179b,NO_VERIFIABLE_IDENTITY,NO_VERIFIABLE_IDENTITY,Contractors,UNSURE
FZ-02411-273115-280453,780ecc95-1022-44ec-a1fe-412512ad1d4e,3f58c80c-95eb-4383-9b43-5a48f868033c,NO_VERIFIABLE_IDENTITY,NO_VERIFIABLE_IDENTITY,Contractors,UNSURE
FZ-02412-228049-269372,c234be3a-ffee-40e6-8aa9-7c86b8bc48ca,0912d740-922f-4c3b-afe1-d6537681dde6,NO_VERIFIABLE_IDENTITY,NO_VERIFIABLE_IDENTITY,Contractors,UNSURE
FZ-02413-236554-274823,f4f0920b-88bd-4788-a9ca-29effec37056,860f70ed-1648-4dd9-a1a8-49fdbc977f9c,NO_VERIFIABLE_IDENTITY,NO_VERIFIABLE_IDENTITY,Contractors,UNSURE
FZ-02414-252869-278040,ca7b30af-68b6-4f3d-aef6-0e2f7b5b59eb,348e4ec4-c462-4d15-ae89-d05084ae951f,NO_VERIFIABLE_IDENTITY,NO_VERIFIABLE_IDENTITY,Contractors,UNSURE
FZ-02415-301721-556285,78668bde-c386-47ac-86c3-de0024129a1c,,DETERMINISTIC_SINGLE_SOURCE,,SFDA,ESCALATE
FZ-02416-301420-556126,dd642cba-ffe9-4afb-b34b-4db84736f280,,DETERMINISTIC_SINGLE_SOURCE,,SFDA,ESCALATE
FZ-02417-301420-556148,dd642cba-ffe9-4afb-b34b-4db84736f280,,DETERMINISTIC_SINGLE_SOURCE,,SFDA,ESCALATE
FZ-02418-556126-556148,,,,,Portfolio Master v1 (existing draft),UNSURE
FZ-02419-259271-264491,9a8223f5-f621-4dc2-b111-043abc8c7b84,35aade72-be83-4a46-85c5-07a12f209353,NO_VERIFIABLE_IDENTITY,NO_VERIFIABLE_IDENTITY,Contractors,UNSURE
FZ-02420-295112-553580,1d070806-00a4-4527-b78f-757581f7ad3c,,DETERMINISTIC_SINGLE_SOURCE,,SFDA,ESCALATE
FZ-02421-315707-318524,55770e5c-d729-4bbe-b900-c6cbd54eba4c,29fe80fa-895a-4240-914e-9670a3a80877,REVIEW_REQUIRED,REVIEW_REQUIRED,Balady,UNSURE
FZ-02422-316905-319722,d21d6219-be09-44a5-854f-e9d440b2dbbf,3d92721a-fa66-4341-bbf1-6e20cbced67f,NO_VERIFIABLE_IDENTITY,NO_VERIFIABLE_IDENTITY,Balady,UNSURE
FZ-02423-316905-567968,d21d6219-be09-44a5-854f-e9d440b2dbbf,,NO_VERIFIABLE_IDENTITY,,Balady,UNSURE
FZ-02424-319722-567968,3d92721a-fa66-4341-bbf1-6e20cbced67f,,NO_VERIFIABLE_IDENTITY,,Balady,UNSURE
FZ-02425-316263-319080,dfb7735e-0f5a-4513-9567-b4718e69c9c5,726ce3af-bd42-4e49-8671-1b675fd7714b,REVIEW_REQUIRED,REVIEW_REQUIRED,Balady,UNSURE
FZ-02426-315205-318022,6d7ca295-9a22-47cc-a9d9-3787bc801737,de4f6457-a326-4df7-84d7-7872a199dcd0,REVIEW_REQUIRED,REVIEW_REQUIRED,Balady,UNSURE
FZ-02427-249514-268585,e8c0973e-438d-450c-a8ce-14af1cc33590,aa5fe43b-bfa7-4236-8f92-de6461e6c9f4,NO_VERIFIABLE_IDENTITY,NO_VERIFIABLE_IDENTITY,Contractors,UNSURE
FZ-02428-247566-264662,cbd075d8-a4f2-403b-8bcf-a78a6ab0e573,c87930f5-3861-4267-8fc4-8ac7deec04fb,NO_VERIFIABLE_IDENTITY,NO_VERIFIABLE_IDENTITY,Contractors,UNSURE
FZ-02429-230880-233848,3b7e6f18-e32c-43be-9da9-de963c8ab27e,94832fbf-69ee-474f-bc4b-6bc96699baad,NO_VERIFIABLE_IDENTITY,NO_VERIFIABLE_IDENTITY,Contractors,UNSURE
FZ-02430-237279-245909,1eaa311d-6a2d-4c22-a89f-d713fed56e87,31c60daa-60bc-487f-94e1-611ac2966caf,NO_VERIFIABLE_IDENTITY,NO_VERIFIABLE_IDENTITY,Contractors,UNSURE
FZ-02431-266901-275566,fa56e2b7-10d2-405e-84a4-ff1e4e7aef64,93a349d7-d1b6-4b87-96e4-3a37f73c3437,NO_VERIFIABLE_IDENTITY,NO_VERIFIABLE_IDENTITY,Contractors,UNSURE
FZ-02432-231716-278738,3401325a-3243-4964-ad41-1c98f6534752,f8d0a6ca-dddb-46e1-b443-46a352c21efe,NO_VERIFIABLE_IDENTITY,NO_VERIFIABLE_IDENTITY,Contractors,UNSURE
FZ-02433-260050-264374,e3bff749-9c79-4255-86d7-ff3e8a04f68b,f2423756-c1d4-4b55-a8bb-c5838e09d30b,NO_VERIFIABLE_IDENTITY,NO_VERIFIABLE_IDENTITY,Contractors,UNSURE
FZ-02434-241321-271481,b5da178a-2a78-4eb2-a3fd-5d4c0e45c14e,c586ed68-66a8-4156-b1f9-f5d68e0b8bde,NO_VERIFIABLE_IDENTITY,NO_VERIFIABLE_IDENTITY,Contractors,UNSURE
FZ-02435-291729-551913,bf8dc461-a35b-4bd5-8c4f-d5515ff1e3ea,,DETERMINISTIC_SINGLE_SOURCE,,SFDA,ESCALATE
FZ-02436-294212-553119,dd912697-ac65-4c5b-b564-1c8eb47c3800,,DETERMINISTIC_SINGLE_SOURCE,,SFDA,ESCALATE
FZ-02437-294178-553104,e6ecfd25-8a8e-4ed8-bcd2-39299ea0e6bf,,DETERMINISTIC_SINGLE_SOURCE,,SFDA,ESCALATE
FZ-02438-288909-550754,fb936144-60e5-42dd-b172-98ccbf702c38,,DETERMINISTIC_SINGLE_SOURCE,,SFDA,ESCALATE
FZ-02439-301267-556083,d70d5b43-b19f-4c8e-8223-8d7b6996275d,,DETERMINISTIC_SINGLE_SOURCE,,SFDA,ESCALATE
FZ-02440-303252-371325,5ca6c16b-a11f-4e02-b2cf-476d0a8298ba,,DETERMINISTIC_SINGLE_SOURCE,,SFDA,ESCALATE
FZ-02441-299407-555263,c0931bd7-68f4-4a85-89da-3b820b02242b,,DETERMINISTIC_SINGLE_SOURCE,,SFDA,ESCALATE
FZ-02442-37869-222013,d3e3ed54-2611-4c05-b108-c16d6f1127e8,db08caae-742d-4cf1-b34e-33684425894a,REVIEW_REQUIRED,REVIEW_REQUIRED,Saudi Companies Directory,UNSURE
FZ-02443-37869-376610,d3e3ed54-2611-4c05-b108-c16d6f1127e8,,REVIEW_REQUIRED,,Saudi Companies Directory,UNSURE
FZ-02444-222013-376610,db08caae-742d-4cf1-b34e-33684425894a,,REVIEW_REQUIRED,,Saudi Companies Directory,UNSURE
FZ-02445-297998-554700,2233ddb2-dbb6-4214-aeeb-d9254d856c39,,DETERMINISTIC_SINGLE_SOURCE,,SFDA,ESCALATE
FZ-02446-283829-451727,b8d3aee7-3e1f-403b-aa81-30f322eb966b,,REVIEW_REQUIRED,,Suppliers,UNSURE
FZ-02447-288652-550663,5f5e1960-e65f-42b5-a793-af0ee7a7ec05,,DETERMINISTIC_SINGLE_SOURCE,,SFDA,ESCALATE
FZ-02448-298000-554702,d83f6a50-7d43-4c6e-a6e9-a18111b705f6,,DETERMINISTIC_SINGLE_SOURCE,,SFDA,ESCALATE
FZ-02449-304852-557602,6e90a385-f82d-4477-a61f-99a66d19c2c7,,DETERMINISTIC_SINGLE_SOURCE,,SFDA,ESCALATE
FZ-02450-234853-259060,ec1d52e0-1293-4d8d-99f2-09e91dcc2477,37436c61-3afc-451e-b9d2-5cd8318bf8f6,NO_VERIFIABLE_IDENTITY,NO_VERIFIABLE_IDENTITY,Contractors,UNSURE
FZ-02451-299734-555417,d8a34315-4204-48db-b227-da95e8dd45db,,DETERMINISTIC_SINGLE_SOURCE,,SFDA,ESCALATE
FZ-02452-299981-555548,8c5e985f-7062-4af9-a521-4e835cb33304,,DETERMINISTIC_SINGLE_SOURCE,,SFDA,ESCALATE
FZ-02453-301559-556192,9275a74f-096f-4386-8317-1551e49da4df,,DETERMINISTIC_SINGLE_SOURCE,,SFDA,ESCALATE
FZ-02454-301490-556163,d325f50f-6bdf-47ab-acdb-668aaa1f5d54,,DETERMINISTIC_SINGLE_SOURCE,,SFDA,ESCALATE
FZ-02455-294500-553250,62848eac-d12c-4967-a255-9eaac8d0844d,,DETERMINISTIC_SINGLE_SOURCE,,SFDA,ESCALATE
FZ-02456-293283-552736,07b53c2d-6dda-40a9-8ee6-d28554460637,,DETERMINISTIC_SINGLE_SOURCE,,SFDA,ESCALATE
FZ-02457-281937-294666,63211328-b47e-491d-a19f-bde2c18a17b6,3da2d150-17e0-439b-b9d7-8256e7cf5b89,REVIEW_REQUIRED,DETERMINISTIC_SINGLE_SOURCE,Suppliers,ESCALATE
FZ-02458-281937-492843,63211328-b47e-491d-a19f-bde2c18a17b6,,REVIEW_REQUIRED,,Suppliers,UNSURE
FZ-02459-294666-492843,3da2d150-17e0-439b-b9d7-8256e7cf5b89,,DETERMINISTIC_SINGLE_SOURCE,,SFDA,ESCALATE
FZ-02460-224391-298542,a5d8f097-483a-492c-adb8-c9e8bb54518c,bf41cb39-ba94-4804-8124-9ec1d9635cf5,REVIEW_REQUIRED,DETERMINISTIC_SINGLE_SOURCE,Saudi Companies Directory,ESCALATE
FZ-02461-298601-554922,53d03551-a954-4409-ab96-b7af40abb05e,,DETERMINISTIC_SINGLE_SOURCE,,SFDA,ESCALATE
FZ-02462-290347-290348,9d41d491-71fe-411a-8480-d5a0e557d03f,95fd2fea-52cd-4f73-9d46-38490a030cc7,DETERMINISTIC_SINGLE_SOURCE,DETERMINISTIC_SINGLE_SOURCE,SFDA,HIGH_SEPARATE_CANDIDATE
FZ-02463-299671-299673,31185a51-2213-49b1-b93d-a96a82110477,31976114-bcbd-45f8-b1d7-2f242d15d05f,DETERMINISTIC_SINGLE_SOURCE,DETERMINISTIC_SINGLE_SOURCE,SFDA,HIGH_SEPARATE_CANDIDATE
FZ-02464-224546-284392,d1526728-7501-4cbb-9799-b5c814c94664,52d2fe8c-8eac-470f-8958-5903b5b55791,REVIEW_REQUIRED,REVIEW_REQUIRED,Contractors,UNSURE
FZ-02465-226764-227747,2b0571f4-d335-4875-b540-838fb2f834b2,10d11b58-df16-401d-a7d3-aa0fc7003f3b,NO_VERIFIABLE_IDENTITY,REVIEW_REQUIRED,Contractors,UNSURE
FZ-02466-282281-514384,11a86910-1d15-4f10-a344-97d6e542ed42,,REVIEW_REQUIRED,,Suppliers,UNSURE
FZ-02467-302002-556356,b1423212-7f9c-443d-ae53-2eebdfb67f56,,DETERMINISTIC_SINGLE_SOURCE,,SFDA,ESCALATE
FZ-02468-237691-266966,17fec59f-aafb-4998-9f50-62b4112cd766,2a07e147-3ceb-42c7-9b2b-373a936bf8a8,NO_VERIFIABLE_IDENTITY,NO_VERIFIABLE_IDENTITY,Contractors,UNSURE
FZ-02469-289209-550850,87ea6299-c489-4428-98fc-15e408c28311,,DETERMINISTIC_SINGLE_SOURCE,,SFDA,ESCALATE
FZ-02470-228545-259701,1e21604b-bd2d-4554-80e2-4d967fff3305,b6418142-a2d6-465b-a3ee-983b5c211509,NO_VERIFIABLE_IDENTITY,NO_VERIFIABLE_IDENTITY,Contractors,UNSURE
FZ-02471-228545-265742,1e21604b-bd2d-4554-80e2-4d967fff3305,820cc7f7-4546-44aa-bb2e-537d768f4dd5,NO_VERIFIABLE_IDENTITY,NO_VERIFIABLE_IDENTITY,Contractors,UNSURE
FZ-02472-290729-551452,70f4525e-5ef8-4d90-a0a7-70c568e3eea2,,DETERMINISTIC_SINGLE_SOURCE,,SFDA,ESCALATE
FZ-02473-303251-303254,e16c0dd9-7931-4742-a4d6-94fd3ab85ee2,55ea3f67-bf91-4f2c-9862-9c9dcee9c3b5,DETERMINISTIC_SINGLE_SOURCE,DETERMINISTIC_SINGLE_SOURCE,SFDA,HIGH_SEPARATE_CANDIDATE
FZ-02474-303251-303255,e16c0dd9-7931-4742-a4d6-94fd3ab85ee2,748f4b8d-17ce-4037-b54e-3d5608b3663a,DETERMINISTIC_SINGLE_SOURCE,DETERMINISTIC_SINGLE_SOURCE,SFDA,HIGH_SEPARATE_CANDIDATE
FZ-02475-303254-303255,55ea3f67-bf91-4f2c-9862-9c9dcee9c3b5,748f4b8d-17ce-4037-b54e-3d5608b3663a,DETERMINISTIC_SINGLE_SOURCE,DETERMINISTIC_SINGLE_SOURCE,SFDA,HIGH_SEPARATE_CANDIDATE
FZ-02476-6480-292588,f4f83bc7-20a5-4c9d-8ba4-c49a4aeba7aa,52fc42e9-75a0-4dab-abdf-bdff39d350ec,REVIEW_REQUIRED,DETERMINISTIC_SINGLE_SOURCE,Saudi Companies Directory,ESCALATE
FZ-02477-6480-346508,f4f83bc7-20a5-4c9d-8ba4-c49a4aeba7aa,,REVIEW_REQUIRED,,Saudi Companies Directory,UNSURE
FZ-02478-292588-346508,52fc42e9-75a0-4dab-abdf-bdff39d350ec,,DETERMINISTIC_SINGLE_SOURCE,,SFDA,ESCALATE
FZ-02479-300661-555795,ce8a86d6-f3fc-4b26-b487-9dd421f2d2e8,,DETERMINISTIC_SINGLE_SOURCE,,SFDA,ESCALATE
FZ-02480-295168-553608,b28a6fec-653c-48f6-a061-74d972a03186,,DETERMINISTIC_SINGLE_SOURCE,,SFDA,ESCALATE
FZ-02481-297131-554353,8bee8e45-dd1f-44c6-bb3b-9629111d9130,,DETERMINISTIC_SINGLE_SOURCE,,SFDA,ESCALATE
FZ-02482-155324-359902,b84514a2-4672-4d2d-928f-03892f5b4198,,REVIEW_REQUIRED,,Saudi Companies Directory,UNSURE
FZ-02483-565684-565767,,,,,Portfolio Master v1 (existing draft),UNSURE
FZ-02484-565684-565792,,,,,Portfolio Master v1 (existing draft),UNSURE
FZ-02485-565684-565845,,,,,Portfolio Master v1 (existing draft),UNSURE
FZ-02486-565684-565946,,,,,Portfolio Master v1 (existing draft),UNSURE
FZ-02487-565684-565955,,,,,Portfolio Master v1 (existing draft),UNSURE
FZ-02488-565684-565965,,,,,Portfolio Master v1 (existing draft),UNSURE
FZ-02489-565684-565975,,,,,Portfolio Master v1 (existing draft),UNSURE
FZ-02490-565767-565792,,,,,Portfolio Master v1 (existing draft),UNSURE
FZ-02491-565767-565845,,,,,Portfolio Master v1 (existing draft),UNSURE
FZ-02492-565767-565946,,,,,Portfolio Master v1 (existing draft),UNSURE
FZ-02493-565767-565955,,,,,Portfolio Master v1 (existing draft),UNSURE
FZ-02494-565767-565965,,,,,Portfolio Master v1 (existing draft),UNSURE
FZ-02495-565767-565975,,,,,Portfolio Master v1 (existing draft),UNSURE
FZ-02496-565792-565845,,,,,Portfolio Master v1 (existing draft),UNSURE
FZ-02497-565792-565946,,,,,Portfolio Master v1 (existing draft),UNSURE
FZ-02498-565792-565955,,,,,Portfolio Master v1 (existing draft),UNSURE
FZ-02499-565792-565965,,,,,Portfolio Master v1 (existing draft),UNSURE
FZ-02500-565792-565975,,,,,Portfolio Master v1 (existing draft),UNSURE
FZ-02501-565845-565946,,,,,Portfolio Master v1 (existing draft),UNSURE
FZ-02502-565845-565955,,,,,Portfolio Master v1 (existing draft),UNSURE
FZ-02503-565845-565965,,,,,Portfolio Master v1 (existing draft),UNSURE
FZ-02504-565845-565975,,,,,Portfolio Master v1 (existing draft),UNSURE
FZ-02505-565946-565955,,,,,Portfolio Master v1 (existing draft),UNSURE
FZ-02506-565946-565965,,,,,Portfolio Master v1 (existing draft),UNSURE
FZ-02507-565946-565975,,,,,Portfolio Master v1 (existing draft),UNSURE
FZ-02508-565955-565965,,,,,Portfolio Master v1 (existing draft),UNSURE
FZ-02509-565955-565975,,,,,Portfolio Master v1 (existing draft),UNSURE
FZ-02510-565965-565975,,,,,Portfolio Master v1 (existing draft),UNSURE
FZ-02511-284088-410048,328ce4bd-5714-46f0-8d15-d42487a821b4,,REVIEW_REQUIRED,,Suppliers,UNSURE
FZ-02512-553730-553737,,,,,Portfolio Master v1 (existing draft),UNSURE
FZ-02513-553730-553738,,,,,Portfolio Master v1 (existing draft),UNSURE
FZ-02514-553737-553738,,,,,Portfolio Master v1 (existing draft),UNSURE
FZ-02515-252191-267992,6dd90524-505f-4f80-8cf3-1603dc6114da,8130bede-84af-49a7-96d6-bf31cc0ddcbe,NO_VERIFIABLE_IDENTITY,NO_VERIFIABLE_IDENTITY,Contractors,UNSURE
FZ-02516-297034-346944,06e996ac-8c9d-432b-adb3-1bf4324bc686,,DETERMINISTIC_SINGLE_SOURCE,,SFDA,ESCALATE
FZ-02517-257705-279734,77653bc8-6ca9-40e4-957c-31da4e63fda1,c22a4757-4d75-4648-b18f-130279bb3b4f,NO_VERIFIABLE_IDENTITY,NO_VERIFIABLE_IDENTITY,Contractors,UNSURE
FZ-02518-257182-272452,2a2260d3-a950-44d5-aa07-56af964c29ab,2fb9106a-ae82-4be4-886c-78538f8b603f,NO_VERIFIABLE_IDENTITY,NO_VERIFIABLE_IDENTITY,Contractors,UNSURE
FZ-02519-294064-553073,3e536975-b5e2-40d1-883f-6b9dc2f4c84e,,DETERMINISTIC_SINGLE_SOURCE,,SFDA,ESCALATE
FZ-02520-235528-260862,24ad47ef-c9b0-4ce7-afaf-3523eeca87f3,3bc4c854-6e03-4909-b6ff-afd103f32260,REVIEW_REQUIRED,NO_VERIFIABLE_IDENTITY,Contractors,UNSURE
FZ-02521-298096-554747,54ad8d54-e2e6-46eb-86af-333e3d3b81eb,,DETERMINISTIC_SINGLE_SOURCE,,SFDA,ESCALATE
FZ-02522-238391-276419,7e887eec-5a60-4519-bcd9-c816091dab92,b8dda81f-7c4e-47ea-8988-9fb8ec8e91fc,NO_VERIFIABLE_IDENTITY,NO_VERIFIABLE_IDENTITY,Contractors,UNSURE
FZ-02523-225987-238309,acff7a39-2ffe-4d8b-9e52-eb4b00cccd50,926cde4b-ff9c-487f-be5c-feab391482bb,NO_VERIFIABLE_IDENTITY,NO_VERIFIABLE_IDENTITY,Contractors,UNSURE
FZ-02524-225987-277439,acff7a39-2ffe-4d8b-9e52-eb4b00cccd50,e75a9028-4d73-475e-9090-0ba761575653,NO_VERIFIABLE_IDENTITY,NO_VERIFIABLE_IDENTITY,Contractors,UNSURE
FZ-02525-226296-272031,67de44b9-28c7-43bb-a5ef-875e2e5f358a,8ae00084-05b5-4b7d-a716-390a5a2856b9,NO_VERIFIABLE_IDENTITY,NO_VERIFIABLE_IDENTITY,Contractors,UNSURE
FZ-02526-238309-277439,926cde4b-ff9c-487f-be5c-feab391482bb,e75a9028-4d73-475e-9090-0ba761575653,NO_VERIFIABLE_IDENTITY,NO_VERIFIABLE_IDENTITY,Contractors,UNSURE
FZ-02527-245398-264633,79ce40b9-d502-4809-a03e-5140aea8e5fb,85c9bf8f-52e0-4381-8356-e7a1a0c7e23f,REVIEW_REQUIRED,REVIEW_REQUIRED,Contractors,UNSURE
FZ-02528-249850-281151,b9795435-6bcc-465f-8299-56ebd73a0743,3c3333dd-7e76-4f2c-80dd-4fe2162e6d15,NO_VERIFIABLE_IDENTITY,NO_VERIFIABLE_IDENTITY,Contractors,UNSURE
FZ-02529-268493-281088,3b8b5d81-2114-4104-800b-93fabac78a0f,4b961413-0902-4b62-9f76-6469ef8c193f,NO_VERIFIABLE_IDENTITY,NO_VERIFIABLE_IDENTITY,Contractors,UNSURE
FZ-02530-245899-268058,adde69de-3eca-4227-9bf4-c0659e003096,63baf7c9-fa79-4b2a-a39e-80ebead02248,NO_VERIFIABLE_IDENTITY,NO_VERIFIABLE_IDENTITY,Contractors,UNSURE
FZ-02531-283100-283101,7714630f-1818-4a82-b5a1-245223f90a21,ea632888-59f1-421e-9f9c-b8f200f2576a,REVIEW_REQUIRED,REVIEW_REQUIRED,Suppliers,UNSURE
FZ-02532-230641-274630,1ce08f0d-e86a-406b-9d3c-a1c71c5e143a,81b211e2-9323-4544-8d3c-588fe3574a9a,NO_VERIFIABLE_IDENTITY,NO_VERIFIABLE_IDENTITY,Contractors,UNSURE
FZ-02533-245858-261812,4940a8d8-4234-4ed1-8c2f-fb167f059ff2,71927e57-906a-4c9e-a966-24ca65787154,NO_VERIFIABLE_IDENTITY,NO_VERIFIABLE_IDENTITY,Contractors,UNSURE
FZ-02534-238939-242314,c712488e-7b2f-4d36-a4fd-dbb02ec8028e,dcbea53b-800c-4545-be71-eaff021a9a84,NO_VERIFIABLE_IDENTITY,NO_VERIFIABLE_IDENTITY,Contractors,UNSURE
FZ-02535-233945-272371,9ac27ce9-d4be-40f2-9da0-5b52ab12bc5e,ff6a29d5-e9ba-4278-8a81-f0be225eded9,REVIEW_REQUIRED,REVIEW_REQUIRED,Contractors,UNSURE
FZ-02536-229623-252642,d4172999-561d-401f-a2aa-3e223950f878,7126336c-821b-4535-8436-c34cd5f044e0,REVIEW_REQUIRED,NO_VERIFIABLE_IDENTITY,Contractors,UNSURE
FZ-02537-239833-276379,09bde850-14b1-425a-abf4-63d38518412e,05807f9c-0a3e-4c52-a0f0-15c30a5cf954,NO_VERIFIABLE_IDENTITY,NO_VERIFIABLE_IDENTITY,Contractors,UNSURE
FZ-02538-243517-268017,e447dbdf-158e-4dce-aeab-9af670e69d50,bd008793-713a-4c78-8d0f-65e35e6642cc,NO_VERIFIABLE_IDENTITY,NO_VERIFIABLE_IDENTITY,Contractors,UNSURE
FZ-02539-249864-277031,cd0e355b-8f03-4e0a-867a-ab6d942f2e83,adea8f90-cb63-49b8-8063-385ec75b0604,NO_VERIFIABLE_IDENTITY,NO_VERIFIABLE_IDENTITY,Contractors,UNSURE
FZ-02540-249864-280542,cd0e355b-8f03-4e0a-867a-ab6d942f2e83,a04b288c-a386-4eb5-9211-47a650226fc7,NO_VERIFIABLE_IDENTITY,NO_VERIFIABLE_IDENTITY,Contractors,UNSURE
FZ-02541-238193-270848,745a351b-6e85-4d09-b80e-7b45a1b62574,3774b407-f349-4792-8da3-221e5f280275,NO_VERIFIABLE_IDENTITY,NO_VERIFIABLE_IDENTITY,Contractors,UNSURE
FZ-02542-240323-270848,d986ade8-dfd4-473f-9103-28668b9f232b,3774b407-f349-4792-8da3-221e5f280275,REVIEW_REQUIRED,NO_VERIFIABLE_IDENTITY,Contractors,UNSURE
FZ-02543-258983-261087,b16e1e3d-9109-4ba0-9a60-3571a07e8eb9,01f2639e-986a-446c-ae4c-d3d1fdc3f452,NO_VERIFIABLE_IDENTITY,REVIEW_REQUIRED,Contractors,UNSURE
FZ-02544-241232-253466,cc55ba24-f11c-4249-a7aa-a27ca552c86d,64c9a11c-51f1-49e1-834d-cce53cefb34f,NO_VERIFIABLE_IDENTITY,NO_VERIFIABLE_IDENTITY,Contractors,UNSURE
FZ-02545-250314-252185,7b9b33d8-4a74-4198-8f40-b72eabbe498a,6c76098b-8f92-4474-aa0a-5d855140e5a9,NO_VERIFIABLE_IDENTITY,NO_VERIFIABLE_IDENTITY,Contractors,UNSURE
FZ-02546-247765-257833,d8f4034d-8238-4aea-add4-e3ab3f158ea7,3292cc5e-e1d1-4cda-8680-7845cb915540,REVIEW_REQUIRED,NO_VERIFIABLE_IDENTITY,Contractors,UNSURE
FZ-02547-226504-238036,063ed58b-2940-4741-98e1-834b9b6ee686,13d7eb82-6969-4135-8b59-6361131fb421,REVIEW_REQUIRED,REVIEW_REQUIRED,Contractors,UNSURE
FZ-02548-234232-269196,861c2285-13ec-43e8-8e22-40d11fef2d6e,71b12a41-fac8-4c48-ad7f-0492d8c08f9e,REVIEW_REQUIRED,REVIEW_REQUIRED,Contractors,UNSURE
FZ-02549-231022-261461,eb698244-4277-494f-8ca9-f9025dc7ae87,c0bddf93-60ad-4104-8365-0c419ebbe221,NO_VERIFIABLE_IDENTITY,NO_VERIFIABLE_IDENTITY,Contractors,UNSURE
FZ-02550-286170-549653,310fb643-5400-433f-87e1-f58981cee4d5,,DETERMINISTIC_SINGLE_SOURCE,,SFDA,ESCALATE
FZ-02551-234274-257525,046c5bb7-7522-4a11-bf7d-e2708220951a,3120426a-2fef-4851-af8c-74c94feaceaf,REVIEW_REQUIRED,NO_VERIFIABLE_IDENTITY,Contractors,UNSURE
FZ-02552-281668-281677,334c7e97-fa3c-4c27-afa1-543788b06304,a223d709-37b7-4c3f-95a0-ac5dfb812ef6,REVIEW_REQUIRED,REVIEW_REQUIRED,Suppliers,UNSURE
FZ-02553-251151-281404,eb048a16-80b8-43cc-84d2-07f3a7b1b962,fea9657b-e7c3-4470-8d10-ca40bed4c282,NO_VERIFIABLE_IDENTITY,NO_VERIFIABLE_IDENTITY,Contractors,UNSURE
FZ-02554-230496-245439,fc02b6f7-1e2e-4c2c-b2b4-afabb24b35a3,67fcc394-7a31-4e40-a19c-ec76b81e5345,NO_VERIFIABLE_IDENTITY,NO_VERIFIABLE_IDENTITY,Contractors,UNSURE
FZ-02555-301220-556058,d216c961-d399-429a-a554-920d85aaced4,,DETERMINISTIC_SINGLE_SOURCE,,SFDA,ESCALATE
FZ-02556-283806-489469,a747b676-65b8-40fd-9d61-e1350045f8c0,,REVIEW_REQUIRED,,Suppliers,UNSURE
FZ-02557-271816-353740,6e3d1aaf-73ee-4311-8de3-a2ce7ab47ae3,,NO_VERIFIABLE_IDENTITY,,Contractors,UNSURE
FZ-02558-237091-265537,d02f7bc6-8ced-41cc-83a5-84c394452431,4fc3b9f4-cc36-4bb8-9ecd-64ea4461037d,NO_VERIFIABLE_IDENTITY,NO_VERIFIABLE_IDENTITY,Contractors,UNSURE
FZ-02559-244794-257818,d65e0fb7-faad-422a-aecb-759dc08f4680,cb466e7e-268a-49d7-a658-0c39c0d128d2,NO_VERIFIABLE_IDENTITY,NO_VERIFIABLE_IDENTITY,Contractors,UNSURE
FZ-02560-260837-274784,cbcf76a9-9cc9-4d24-b594-f83b383fb91f,3d1c86ea-beef-40cc-b98d-58b60bf0aa85,NO_VERIFIABLE_IDENTITY,NO_VERIFIABLE_IDENTITY,Contractors,UNSURE
FZ-02561-281769-357943,4cc187e3-9195-4ac8-b425-2480ad3edd9c,,REVIEW_REQUIRED,,Suppliers,UNSURE
FZ-02562-284241-284243,c118d734-1484-4dd6-8f15-69e8ff1c5faa,d4c15669-eb84-4761-9592-72a6153e7d53,REVIEW_REQUIRED,REVIEW_REQUIRED,Suppliers,UNSURE
FZ-02563-300886-555912,d47dc025-d943-4ff9-88f5-dc813de0ce72,,DETERMINISTIC_SINGLE_SOURCE,,SFDA,ESCALATE
FZ-02564-255361-260676,0358f913-abef-4c9d-a0ce-ab77fe0de729,e3a07b5b-47c6-4b15-9e02-99fac49a2953,REVIEW_REQUIRED,NO_VERIFIABLE_IDENTITY,Contractors,UNSURE
FZ-02565-278629-280613,8cb625b3-8ad9-41cf-b8cd-fb398766e617,b6ead455-bf77-49fa-89d6-2bca37bfe2b3,NO_VERIFIABLE_IDENTITY,NO_VERIFIABLE_IDENTITY,Contractors,UNSURE
FZ-02566-297311-554435,089df6d7-c877-4cef-b589-e9bf10639e89,,DETERMINISTIC_SINGLE_SOURCE,,SFDA,ESCALATE
FZ-02567-275779-281355,d65f4edc-087c-4a2e-8f3c-d765eb8aa36d,29645fb8-0963-4b8f-9166-c86541e1aa40,NO_VERIFIABLE_IDENTITY,NO_VERIFIABLE_IDENTITY,Contractors,UNSURE
FZ-02568-234305-265105,0fbf498d-8711-4413-9784-db736e78215b,4ca1dba1-b3fd-453e-b3e1-6f2d4e4d4f3c,NO_VERIFIABLE_IDENTITY,NO_VERIFIABLE_IDENTITY,Contractors,UNSURE
FZ-02569-300833-555893,ac0ec8c1-8dc7-430e-b8f8-b6bcda49d456,,DETERMINISTIC_SINGLE_SOURCE,,SFDA,ESCALATE
FZ-02570-229540-230149,087060d9-ae8f-4046-b365-e47431d0f5b7,170caa47-7ab0-4687-b20e-cc9a5878bb02,NO_VERIFIABLE_IDENTITY,NO_VERIFIABLE_IDENTITY,Contractors,UNSURE
FZ-02571-228198-263775,e2986e18-da66-4c77-ac68-50801d31d5ba,092476ff-fb53-4628-998e-903b4c8d2cad,NO_VERIFIABLE_IDENTITY,NO_VERIFIABLE_IDENTITY,Contractors,UNSURE
FZ-02572-243212-278033,72eaa1fe-4aad-4b91-aa94-944a5b6fc48c,62045e47-7445-443d-b1b4-52c6d0cf4e11,NO_VERIFIABLE_IDENTITY,NO_VERIFIABLE_IDENTITY,Contractors,UNSURE
FZ-02573-256739-266659,4e1b7dc0-24c3-4171-9d5b-74b4b05d6c35,02f41f70-bda5-43ea-b140-acf37cb29797,NO_VERIFIABLE_IDENTITY,NO_VERIFIABLE_IDENTITY,Contractors,UNSURE
FZ-02574-228610-233019,0eb97343-b67d-4ee2-8718-c04c6b1190e3,5e8383b8-f417-4083-bc63-2fba477a43e0,NO_VERIFIABLE_IDENTITY,NO_VERIFIABLE_IDENTITY,Contractors,UNSURE
FZ-02575-246292-269955,06c4a6fc-9b30-40c8-b05f-d5aa9c4ce8ac,1c5e3ed4-f0cf-4130-b3c4-683db0814015,NO_VERIFIABLE_IDENTITY,NO_VERIFIABLE_IDENTITY,Contractors,UNSURE
FZ-02576-227841-266259,f2de134c-5e33-464c-955c-37f48f490bce,88ed5ef9-9192-4a35-a02c-0aa5fd3ce323,REVIEW_REQUIRED,NO_VERIFIABLE_IDENTITY,Contractors,UNSURE
FZ-02577-258616-279165,72adab9a-694a-4fac-a1aa-c1de3f305d9a,49cd3368-94a0-4599-9a5e-18ade38fb699,NO_VERIFIABLE_IDENTITY,REVIEW_REQUIRED,Contractors,UNSURE
FZ-02578-249118-258546,ce126182-faad-4d27-a867-e80669b98915,3060cff1-ec51-40bc-937f-d7e246ea582f,NO_VERIFIABLE_IDENTITY,NO_VERIFIABLE_IDENTITY,Contractors,UNSURE
FZ-02579-259591-266441,85d7e6c9-b6b6-4fb4-a508-6566ff1aac7e,58c6105b-aa9c-4857-8031-d9ef48c6837b,NO_VERIFIABLE_IDENTITY,NO_VERIFIABLE_IDENTITY,Contractors,UNSURE
FZ-02580-250664-271157,66e84be8-461f-43ef-bdbe-3b10164a576f,5f2c9abd-4350-421f-a3af-083bb11bbfa9,NO_VERIFIABLE_IDENTITY,NO_VERIFIABLE_IDENTITY,Contractors,UNSURE
FZ-02581-236083-268280,537c6718-9c48-49ea-b4ae-af6cbe7dcfb4,144ab551-01ce-4207-9b35-065f4633b6b0,NO_VERIFIABLE_IDENTITY,NO_VERIFIABLE_IDENTITY,Contractors,UNSURE
FZ-02582-253934-258423,af53ae37-9bf6-45e8-be41-4729b96719e3,5c7a652b-b10c-45e2-9856-5a96c7c51ef6,NO_VERIFIABLE_IDENTITY,NO_VERIFIABLE_IDENTITY,Contractors,UNSURE
FZ-02583-241695-243521,13df11d4-f75d-4c91-9eb4-95c7417ebaae,98005cc2-f90e-413e-ac1b-a84d29690383,NO_VERIFIABLE_IDENTITY,REVIEW_REQUIRED,Contractors,UNSURE
FZ-02584-38017-376754,0f878943-dd31-48af-8849-4cf872d7a6c6,,REVIEW_REQUIRED,,Saudi Companies Directory,UNSURE
FZ-02585-249420-276164,6e3b25bd-d95b-484d-be7b-400f95b36341,297fe9e5-77e6-4031-9819-8f76b9889800,NO_VERIFIABLE_IDENTITY,NO_VERIFIABLE_IDENTITY,Contractors,UNSURE
FZ-02586-276898-279815,462c4c0a-040f-4193-9b5f-12d8c214eeef,914a2c87-d99a-4f1f-9bc1-e46db2bcadbf,NO_VERIFIABLE_IDENTITY,NO_VERIFIABLE_IDENTITY,Contractors,UNSURE
FZ-02587-233710-236048,fb75df12-a7ea-4ed9-9eb8-5ff4ffa2181d,d9042040-07fc-4b7e-9ab2-7abe4e30f9c1,REVIEW_REQUIRED,NO_VERIFIABLE_IDENTITY,Contractors,UNSURE
FZ-02588-225304-240042,7fc75ed7-c1a6-49bb-8761-b6007c2c6670,361a37f5-ad94-45fb-898e-e7291b4defeb,NO_VERIFIABLE_IDENTITY,REVIEW_REQUIRED,Contractors,UNSURE
FZ-02589-225304-255877,7fc75ed7-c1a6-49bb-8761-b6007c2c6670,ffdc7826-a65b-4c6b-9082-0a1c8413172f,NO_VERIFIABLE_IDENTITY,NO_VERIFIABLE_IDENTITY,Contractors,UNSURE
FZ-02590-240042-255877,361a37f5-ad94-45fb-898e-e7291b4defeb,ffdc7826-a65b-4c6b-9082-0a1c8413172f,REVIEW_REQUIRED,NO_VERIFIABLE_IDENTITY,Contractors,UNSURE
FZ-02591-228486-263985,dcb81bb3-64ee-4105-bfc7-9769514c62b9,162c9f41-8d7c-43b0-bcd4-0b069e8a7d44,NO_VERIFIABLE_IDENTITY,NO_VERIFIABLE_IDENTITY,Contractors,UNSURE
FZ-02592-252557-276584,2973153f-2eea-441f-96de-a9432c3f8842,9bb597eb-714a-46ad-9ee6-7efaf07cbf4e,NO_VERIFIABLE_IDENTITY,NO_VERIFIABLE_IDENTITY,Contractors,UNSURE
FZ-02593-296747-554128,9fe7f473-1b22-4c02-96ff-a6409452ff7a,,DETERMINISTIC_SINGLE_SOURCE,,SFDA,ESCALATE
FZ-02594-287268-287970,251314b1-de62-41e3-a5db-5d257c35e26b,a803b89e-e42d-4e20-bb76-dcd8ac295f71,DETERMINISTIC_SINGLE_SOURCE,DETERMINISTIC_SINGLE_SOURCE,SFDA,HIGH_SEPARATE_CANDIDATE
FZ-02595-287268-343295,251314b1-de62-41e3-a5db-5d257c35e26b,,DETERMINISTIC_SINGLE_SOURCE,,SFDA,ESCALATE
FZ-02596-287970-343295,a803b89e-e42d-4e20-bb76-dcd8ac295f71,,DETERMINISTIC_SINGLE_SOURCE,,SFDA,ESCALATE
FZ-02597-315387-318204,423b9412-330d-476b-8306-03154e772902,4a0decb3-ad3c-4c29-84ed-b2f6ed75f49b,REVIEW_REQUIRED,REVIEW_REQUIRED,Balady,UNSURE
FZ-02598-315387-321493,423b9412-330d-476b-8306-03154e772902,8ff0a552-68ba-459c-bcca-0c2556f0c3cd,REVIEW_REQUIRED,REVIEW_REQUIRED,Balady,UNSURE
FZ-02599-318204-321493,4a0decb3-ad3c-4c29-84ed-b2f6ed75f49b,8ff0a552-68ba-459c-bcca-0c2556f0c3cd,REVIEW_REQUIRED,REVIEW_REQUIRED,Balady,UNSURE
FZ-02600-314636-317452,14b02fdc-b802-4095-84f4-5a6b50537ec8,c178386f-7321-4819-a880-ef94ab281a5b,NO_VERIFIABLE_IDENTITY,NO_VERIFIABLE_IDENTITY,Balady,UNSURE
FZ-02601-314636-566268,14b02fdc-b802-4095-84f4-5a6b50537ec8,,NO_VERIFIABLE_IDENTITY,,Balady,UNSURE
FZ-02602-317452-566268,c178386f-7321-4819-a880-ef94ab281a5b,,NO_VERIFIABLE_IDENTITY,,Balady,UNSURE
FZ-02603-320043-320626,03bca566-0d01-4a8d-9f18-ef838922bf97,e8677947-d169-4ab0-a118-11582c4622d4,REVIEW_REQUIRED,REVIEW_REQUIRED,Balady,UNSURE
FZ-02604-314374-317190,39a5e2e0-c730-4dba-93bf-5c93622894ff,b0c9856d-9066-4db6-b133-a4c9826cc078,REVIEW_REQUIRED,REVIEW_REQUIRED,Balady,UNSURE
FZ-02605-314374-566058,39a5e2e0-c730-4dba-93bf-5c93622894ff,,REVIEW_REQUIRED,,Balady,UNSURE
FZ-02606-315408-318225,b95d08bb-56c1-40a8-a5ee-21d63b9294ef,0a8f912b-c2d8-43ff-863d-34eaa6728d00,REVIEW_REQUIRED,REVIEW_REQUIRED,Balady,UNSURE
FZ-02607-317190-566058,b0c9856d-9066-4db6-b133-a4c9826cc078,,REVIEW_REQUIRED,,Balady,UNSURE
FZ-02608-315111-317928,da2183a6-9d94-4f90-bf1b-bad14133805c,d2e4e0d3-8b72-49f1-921b-ee85e2f45b82,NO_VERIFIABLE_IDENTITY,NO_VERIFIABLE_IDENTITY,Balady,UNSURE
FZ-02609-267334-275916,e08b5f67-cb2c-4ea9-b00d-a03143751c00,ff29f721-da8e-47ee-89fd-59be204afc5a,NO_VERIFIABLE_IDENTITY,NO_VERIFIABLE_IDENTITY,Contractors,UNSURE
FZ-02610-270114-273723,832286e5-1f26-409a-a5b9-d715f8a954ff,2b7fbf2c-0655-4ff1-bc1b-b100758002fa,NO_VERIFIABLE_IDENTITY,NO_VERIFIABLE_IDENTITY,Contractors,UNSURE
FZ-02611-232680-266247,53c29d1e-96e8-4e24-b533-1719430d57a9,f1c6b338-013a-4c13-b12b-7665da580dcb,NO_VERIFIABLE_IDENTITY,NO_VERIFIABLE_IDENTITY,Contractors,UNSURE
FZ-02612-236368-252681,96b95c63-83a5-4ecd-b1be-71d498a274da,de76a615-2a2b-4993-ba45-54647f4168f1,NO_VERIFIABLE_IDENTITY,NO_VERIFIABLE_IDENTITY,Contractors,UNSURE
FZ-02613-254635-270271,ce58723d-2337-4f46-88b4-67d7735c96c6,991cff34-52f0-4ac1-975c-7de12214bd78,NO_VERIFIABLE_IDENTITY,NO_VERIFIABLE_IDENTITY,Contractors,UNSURE
FZ-02614-254635-277168,ce58723d-2337-4f46-88b4-67d7735c96c6,bd97457c-3944-4fc9-b24b-431a0a808585,NO_VERIFIABLE_IDENTITY,NO_VERIFIABLE_IDENTITY,Contractors,UNSURE
FZ-02615-266247-270271,f1c6b338-013a-4c13-b12b-7665da580dcb,991cff34-52f0-4ac1-975c-7de12214bd78,NO_VERIFIABLE_IDENTITY,NO_VERIFIABLE_IDENTITY,Contractors,UNSURE
FZ-02616-270271-277168,991cff34-52f0-4ac1-975c-7de12214bd78,bd97457c-3944-4fc9-b24b-431a0a808585,NO_VERIFIABLE_IDENTITY,NO_VERIFIABLE_IDENTITY,Contractors,UNSURE
FZ-02617-279391-280087,3edcd192-0fbd-433d-8cf3-540a1b0f00a8,aa9405ff-fbdc-4873-a091-d01708d528be,NO_VERIFIABLE_IDENTITY,NO_VERIFIABLE_IDENTITY,Contractors,UNSURE
FZ-02618-243071-246076,2363bfa8-d9bf-4188-9ce8-27bf4461bce2,6d960140-b051-4825-b0dd-77c931f79cfb,NO_VERIFIABLE_IDENTITY,NO_VERIFIABLE_IDENTITY,Contractors,UNSURE
FZ-02619-243071-278712,2363bfa8-d9bf-4188-9ce8-27bf4461bce2,9b08dfbf-e52b-4d10-af9a-cd3bfafee6fc,NO_VERIFIABLE_IDENTITY,NO_VERIFIABLE_IDENTITY,Contractors,UNSURE
FZ-02620-246076-278712,6d960140-b051-4825-b0dd-77c931f79cfb,9b08dfbf-e52b-4d10-af9a-cd3bfafee6fc,NO_VERIFIABLE_IDENTITY,NO_VERIFIABLE_IDENTITY,Contractors,UNSURE
FZ-02621-227500-230457,52b6f795-3c2c-47dc-bd5d-948d7d532780,21a68c0a-1c5f-4202-9919-3df8d48e8c09,REVIEW_REQUIRED,NO_VERIFIABLE_IDENTITY,Contractors,UNSURE
FZ-02622-240598-243382,ecf022c9-09e2-4bf5-b540-26a60bca0b9e,a7a52d4d-5668-4470-ae80-a6763243681f,NO_VERIFIABLE_IDENTITY,NO_VERIFIABLE_IDENTITY,Contractors,UNSURE
FZ-02623-245685-263580,5e6ef6a3-7b5e-4389-94c7-8795c4496696,bed379cb-d536-4d46-9ab8-ddeb32ccdf5a,NO_VERIFIABLE_IDENTITY,NO_VERIFIABLE_IDENTITY,Contractors,UNSURE
FZ-02624-250921-265113,56c5e2b0-239f-446a-ab17-4273bb7d0e9a,23a9b3cc-ae0a-4627-b256-d4908133e1fb,NO_VERIFIABLE_IDENTITY,NO_VERIFIABLE_IDENTITY,Contractors,UNSURE
FZ-02625-265113-271464,23a9b3cc-ae0a-4627-b256-d4908133e1fb,d3d2ddd1-b115-404f-bc2b-a968fd46582b,NO_VERIFIABLE_IDENTITY,NO_VERIFIABLE_IDENTITY,Contractors,UNSURE
FZ-02626-239512-245946,966bf733-be91-4af9-8d27-afd123bf5d74,851c7dc3-8882-487f-af16-3ff3d9373ae7,NO_VERIFIABLE_IDENTITY,REVIEW_REQUIRED,Contractors,UNSURE
FZ-02627-258318-264331,fd6b58c4-ad8f-4116-9764-1c1d4dcd9fd6,3a078c00-8128-43c3-8c3c-4a18e407b005,NO_VERIFIABLE_IDENTITY,NO_VERIFIABLE_IDENTITY,Contractors,UNSURE
FZ-02628-227213-265512,bf7c0968-f76c-456f-9d53-2a809259d326,f7c0c238-eb16-4abb-9fba-e0a3de1c9f9b,NO_VERIFIABLE_IDENTITY,NO_VERIFIABLE_IDENTITY,Contractors,UNSURE
FZ-02629-225531-249754,7f621743-cab2-4491-8b4b-1fbac07dd9f4,34dee693-1476-454d-b6cd-8641fc7dbca6,NO_VERIFIABLE_IDENTITY,NO_VERIFIABLE_IDENTITY,Contractors,UNSURE
FZ-02630-230423-259825,21964056-2fff-4497-a43b-bd4e2c9d9a0b,9c8eadca-d7f1-4b87-906d-58ac2d6a13ee,NO_VERIFIABLE_IDENTITY,NO_VERIFIABLE_IDENTITY,Contractors,UNSURE
FZ-02631-236402-272085,ee719e5d-1c25-41cb-a621-b49edf2da283,1b163a46-1def-4651-b020-098b765cfb2b,NO_VERIFIABLE_IDENTITY,NO_VERIFIABLE_IDENTITY,Contractors,UNSURE
FZ-02632-228617-275357,412ab7e5-e6ef-4fdb-acf4-ce1eab09d12f,3914f750-b93b-4e4d-b168-03930e95b093,NO_VERIFIABLE_IDENTITY,REVIEW_REQUIRED,Contractors,UNSURE
FZ-02633-273113-281253,9ff2a9b5-883f-42cd-bee2-eb29a1eb65f2,2fc70fdc-2d24-4bca-8b34-2e048c36dd79,NO_VERIFIABLE_IDENTITY,NO_VERIFIABLE_IDENTITY,Contractors,UNSURE
FZ-02634-251426-266379,52d4567f-6129-4d78-91de-3c78967c3944,482c5ccc-263f-4364-80d9-0cc11a9579cd,NO_VERIFIABLE_IDENTITY,NO_VERIFIABLE_IDENTITY,Contractors,UNSURE
FZ-02635-230445-255295,d73a3be4-41fb-455b-87a0-2d61b6c216d4,6999bc98-3df7-4f8f-8575-447084f5c7f8,NO_VERIFIABLE_IDENTITY,NO_VERIFIABLE_IDENTITY,Contractors,UNSURE
FZ-02636-236431-274387,5c57c0f1-77a3-4875-a2f5-3764187873f9,c8e54384-a8f9-424d-a637-61cec236f4cc,NO_VERIFIABLE_IDENTITY,NO_VERIFIABLE_IDENTITY,Contractors,UNSURE
FZ-02637-274186-279772,118f109b-100b-4aa6-b937-3b1ab83f96d0,a6dd2071-add8-4d35-8cb9-72b6c4bbd691,NO_VERIFIABLE_IDENTITY,NO_VERIFIABLE_IDENTITY,Contractors,UNSURE
FZ-02638-232167-241347,7c2a8ca6-b909-4c7c-8168-c5fd5feff8e4,417c7756-ac46-4841-8613-6e571a52d328,NO_VERIFIABLE_IDENTITY,NO_VERIFIABLE_IDENTITY,Contractors,UNSURE
FZ-02639-258314-280046,25b4a1db-4a08-45ab-83a3-4ca1415090ac,2cf02bfb-9e7e-44a2-a5cf-36842b9accae,NO_VERIFIABLE_IDENTITY,NO_VERIFIABLE_IDENTITY,Contractors,UNSURE
FZ-02640-234062-262104,68898511-cebc-4741-8c77-3c7226084b57,5309dc93-1692-4560-a230-348ab39e7a91,NO_VERIFIABLE_IDENTITY,NO_VERIFIABLE_IDENTITY,Contractors,UNSURE
FZ-02641-239060-269848,1b07edeb-5825-4729-bb81-22146d260487,7b7af047-2792-4394-8f14-64e33ac4964a,NO_VERIFIABLE_IDENTITY,NO_VERIFIABLE_IDENTITY,Contractors,UNSURE
FZ-02642-243911-245246,fef95aa6-7622-4876-81c0-79aab8c5f0b3,39a4d79f-f437-4211-a3e4-49d1ab426c60,NO_VERIFIABLE_IDENTITY,NO_VERIFIABLE_IDENTITY,Contractors,UNSURE
FZ-02643-246674-257990,cbf089db-d3fb-4e92-87cf-831ec5774838,2eee430b-51bc-4db7-868c-3fd3c4215b05,NO_VERIFIABLE_IDENTITY,NO_VERIFIABLE_IDENTITY,Contractors,UNSURE
FZ-02644-225332-248414,d8fe44c4-4971-4d1a-956c-9511fcba4ae3,8ab7af23-6ffa-4273-bfd7-367a8bf7d0e5,NO_VERIFIABLE_IDENTITY,NO_VERIFIABLE_IDENTITY,Contractors,UNSURE
FZ-02645-232674-256052,01e79e9f-f138-4597-b024-67dfa60bae0d,b135b091-9bd6-4329-aaf3-7fdd4e0d8817,NO_VERIFIABLE_IDENTITY,NO_VERIFIABLE_IDENTITY,Contractors,UNSURE
FZ-02646-232674-260732,01e79e9f-f138-4597-b024-67dfa60bae0d,914fab0b-098e-4932-9a47-3726eb699bd4,NO_VERIFIABLE_IDENTITY,NO_VERIFIABLE_IDENTITY,Contractors,UNSURE
FZ-02647-235994-275970,7d0a6d32-052d-4335-b954-0d6cb609367e,7671c955-e1b3-4eaf-abf3-79964beccf6b,NO_VERIFIABLE_IDENTITY,NO_VERIFIABLE_IDENTITY,Contractors,UNSURE
FZ-02648-238520-275970,8f8e200b-9125-4489-9418-6f6332f24da9,7671c955-e1b3-4eaf-abf3-79964beccf6b,NO_VERIFIABLE_IDENTITY,NO_VERIFIABLE_IDENTITY,Contractors,UNSURE
FZ-02649-249918-258360,dac3d108-98c3-48b0-9f2a-ca2c391170cc,1070ceb9-3a3b-4aac-9697-c88dc8e5ce45,NO_VERIFIABLE_IDENTITY,NO_VERIFIABLE_IDENTITY,Contractors,UNSURE
FZ-02650-249918-270223,dac3d108-98c3-48b0-9f2a-ca2c391170cc,733dacc5-2af2-4ffe-9110-76da9b752b1f,NO_VERIFIABLE_IDENTITY,NO_VERIFIABLE_IDENTITY,Contractors,UNSURE
FZ-02651-233749-253611,0cbe0463-41e7-4bd9-a459-94fa575ea533,16e49023-995c-4b73-bb3e-8851cd2d4281,NO_VERIFIABLE_IDENTITY,NO_VERIFIABLE_IDENTITY,Contractors,UNSURE
FZ-02652-302704-556664,895f144a-ed1c-44b7-8fb9-011314f80342,,DETERMINISTIC_SINGLE_SOURCE,,SFDA,ESCALATE
FZ-02653-225570-234346,b9bf9dd8-446f-40e7-a25f-be02e2bec56d,1afd9728-8cdf-48bc-954c-99e33acca57a,NO_VERIFIABLE_IDENTITY,NO_VERIFIABLE_IDENTITY,Contractors,UNSURE
FZ-02654-232696-264520,3793eb35-b99a-4d45-af51-742e4452c056,c9fba201-3150-4ddb-b242-96553674b06d,NO_VERIFIABLE_IDENTITY,NO_VERIFIABLE_IDENTITY,Contractors,UNSURE
FZ-02655-259434-276702,d440d9a1-bf1e-4c09-b795-32f11ed5a54e,773fac89-21b6-4c2d-a2b8-84bf99dbb24f,NO_VERIFIABLE_IDENTITY,NO_VERIFIABLE_IDENTITY,Contractors,UNSURE
FZ-02656-232768-276949,4a4fc07e-08a9-477c-9336-7bd71bffdd4d,66ab9766-d785-44c7-959d-c757cf69cfa9,NO_VERIFIABLE_IDENTITY,REVIEW_REQUIRED,Contractors,UNSURE
FZ-02657-225445-262652,defdf473-73cc-469d-b646-8d2303605408,cf885260-9bd5-4d54-90e3-7cea96d99ce9,NO_VERIFIABLE_IDENTITY,NO_VERIFIABLE_IDENTITY,Contractors,UNSURE
FZ-02658-225792-249154,61ba18e7-7d7f-4faa-8e24-44877df4dc48,0a069dcd-7a6e-482a-bd2d-bc829b2527a6,NO_VERIFIABLE_IDENTITY,NO_VERIFIABLE_IDENTITY,Contractors,UNSURE
FZ-02659-228588-271520,1e67f33b-958f-4c48-b0bb-43db9853e6f0,14c7ab31-b965-4a72-8118-c2501f7a3a9b,NO_VERIFIABLE_IDENTITY,REVIEW_REQUIRED,Contractors,UNSURE
FZ-02660-249807-279523,c566def7-600b-4ef8-9e3b-1770f71d1728,fcb545ff-3dfc-4610-922c-6f39c18f15d6,NO_VERIFIABLE_IDENTITY,NO_VERIFIABLE_IDENTITY,Contractors,UNSURE
FZ-02661-282743-283097,6c51affe-ebd8-40fa-a755-a0a7224fc4bb,90f32a7b-06c9-4da7-97c6-043d64fc8052,REVIEW_REQUIRED,REVIEW_REQUIRED,Suppliers,UNSURE
